{"v":"4.6.0","fr":60,"ip":0,"op":160,"w":666,"h":666,"nm":"100percent_vector 2","ddd":0,"assets":[{"id":"comp_0","layers":[{"ddd":0,"ind":1,"ty":4,"nm":"person/100percent Outlines 2","ks":{"o":{"a":0,"k":100},"r":{"a":1,"k":[{"i":{"x":[0.833],"y":[0.833]},"o":{"x":[0.167],"y":[0.167]},"n":["0p833_0p833_0p167_0p167"],"t":60,"s":[720],"e":[720]},{"i":{"x":[0.833],"y":[0.833]},"o":{"x":[0.167],"y":[0.167]},"n":["0p833_0p833_0p167_0p167"],"t":68,"s":[720],"e":[720]},{"t":75}]},"p":{"a":1,"k":[{"i":{"x":0.833,"y":0.833},"o":{"x":0.167,"y":0.167},"n":"0p833_0p833_0p167_0p167","t":60,"s":[203,223,0],"e":[203,214.75,0],"to":[0,-1.375,0],"ti":[0,0,0]},{"i":{"x":0.833,"y":0.833},"o":{"x":0.167,"y":0.167},"n":"0p833_0p833_0p167_0p167","t":68,"s":[203,214.75,0],"e":[203,223,0],"to":[0,0,0],"ti":[0,-1.375,0]},{"t":75}]},"a":{"a":0,"k":[11.5,16.5,0]},"s":{"a":0,"k":[292.687,292.687,100]}},"ao":0,"shapes":[{"ty":"gr","it":[{"ind":0,"ty":"sh","ks":{"a":0,"k":{"i":[[0.668,0.011],[0.011,-0.666],[0,0],[0,0],[0,0],[0,0],[0,0],[0,0],[0.122,-0.55],[0.002,-0.083],[0,0],[-0.667,-0.011],[-0.011,0.667],[0,0],[0,0],[0,0],[0.001,-0.038],[0,0],[-0.669,-0.011],[-0.011,0.667],[0,0],[0,0],[-0.125,-0.003],[0,0],[0,0],[-0.669,-0.012],[-0.012,0.667],[0,0],[0.004,0.047],[-0.001,0.047],[0.667,0.011],[0,0],[0,0],[0,0],[-0.011,0.669],[0,0]],"o":[[-0.667,-0.012],[0,0],[0,0],[0,0],[0,0],[0,0],[0,0],[-0.585,-0.01],[-0.017,0.078],[0,0],[-0.011,0.667],[0.669,0.013],[0,0],[0,0],[0,0],[-0.004,0.037],[0,0],[-0.013,0.668],[0.667,0.012],[0,0],[0,0],[0.113,0.036],[0,0],[0,0],[-0.012,0.666],[0.667,0.011],[0,0],[0.001,-0.049],[0.006,-0.045],[0.012,-0.667],[0,0],[0,0],[0,0],[0.668,0.012],[0,0],[0.011,-0.667]],"v":[[6.151,-12.358],[4.922,-11.171],[4.839,-6.357],[2.708,-6.393],[1.495,-6.414],[-1.452,-6.465],[-2.651,-6.486],[-6.005,-6.544],[-7.207,-5.599],[-7.236,-5.355],[-7.34,0.668],[-6.152,1.897],[-4.922,0.71],[-4.837,-4.105],[-2.692,-4.067],[-2.764,0.068],[-2.777,0.18],[-2.966,11.128],[-1.778,12.358],[-0.549,11.17],[-0.382,1.577],[1.608,1.613],[1.964,1.679],[3.489,1.705],[3.458,3.508],[4.647,4.737],[5.876,3.55],[5.923,0.816],[5.911,0.673],[5.927,0.537],[4.739,-0.693],[2.61,-0.73],[2.666,-3.975],[6.005,-3.917],[7.235,-5.105],[7.34,-11.129]],"c":true}},"nm":"Path 1","mn":"ADBE Vector Shape - Group"},{"ty":"st","c":{"a":0,"k":[0,0,0,1]},"o":{"a":0,"k":100},"w":{"a":0,"k":1.5},"lc":2,"lj":2,"nm":"Stroke 1","mn":"ADBE Vector Graphic - Stroke"},{"ty":"fl","c":{"a":0,"k":[1,1,1,1]},"o":{"a":0,"k":100},"r":1,"nm":"Fill 1","mn":"ADBE Vector Graphic - Fill"},{"ty":"tr","p":{"a":0,"k":[11.101,16.12],"ix":2},"a":{"a":0,"k":[0,0],"ix":1},"s":{"a":0,"k":[100,100],"ix":3},"r":{"a":0,"k":0,"ix":6},"o":{"a":0,"k":100,"ix":7},"sk":{"a":0,"k":0,"ix":4},"sa":{"a":0,"k":0,"ix":5},"nm":"Transform"}],"nm":"Group 1","np":3,"mn":"ADBE Vector Group"},{"ty":"gr","it":[{"ind":0,"ty":"sh","ks":{"a":0,"k":{"i":[[0.019,-1.107],[1.108,0.02],[-0.019,1.108],[-1.108,-0.018]],"o":[[-0.02,1.108],[-1.107,-0.018],[0.019,-1.108],[1.108,0.021]],"v":[[2.007,0.035],[-0.036,2.006],[-2.007,-0.035],[0.035,-2.008]],"c":true}},"nm":"Path 1","mn":"ADBE Vector Shape - Group"},{"ty":"st","c":{"a":0,"k":[0,0,0,1]},"o":{"a":0,"k":100},"w":{"a":0,"k":1.5},"lc":2,"lj":2,"nm":"Stroke 1","mn":"ADBE Vector Graphic - Stroke"},{"ty":"fl","c":{"a":0,"k":[0.929,0.745,0.216,1]},"o":{"a":0,"k":100},"r":1,"nm":"Fill 1","mn":"ADBE Vector Graphic - Fill"},{"ty":"tr","p":{"a":0,"k":[11.353,5.974],"ix":2},"a":{"a":0,"k":[0,0],"ix":1},"s":{"a":0,"k":[100,100],"ix":3},"r":{"a":0,"k":0,"ix":6},"o":{"a":0,"k":100,"ix":7},"sk":{"a":0,"k":0,"ix":4},"sa":{"a":0,"k":0,"ix":5},"nm":"Transform"}],"nm":"Group 2","np":3,"mn":"ADBE Vector Group"}],"ip":60,"op":120,"st":0,"bm":0,"sr":1},{"ddd":0,"ind":2,"ty":4,"nm":"person/100percent Outlines 3","ks":{"o":{"a":0,"k":100},"r":{"a":1,"k":[{"i":{"x":[0.833],"y":[0.833]},"o":{"x":[0.167],"y":[0.167]},"n":["0p833_0p833_0p167_0p167"],"t":120,"s":[0],"e":[720]},{"t":180}]},"p":{"a":1,"k":[{"i":{"x":0.833,"y":1},"o":{"x":0.167,"y":0},"n":"0p833_1_0p167_0","t":120,"s":[203,223,0],"e":[-64,67,0],"to":[-44.5,-26,0],"ti":[-51.4439506530762,3.12570834159851,0]},{"t":148}]},"a":{"a":0,"k":[11.5,16.5,0]},"s":{"a":0,"k":[292.687,292.687,100]}},"ao":0,"shapes":[{"ty":"gr","it":[{"ind":0,"ty":"sh","ks":{"a":0,"k":{"i":[[0.668,0.011],[0.011,-0.666],[0,0],[0,0],[0,0],[0,0],[0,0],[0,0],[0.122,-0.55],[0.002,-0.083],[0,0],[-0.667,-0.011],[-0.011,0.667],[0,0],[0,0],[0,0],[0.001,-0.038],[0,0],[-0.669,-0.011],[-0.011,0.667],[0,0],[0,0],[-0.125,-0.003],[0,0],[0,0],[-0.669,-0.012],[-0.012,0.667],[0,0],[0.004,0.047],[-0.001,0.047],[0.667,0.011],[0,0],[0,0],[0,0],[-0.011,0.669],[0,0]],"o":[[-0.667,-0.012],[0,0],[0,0],[0,0],[0,0],[0,0],[0,0],[-0.585,-0.01],[-0.017,0.078],[0,0],[-0.011,0.667],[0.669,0.013],[0,0],[0,0],[0,0],[-0.004,0.037],[0,0],[-0.013,0.668],[0.667,0.012],[0,0],[0,0],[0.113,0.036],[0,0],[0,0],[-0.012,0.666],[0.667,0.011],[0,0],[0.001,-0.049],[0.006,-0.045],[0.012,-0.667],[0,0],[0,0],[0,0],[0.668,0.012],[0,0],[0.011,-0.667]],"v":[[6.151,-12.358],[4.922,-11.171],[4.839,-6.357],[2.708,-6.393],[1.495,-6.414],[-1.452,-6.465],[-2.651,-6.486],[-6.005,-6.544],[-7.207,-5.599],[-7.236,-5.355],[-7.34,0.668],[-6.152,1.897],[-4.922,0.71],[-4.837,-4.105],[-2.692,-4.067],[-2.764,0.068],[-2.777,0.18],[-2.966,11.128],[-1.778,12.358],[-0.549,11.17],[-0.382,1.577],[1.608,1.613],[1.964,1.679],[3.489,1.705],[3.458,3.508],[4.647,4.737],[5.876,3.55],[5.923,0.816],[5.911,0.673],[5.927,0.537],[4.739,-0.693],[2.61,-0.73],[2.666,-3.975],[6.005,-3.917],[7.235,-5.105],[7.34,-11.129]],"c":true}},"nm":"Path 1","mn":"ADBE Vector Shape - Group"},{"ty":"st","c":{"a":0,"k":[0,0,0,1]},"o":{"a":0,"k":100},"w":{"a":0,"k":1.5},"lc":2,"lj":2,"nm":"Stroke 1","mn":"ADBE Vector Graphic - Stroke"},{"ty":"fl","c":{"a":0,"k":[1,1,1,1]},"o":{"a":0,"k":100},"r":1,"nm":"Fill 1","mn":"ADBE Vector Graphic - Fill"},{"ty":"tr","p":{"a":0,"k":[11.101,16.12],"ix":2},"a":{"a":0,"k":[0,0],"ix":1},"s":{"a":0,"k":[100,100],"ix":3},"r":{"a":0,"k":0,"ix":6},"o":{"a":0,"k":100,"ix":7},"sk":{"a":0,"k":0,"ix":4},"sa":{"a":0,"k":0,"ix":5},"nm":"Transform"}],"nm":"Group 1","np":3,"mn":"ADBE Vector Group"},{"ty":"gr","it":[{"ind":0,"ty":"sh","ks":{"a":0,"k":{"i":[[0.019,-1.107],[1.108,0.02],[-0.019,1.108],[-1.108,-0.018]],"o":[[-0.02,1.108],[-1.107,-0.018],[0.019,-1.108],[1.108,0.021]],"v":[[2.007,0.035],[-0.036,2.006],[-2.007,-0.035],[0.035,-2.008]],"c":true}},"nm":"Path 1","mn":"ADBE Vector Shape - Group"},{"ty":"st","c":{"a":0,"k":[0,0,0,1]},"o":{"a":0,"k":100},"w":{"a":0,"k":1.5},"lc":2,"lj":2,"nm":"Stroke 1","mn":"ADBE Vector Graphic - Stroke"},{"ty":"fl","c":{"a":0,"k":[0.929,0.745,0.216,1]},"o":{"a":0,"k":100},"r":1,"nm":"Fill 1","mn":"ADBE Vector Graphic - Fill"},{"ty":"tr","p":{"a":0,"k":[11.353,5.974],"ix":2},"a":{"a":0,"k":[0,0],"ix":1},"s":{"a":0,"k":[100,100],"ix":3},"r":{"a":0,"k":0,"ix":6},"o":{"a":0,"k":100,"ix":7},"sk":{"a":0,"k":0,"ix":4},"sa":{"a":0,"k":0,"ix":5},"nm":"Transform"}],"nm":"Group 2","np":3,"mn":"ADBE Vector Group"}],"ip":120,"op":148,"st":120,"bm":0,"sr":1},{"ddd":0,"ind":3,"ty":4,"nm":"person/100percent Outlines","ks":{"o":{"a":0,"k":100},"r":{"a":1,"k":[{"i":{"x":[0.833],"y":[0.833]},"o":{"x":[0.167],"y":[0.167]},"n":["0p833_0p833_0p167_0p167"],"t":0,"s":[0],"e":[720]},{"t":60}]},"p":{"a":1,"k":[{"i":{"x":0.667,"y":1},"o":{"x":0.333,"y":0},"n":"0p667_1_0p333_0","t":28,"s":[-64,67,0],"e":[203,223,0],"to":[197.5,-12,0],"ti":[-44.5,-26,0]},{"t":60}]},"a":{"a":0,"k":[11.5,16.5,0]},"s":{"a":0,"k":[292.687,292.687,100]}},"ao":0,"shapes":[{"ty":"gr","it":[{"ind":0,"ty":"sh","ks":{"a":0,"k":{"i":[[0.668,0.011],[0.011,-0.666],[0,0],[0,0],[0,0],[0,0],[0,0],[0,0],[0.122,-0.55],[0.002,-0.083],[0,0],[-0.667,-0.011],[-0.011,0.667],[0,0],[0,0],[0,0],[0.001,-0.038],[0,0],[-0.669,-0.011],[-0.011,0.667],[0,0],[0,0],[-0.125,-0.003],[0,0],[0,0],[-0.669,-0.012],[-0.012,0.667],[0,0],[0.004,0.047],[-0.001,0.047],[0.667,0.011],[0,0],[0,0],[0,0],[-0.011,0.669],[0,0]],"o":[[-0.667,-0.012],[0,0],[0,0],[0,0],[0,0],[0,0],[0,0],[-0.585,-0.01],[-0.017,0.078],[0,0],[-0.011,0.667],[0.669,0.013],[0,0],[0,0],[0,0],[-0.004,0.037],[0,0],[-0.013,0.668],[0.667,0.012],[0,0],[0,0],[0.113,0.036],[0,0],[0,0],[-0.012,0.666],[0.667,0.011],[0,0],[0.001,-0.049],[0.006,-0.045],[0.012,-0.667],[0,0],[0,0],[0,0],[0.668,0.012],[0,0],[0.011,-0.667]],"v":[[6.151,-12.358],[4.922,-11.171],[4.839,-6.357],[2.708,-6.393],[1.495,-6.414],[-1.452,-6.465],[-2.651,-6.486],[-6.005,-6.544],[-7.207,-5.599],[-7.236,-5.355],[-7.34,0.668],[-6.152,1.897],[-4.922,0.71],[-4.837,-4.105],[-2.692,-4.067],[-2.764,0.068],[-2.777,0.18],[-2.966,11.128],[-1.778,12.358],[-0.549,11.17],[-0.382,1.577],[1.608,1.613],[1.964,1.679],[3.489,1.705],[3.458,3.508],[4.647,4.737],[5.876,3.55],[5.923,0.816],[5.911,0.673],[5.927,0.537],[4.739,-0.693],[2.61,-0.73],[2.666,-3.975],[6.005,-3.917],[7.235,-5.105],[7.34,-11.129]],"c":true}},"nm":"Path 1","mn":"ADBE Vector Shape - Group"},{"ty":"st","c":{"a":0,"k":[0,0,0,1]},"o":{"a":0,"k":100},"w":{"a":0,"k":1.5},"lc":2,"lj":2,"nm":"Stroke 1","mn":"ADBE Vector Graphic - Stroke"},{"ty":"fl","c":{"a":0,"k":[1,1,1,1]},"o":{"a":0,"k":100},"r":1,"nm":"Fill 1","mn":"ADBE Vector Graphic - Fill"},{"ty":"tr","p":{"a":0,"k":[11.101,16.12],"ix":2},"a":{"a":0,"k":[0,0],"ix":1},"s":{"a":0,"k":[100,100],"ix":3},"r":{"a":0,"k":0,"ix":6},"o":{"a":0,"k":100,"ix":7},"sk":{"a":0,"k":0,"ix":4},"sa":{"a":0,"k":0,"ix":5},"nm":"Transform"}],"nm":"Group 1","np":3,"mn":"ADBE Vector Group"},{"ty":"gr","it":[{"ind":0,"ty":"sh","ks":{"a":0,"k":{"i":[[0.019,-1.107],[1.108,0.02],[-0.019,1.108],[-1.108,-0.018]],"o":[[-0.02,1.108],[-1.107,-0.018],[0.019,-1.108],[1.108,0.021]],"v":[[2.007,0.035],[-0.036,2.006],[-2.007,-0.035],[0.035,-2.008]],"c":true}},"nm":"Path 1","mn":"ADBE Vector Shape - Group"},{"ty":"st","c":{"a":0,"k":[0,0,0,1]},"o":{"a":0,"k":100},"w":{"a":0,"k":1.5},"lc":2,"lj":2,"nm":"Stroke 1","mn":"ADBE Vector Graphic - Stroke"},{"ty":"fl","c":{"a":0,"k":[0.929,0.745,0.216,1]},"o":{"a":0,"k":100},"r":1,"nm":"Fill 1","mn":"ADBE Vector Graphic - Fill"},{"ty":"tr","p":{"a":0,"k":[11.353,5.974],"ix":2},"a":{"a":0,"k":[0,0],"ix":1},"s":{"a":0,"k":[100,100],"ix":3},"r":{"a":0,"k":0,"ix":6},"o":{"a":0,"k":100,"ix":7},"sk":{"a":0,"k":0,"ix":4},"sa":{"a":0,"k":0,"ix":5},"nm":"Transform"}],"nm":"Group 2","np":3,"mn":"ADBE Vector Group"}],"ip":0,"op":60,"st":0,"bm":0,"sr":1},{"ddd":0,"ind":4,"ty":4,"nm":"bright/100percent Outlines","ks":{"o":{"a":0,"k":100},"r":{"a":0,"k":0},"p":{"a":0,"k":[203,216,0]},"a":{"a":0,"k":[23,22.5,0]},"s":{"a":1,"k":[{"i":{"x":[0.17,0.17,0.667],"y":[1,1,0.667]},"o":{"x":[0.894,0.894,0.333],"y":[0,0,0.333]},"n":["0p17_1_0p894_0","0p17_1_0p894_0","0p667_0p667_0p333_0p333"],"t":68,"s":[3.138,3.138,100],"e":[292.687,292.687,100]},{"i":{"x":[0.17,0.17,0.667],"y":[0.17,0.17,0.667]},"o":{"x":[0.333,0.333,0.333],"y":[0.333,0.333,0.333]},"n":["0p17_0p17_0p333_0p333","0p17_0p17_0p333_0p333","0p667_0p667_0p333_0p333"],"t":84,"s":[292.687,292.687,100],"e":[292.687,292.687,100]},{"i":{"x":[0.667,0.667,0.667],"y":[1,1,0.667]},"o":{"x":[0.333,0.333,0.333],"y":[0,0,0.333]},"n":["0p667_1_0p333_0","0p667_1_0p333_0","0p667_0p667_0p333_0p333"],"t":120,"s":[292.687,292.687,100],"e":[3.138,3.138,100]},{"t":135}]}},"ao":0,"shapes":[{"ty":"gr","it":[{"ind":0,"ty":"sh","ks":{"a":0,"k":{"i":[[0,0],[0,0],[0,0],[0,0],[0,0],[0,0],[0,0],[0,0],[0,0],[0,0],[0,0],[0,0],[0,0],[0,0],[0,0],[0,0],[0,0],[0,0],[0,0],[0,0],[0,0],[0,0],[0,0],[0,0],[0,0],[0,0],[0,0],[0,0],[0,0],[0,0],[0,0],[0,0],[0,0],[0,0],[0,0],[0,0],[0,0],[0,0],[0,0],[0,0],[0,0],[0,0],[0,0],[0,0],[0,0],[0,0],[0,0],[0,0],[0,0],[0,0],[0,0],[0,0],[0,0],[0,0],[0,0],[0,0],[0,0],[0,0],[0,0],[0,0]],"o":[[0,0],[0,0],[0,0],[0,0],[0,0],[0,0],[0,0],[0,0],[0,0],[0,0],[0,0],[0,0],[0,0],[0,0],[0,0],[0,0],[0,0],[0,0],[0,0],[0,0],[0,0],[0,0],[0,0],[0,0],[0,0],[0,0],[0,0],[0,0],[0,0],[0,0],[0,0],[0,0],[0,0],[0,0],[0,0],[0,0],[0,0],[0,0],[0,0],[0,0],[0,0],[0,0],[0,0],[0,0],[0,0],[0,0],[0,0],[0,0],[0,0],[0,0],[0,0],[0,0],[0,0],[0,0],[0,0],[0,0],[0,0],[0,0],[0,0],[0,0]],"v":[[0,-4.451],[2.326,-22.132],[0.926,-4.354],[6.877,-21.165],[1.811,-4.066],[11.127,-19.273],[2.617,-3.601],[14.891,-16.538],[3.309,-2.978],[18.004,-13.081],[3.855,-2.226],[20.33,-9.052],[4.233,-1.376],[21.768,-4.627],[4.427,-0.466],[22.254,0],[4.427,0.465],[21.768,4.627],[4.233,1.375],[20.33,9.051],[3.855,2.225],[18.004,13.08],[3.309,2.978],[14.891,16.537],[2.617,3.601],[11.127,19.272],[1.811,4.066],[6.877,21.164],[0.926,4.353],[2.326,22.132],[0,4.45],[-2.326,22.132],[-0.925,4.353],[-6.877,21.164],[-1.811,4.066],[-11.127,19.272],[-2.615,3.601],[-14.891,16.537],[-3.307,2.978],[-18.004,13.08],[-3.854,2.225],[-20.33,9.051],[-4.232,1.375],[-21.768,4.627],[-4.426,0.465],[-22.254,0],[-4.426,-0.466],[-21.768,-4.627],[-4.232,-1.376],[-20.33,-9.052],[-3.854,-2.226],[-18.004,-13.081],[-3.307,-2.978],[-14.891,-16.538],[-2.615,-3.601],[-11.127,-19.273],[-1.811,-4.066],[-6.877,-21.165],[-0.925,-4.354],[-2.326,-22.132]],"c":true}},"nm":"Path 1","mn":"ADBE Vector Shape - Group"},{"ty":"fl","c":{"a":0,"k":[1,0.925,0.251,1]},"o":{"a":0,"k":100},"r":1,"nm":"Fill 1","mn":"ADBE Vector Graphic - Fill"},{"ty":"tr","p":{"a":0,"k":[22.504,22.382],"ix":2},"a":{"a":0,"k":[0,0],"ix":1},"s":{"a":0,"k":[100,100],"ix":3},"r":{"a":0,"k":0,"ix":6},"o":{"a":0,"k":100,"ix":7},"sk":{"a":0,"k":0,"ix":4},"sa":{"a":0,"k":0,"ix":5},"nm":"Transform"}],"nm":"Group 1","np":2,"mn":"ADBE Vector Group"}],"ip":0,"op":160,"st":0,"bm":0,"sr":1},{"ddd":0,"ind":5,"ty":4,"nm":"mountain/100percent Outlines","ks":{"o":{"a":0,"k":100},"r":{"a":0,"k":0},"p":{"a":1,"k":[{"i":{"x":0.667,"y":1},"o":{"x":0.167,"y":0.167},"n":"0p667_1_0p167_0p167","t":0,"s":[197,929,0],"e":[197,471,0],"to":[0,-76.3333358764648,0],"ti":[0,76.3333358764648,0]},{"i":{"x":0.667,"y":0.667},"o":{"x":0.333,"y":0.333},"n":"0p667_0p667_0p333_0p333","t":45,"s":[197,471,0],"e":[197,471,0],"to":[0,0,0],"ti":[0,0,0]},{"i":{"x":0.667,"y":1},"o":{"x":0.333,"y":0},"n":"0p667_1_0p333_0","t":120,"s":[197,471,0],"e":[197,929,0],"to":[0,76.3333358764648,0],"ti":[0,-76.3333358764648,0]},{"t":159}]},"a":{"a":0,"k":[95.5,80,0]},"s":{"a":0,"k":[292.687,292.687,100]}},"ao":0,"shapes":[{"ty":"gr","it":[{"ind":0,"ty":"sh","ks":{"a":0,"k":{"i":[[0,0],[0,0]],"o":[[0,0],[0,0]],"v":[[105.115,26.531],[105.115,33.89]],"c":false}},"nm":"Path 1","mn":"ADBE Vector Shape - Group"},{"ty":"st","c":{"a":0,"k":[0,0,0,1]},"o":{"a":0,"k":100},"w":{"a":0,"k":2},"lc":2,"lj":2,"nm":"Stroke 1","mn":"ADBE Vector Graphic - Stroke"},{"ty":"tr","p":{"a":0,"k":[0,0],"ix":2},"a":{"a":0,"k":[0,0],"ix":1},"s":{"a":0,"k":[100,100],"ix":3},"r":{"a":0,"k":0,"ix":6},"o":{"a":0,"k":100,"ix":7},"sk":{"a":0,"k":0,"ix":4},"sa":{"a":0,"k":0,"ix":5},"nm":"Transform"}],"nm":"Group 1","np":2,"mn":"ADBE Vector Group"},{"ty":"gr","it":[{"ind":0,"ty":"sh","ks":{"a":0,"k":{"i":[[0,0],[-2.5,0],[-2.105,1.019],[0,0]],"o":[[2.109,1.019],[2.496,0],[0,0],[0,0]],"v":[[-6.954,4.955],[0.002,6.558],[6.954,4.955],[0.002,-6.558]],"c":true}},"nm":"Path 1","mn":"ADBE Vector Shape - Group"},{"ty":"st","c":{"a":0,"k":[0,0,0,1]},"o":{"a":0,"k":100},"w":{"a":0,"k":2},"lc":2,"lj":2,"nm":"Stroke 1","mn":"ADBE Vector Graphic - Stroke"},{"ty":"fl","c":{"a":0,"k":[0.114,0.659,0.055,1]},"o":{"a":0,"k":100},"r":1,"nm":"Fill 1","mn":"ADBE Vector Graphic - Fill"},{"ty":"tr","p":{"a":0,"k":[105.113,19.995],"ix":2},"a":{"a":0,"k":[0,0],"ix":1},"s":{"a":0,"k":[100,100],"ix":3},"r":{"a":0,"k":0,"ix":6},"o":{"a":0,"k":100,"ix":7},"sk":{"a":0,"k":0,"ix":4},"sa":{"a":0,"k":0,"ix":5},"nm":"Transform"}],"nm":"Group 2","np":3,"mn":"ADBE Vector Group"},{"ty":"gr","it":[{"ind":0,"ty":"sh","ks":{"a":0,"k":{"i":[[0,0],[0,0]],"o":[[0,0],[0,0]],"v":[[85.693,26.531],[85.693,33.89]],"c":false}},"nm":"Path 1","mn":"ADBE Vector Shape - Group"},{"ty":"st","c":{"a":0,"k":[0,0,0,1]},"o":{"a":0,"k":100},"w":{"a":0,"k":2},"lc":2,"lj":2,"nm":"Stroke 1","mn":"ADBE Vector Graphic - Stroke"},{"ty":"tr","p":{"a":0,"k":[0,0],"ix":2},"a":{"a":0,"k":[0,0],"ix":1},"s":{"a":0,"k":[100,100],"ix":3},"r":{"a":0,"k":0,"ix":6},"o":{"a":0,"k":100,"ix":7},"sk":{"a":0,"k":0,"ix":4},"sa":{"a":0,"k":0,"ix":5},"nm":"Transform"}],"nm":"Group 3","np":2,"mn":"ADBE Vector Group"},{"ty":"gr","it":[{"ind":0,"ty":"sh","ks":{"a":0,"k":{"i":[[0,0],[-2.496,0],[-2.104,1.019],[0,0]],"o":[[2.109,1.019],[2.495,0],[0,0],[0,0]],"v":[[-6.954,4.955],[0.003,6.558],[6.954,4.955],[0.003,-6.558]],"c":true}},"nm":"Path 1","mn":"ADBE Vector Shape - Group"},{"ty":"st","c":{"a":0,"k":[0,0,0,1]},"o":{"a":0,"k":100},"w":{"a":0,"k":2},"lc":2,"lj":2,"nm":"Stroke 1","mn":"ADBE Vector Graphic - Stroke"},{"ty":"fl","c":{"a":0,"k":[0.114,0.659,0.055,1]},"o":{"a":0,"k":100},"r":1,"nm":"Fill 1","mn":"ADBE Vector Graphic - Fill"},{"ty":"tr","p":{"a":0,"k":[85.69,19.995],"ix":2},"a":{"a":0,"k":[0,0],"ix":1},"s":{"a":0,"k":[100,100],"ix":3},"r":{"a":0,"k":0,"ix":6},"o":{"a":0,"k":100,"ix":7},"sk":{"a":0,"k":0,"ix":4},"sa":{"a":0,"k":0,"ix":5},"nm":"Transform"}],"nm":"Group 4","np":3,"mn":"ADBE Vector Group"},{"ty":"gr","it":[{"ind":0,"ty":"sh","ks":{"a":0,"k":{"i":[[0,0],[-7.104,0],[-5.992,2.898],[0,0]],"o":[[5.988,2.898],[7.099,0],[0,0],[0,0]],"v":[[-19.795,14.104],[0.001,18.663],[19.794,14.104],[0.001,-18.663]],"c":true}},"nm":"Path 1","mn":"ADBE Vector Shape - Group"},{"ty":"st","c":{"a":0,"k":[0,0,0,1]},"o":{"a":0,"k":100},"w":{"a":0,"k":2},"lc":2,"lj":2,"nm":"Stroke 1","mn":"ADBE Vector Graphic - Stroke"},{"ty":"fl","c":{"a":0,"k":[1,1,1,1]},"o":{"a":0,"k":100},"r":1,"nm":"Fill 1","mn":"ADBE Vector Graphic - Fill"},{"ty":"tr","p":{"a":0,"k":[95.401,23.664],"ix":2},"a":{"a":0,"k":[0,0],"ix":1},"s":{"a":0,"k":[100,100],"ix":3},"r":{"a":0,"k":0,"ix":6},"o":{"a":0,"k":100,"ix":7},"sk":{"a":0,"k":0,"ix":4},"sa":{"a":0,"k":0,"ix":5},"nm":"Transform"}],"nm":"Group 5","np":3,"mn":"ADBE Vector Group"},{"ty":"gr","it":[{"ind":0,"ty":"sh","ks":{"a":0,"k":{"i":[[0,0],[0,0],[0,0]],"o":[[0,0],[0,0],[0,0]],"v":[[90.401,74.82],[-90.401,74.82],[0,-74.82]],"c":true}},"nm":"Path 1","mn":"ADBE Vector Shape - Group"},{"ty":"st","c":{"a":0,"k":[0,0,0,1]},"o":{"a":0,"k":100},"w":{"a":0,"k":2},"lc":2,"lj":2,"nm":"Stroke 1","mn":"ADBE Vector Graphic - Stroke"},{"ty":"fl","c":{"a":0,"k":[0.635,0.847,0.169,1]},"o":{"a":0,"k":100},"r":1,"nm":"Fill 1","mn":"ADBE Vector Graphic - Fill"},{"ty":"tr","p":{"a":0,"k":[95.401,79.821],"ix":2},"a":{"a":0,"k":[0,0],"ix":1},"s":{"a":0,"k":[100,100],"ix":3},"r":{"a":0,"k":0,"ix":6},"o":{"a":0,"k":100,"ix":7},"sk":{"a":0,"k":0,"ix":4},"sa":{"a":0,"k":0,"ix":5},"nm":"Transform"}],"nm":"Group 6","np":3,"mn":"ADBE Vector Group"}],"ip":0,"op":160,"st":0,"bm":0,"sr":1},{"ddd":0,"ind":6,"ty":4,"nm":"mountain2/100percent Outlines","ks":{"o":{"a":0,"k":100},"r":{"a":0,"k":0},"p":{"a":1,"k":[{"i":{"x":0.667,"y":1},"o":{"x":0.333,"y":0},"n":"0p667_1_0p333_0","t":17,"s":[469,863,0],"e":[469,527,0],"to":[0,-56,0],"ti":[0,56,0]},{"i":{"x":0.667,"y":0.667},"o":{"x":0.333,"y":0.333},"n":"0p667_0p667_0p333_0p333","t":62,"s":[469,527,0],"e":[469,527,0],"to":[0,0,0],"ti":[0,0,0]},{"i":{"x":0.667,"y":1},"o":{"x":0.333,"y":0},"n":"0p667_1_0p333_0","t":120,"s":[469,527,0],"e":[469,863,0],"to":[0,56,0],"ti":[0,-56,0]},{"t":159}]},"a":{"a":0,"k":[68.5,57.5,0]},"s":{"a":0,"k":[292.687,292.687,100]}},"ao":0,"shapes":[{"ty":"gr","it":[{"ind":0,"ty":"sh","ks":{"a":0,"k":{"i":[[0,0],[0,0]],"o":[[0,0],[0,0]],"v":[[67.681,66.985],[67.681,74.344]],"c":false}},"nm":"Path 1","mn":"ADBE Vector Shape - Group"},{"ty":"st","c":{"a":0,"k":[0,0,0,1]},"o":{"a":0,"k":100},"w":{"a":0,"k":2},"lc":2,"lj":2,"nm":"Stroke 1","mn":"ADBE Vector Graphic - Stroke"},{"ty":"tr","p":{"a":0,"k":[0,0],"ix":2},"a":{"a":0,"k":[0,0],"ix":1},"s":{"a":0,"k":[100,100],"ix":3},"r":{"a":0,"k":0,"ix":6},"o":{"a":0,"k":100,"ix":7},"sk":{"a":0,"k":0,"ix":4},"sa":{"a":0,"k":0,"ix":5},"nm":"Transform"}],"nm":"Group 1","np":2,"mn":"ADBE Vector Group"},{"ty":"gr","it":[{"ind":0,"ty":"sh","ks":{"a":0,"k":{"i":[[0,0],[-2.5,0],[-2.104,1.02],[0,0]],"o":[[2.108,1.02],[2.496,0],[0,0],[0,0]],"v":[[-6.954,4.954],[0.001,6.558],[6.954,4.954],[0.001,-6.558]],"c":true}},"nm":"Path 1","mn":"ADBE Vector Shape - Group"},{"ty":"st","c":{"a":0,"k":[0,0,0,1]},"o":{"a":0,"k":100},"w":{"a":0,"k":2},"lc":2,"lj":2,"nm":"Stroke 1","mn":"ADBE Vector Graphic - Stroke"},{"ty":"fl","c":{"a":0,"k":[0.114,0.659,0.055,1]},"o":{"a":0,"k":100},"r":1,"nm":"Fill 1","mn":"ADBE Vector Graphic - Fill"},{"ty":"tr","p":{"a":0,"k":[67.68,60.449],"ix":2},"a":{"a":0,"k":[0,0],"ix":1},"s":{"a":0,"k":[100,100],"ix":3},"r":{"a":0,"k":0,"ix":6},"o":{"a":0,"k":100,"ix":7},"sk":{"a":0,"k":0,"ix":4},"sa":{"a":0,"k":0,"ix":5},"nm":"Transform"}],"nm":"Group 2","np":3,"mn":"ADBE Vector Group"},{"ty":"gr","it":[{"ind":0,"ty":"sh","ks":{"a":0,"k":{"i":[[0,0],[0,0]],"o":[[0,0],[0,0]],"v":[[48.259,66.985],[48.259,74.344]],"c":false}},"nm":"Path 1","mn":"ADBE Vector Shape - Group"},{"ty":"st","c":{"a":0,"k":[0,0,0,1]},"o":{"a":0,"k":100},"w":{"a":0,"k":2},"lc":2,"lj":2,"nm":"Stroke 1","mn":"ADBE Vector Graphic - Stroke"},{"ty":"tr","p":{"a":0,"k":[0,0],"ix":2},"a":{"a":0,"k":[0,0],"ix":1},"s":{"a":0,"k":[100,100],"ix":3},"r":{"a":0,"k":0,"ix":6},"o":{"a":0,"k":100,"ix":7},"sk":{"a":0,"k":0,"ix":4},"sa":{"a":0,"k":0,"ix":5},"nm":"Transform"}],"nm":"Group 3","np":2,"mn":"ADBE Vector Group"},{"ty":"gr","it":[{"ind":0,"ty":"sh","ks":{"a":0,"k":{"i":[[0,0],[-2.496,0],[-2.103,1.02],[0,0]],"o":[[2.109,1.02],[2.495,0],[0,0],[0,0]],"v":[[-6.954,4.954],[0.003,6.558],[6.954,4.954],[0.003,-6.558]],"c":true}},"nm":"Path 1","mn":"ADBE Vector Shape - Group"},{"ty":"st","c":{"a":0,"k":[0,0,0,1]},"o":{"a":0,"k":100},"w":{"a":0,"k":2},"lc":2,"lj":2,"nm":"Stroke 1","mn":"ADBE Vector Graphic - Stroke"},{"ty":"fl","c":{"a":0,"k":[0.114,0.659,0.055,1]},"o":{"a":0,"k":100},"r":1,"nm":"Fill 1","mn":"ADBE Vector Graphic - Fill"},{"ty":"tr","p":{"a":0,"k":[48.256,60.449],"ix":2},"a":{"a":0,"k":[0,0],"ix":1},"s":{"a":0,"k":[100,100],"ix":3},"r":{"a":0,"k":0,"ix":6},"o":{"a":0,"k":100,"ix":7},"sk":{"a":0,"k":0,"ix":4},"sa":{"a":0,"k":0,"ix":5},"nm":"Transform"}],"nm":"Group 4","np":3,"mn":"ADBE Vector Group"},{"ty":"gr","it":[{"ind":0,"ty":"sh","ks":{"a":0,"k":{"i":[[0,0],[-6.345,0],[-5.491,2.333],[0,0]],"o":[[5.486,2.333],[6.346,0],[0,0],[0,0]],"v":[[-17.872,12.977],[0,16.608],[17.872,12.977],[0,-16.608]],"c":true}},"nm":"Path 1","mn":"ADBE Vector Shape - Group"},{"ty":"st","c":{"a":0,"k":[0,0,0,1]},"o":{"a":0,"k":100},"w":{"a":0,"k":2},"lc":2,"lj":2,"nm":"Stroke 1","mn":"ADBE Vector Graphic - Stroke"},{"ty":"fl","c":{"a":0,"k":[1,1,1,1]},"o":{"a":0,"k":100},"r":1,"nm":"Fill 1","mn":"ADBE Vector Graphic - Fill"},{"ty":"tr","p":{"a":0,"k":[68.096,21.609],"ix":2},"a":{"a":0,"k":[0,0],"ix":1},"s":{"a":0,"k":[100,100],"ix":3},"r":{"a":0,"k":0,"ix":6},"o":{"a":0,"k":100,"ix":7},"sk":{"a":0,"k":0,"ix":4},"sa":{"a":0,"k":0,"ix":5},"nm":"Transform"}],"nm":"Group 5","np":3,"mn":"ADBE Vector Group"},{"ty":"gr","it":[{"ind":0,"ty":"sh","ks":{"a":0,"k":{"i":[[0,0],[0,0],[0,0]],"o":[[0,0],[0,0],[0,0]],"v":[[63.094,52.219],[-63.094,52.219],[-0.003,-52.219]],"c":true}},"nm":"Path 1","mn":"ADBE Vector Shape - Group"},{"ty":"st","c":{"a":0,"k":[0,0,0,1]},"o":{"a":0,"k":100},"w":{"a":0,"k":2},"lc":2,"lj":2,"nm":"Stroke 1","mn":"ADBE Vector Graphic - Stroke"},{"ty":"fl","c":{"a":0,"k":[0.635,0.847,0.169,1]},"o":{"a":0,"k":100},"r":1,"nm":"Fill 1","mn":"ADBE Vector Graphic - Fill"},{"ty":"tr","p":{"a":0,"k":[68.094,57.219],"ix":2},"a":{"a":0,"k":[0,0],"ix":1},"s":{"a":0,"k":[100,100],"ix":3},"r":{"a":0,"k":0,"ix":6},"o":{"a":0,"k":100,"ix":7},"sk":{"a":0,"k":0,"ix":4},"sa":{"a":0,"k":0,"ix":5},"nm":"Transform"}],"nm":"Group 6","np":3,"mn":"ADBE Vector Group"}],"ip":0,"op":160,"st":0,"bm":0,"sr":1},{"ddd":0,"ind":7,"ty":4,"nm":"cloud/50percent Outlines 2","ks":{"o":{"a":0,"k":100},"r":{"a":0,"k":0},"p":{"a":1,"k":[{"i":{"x":0.833,"y":0.833},"o":{"x":0.167,"y":0.167},"n":"0p833_0p833_0p167_0p167","t":0,"s":[448,241,0],"e":[448,235,0],"to":[0,-1,0],"ti":[0,0,0]},{"i":{"x":0.833,"y":0.833},"o":{"x":0.167,"y":0.167},"n":"0p833_0p833_0p167_0p167","t":76,"s":[448,235,0],"e":[448,241,0],"to":[0,0,0],"ti":[0,-1,0]},{"t":159}]},"a":{"a":0,"k":[19,11.5,0]},"s":{"a":0,"k":[271.429,271.429,100]}},"ao":0,"shapes":[{"ty":"gr","it":[{"ind":0,"ty":"sh","ks":{"a":0,"k":{"i":[[0,0],[0,-2.442]],"o":[[0,0],[0,0]],"v":[[6.919,-1.376],[2.064,1.531]],"c":false}},"nm":"Path 1","mn":"ADBE Vector Shape - Group"},{"ind":1,"ty":"sh","ks":{"a":0,"k":{"i":[[3.736,0.41],[3.134,0],[1.107,-2.733],[0,-3.848],[0,0],[0,0],[0,0]],"o":[[-1.106,-2.733],[-3.134,0],[-3.735,0.41],[0,0],[0,0],[0,0],[0,-3.848]],"v":[[6.919,-1.376],[-0.002,-6.045],[-6.923,-1.376],[-13.567,6.045],[-1.37,6.045],[1.369,6.045],[13.567,6.045]],"c":true}},"nm":"Path 2","mn":"ADBE Vector Shape - Group"},{"ty":"mm","mm":1,"nm":"Merge Paths 1","mn":"ADBE Vector Filter - Merge"},{"ty":"st","c":{"a":0,"k":[0,0,0,1]},"o":{"a":0,"k":100},"w":{"a":0,"k":2},"lc":2,"lj":2,"nm":"Stroke 1","mn":"ADBE Vector Graphic - Stroke"},{"ty":"fl","c":{"a":0,"k":[1,1,1,1]},"o":{"a":0,"k":100},"r":1,"nm":"Fill 1","mn":"ADBE Vector Graphic - Fill"},{"ty":"tr","p":{"a":0,"k":[18.567,11.045],"ix":2},"a":{"a":0,"k":[0,0],"ix":1},"s":{"a":0,"k":[100,100],"ix":3},"r":{"a":0,"k":0,"ix":6},"o":{"a":0,"k":100,"ix":7},"sk":{"a":0,"k":0,"ix":4},"sa":{"a":0,"k":0,"ix":5},"nm":"Transform"}],"nm":"Group 1","np":5,"mn":"ADBE Vector Group"}],"ip":0,"op":160,"st":0,"bm":0,"sr":1},{"ddd":0,"ind":8,"ty":4,"nm":"cloud/50percent Outlines","ks":{"o":{"a":0,"k":100},"r":{"a":0,"k":0},"p":{"a":1,"k":[{"i":{"x":0.833,"y":0.833},"o":{"x":0.167,"y":0.167},"n":"0p833_0p833_0p167_0p167","t":0,"s":[518,177,0],"e":[518,195,0],"to":[0,3,0],"ti":[0,0,0]},{"i":{"x":0.833,"y":0.833},"o":{"x":0.167,"y":0.167},"n":"0p833_0p833_0p167_0p167","t":76,"s":[518,195,0],"e":[518,177,0],"to":[0,0,0],"ti":[0,3,0]},{"t":159}]},"a":{"a":0,"k":[19,11.5,0]},"s":{"a":0,"k":[271.429,271.429,100]}},"ao":0,"shapes":[{"ty":"gr","it":[{"ind":0,"ty":"sh","ks":{"a":0,"k":{"i":[[0,0],[0,-2.442]],"o":[[0,0],[0,0]],"v":[[6.919,-1.376],[2.064,1.531]],"c":false}},"nm":"Path 1","mn":"ADBE Vector Shape - Group"},{"ind":1,"ty":"sh","ks":{"a":0,"k":{"i":[[3.736,0.41],[3.134,0],[1.107,-2.733],[0,-3.848],[0,0],[0,0],[0,0]],"o":[[-1.106,-2.733],[-3.134,0],[-3.735,0.41],[0,0],[0,0],[0,0],[0,-3.848]],"v":[[6.919,-1.376],[-0.002,-6.045],[-6.923,-1.376],[-13.567,6.045],[-1.37,6.045],[1.369,6.045],[13.567,6.045]],"c":true}},"nm":"Path 2","mn":"ADBE Vector Shape - Group"},{"ty":"mm","mm":1,"nm":"Merge Paths 1","mn":"ADBE Vector Filter - Merge"},{"ty":"st","c":{"a":0,"k":[0,0,0,1]},"o":{"a":0,"k":100},"w":{"a":0,"k":2},"lc":2,"lj":2,"nm":"Stroke 1","mn":"ADBE Vector Graphic - Stroke"},{"ty":"fl","c":{"a":0,"k":[1,1,1,1]},"o":{"a":0,"k":100},"r":1,"nm":"Fill 1","mn":"ADBE Vector Graphic - Fill"},{"ty":"tr","p":{"a":0,"k":[18.567,11.045],"ix":2},"a":{"a":0,"k":[0,0],"ix":1},"s":{"a":0,"k":[100,100],"ix":3},"r":{"a":0,"k":0,"ix":6},"o":{"a":0,"k":100,"ix":7},"sk":{"a":0,"k":0,"ix":4},"sa":{"a":0,"k":0,"ix":5},"nm":"Transform"}],"nm":"Group 1","np":5,"mn":"ADBE Vector Group"}],"ip":0,"op":160,"st":0,"bm":0,"sr":1}]}],"layers":[{"ddd":0,"ind":1,"ty":4,"nm":"border","ks":{"o":{"a":0,"k":100},"r":{"a":0,"k":0},"p":{"a":0,"k":[333,333,0]},"a":{"a":0,"k":[333,333,0]},"s":{"a":0,"k":[100,100,100]}},"ao":0,"shapes":[{"ty":"gr","it":[{"ind":0,"ty":"sh","ks":{"a":0,"k":{"i":[[0,-175.626],[175.627,0],[0,175.627],[-175.626,0]],"o":[[0,175.627],[-175.626,0],[0,-175.626],[175.627,0]],"v":[[318,0],[0,318],[-318,0],[0,-318]],"c":true}},"nm":"Path 1","mn":"ADBE Vector Shape - Group"},{"ty":"st","c":{"a":0,"k":[0,0,0,1]},"o":{"a":0,"k":100},"w":{"a":0,"k":6},"lc":1,"lj":1,"ml":10,"nm":"Stroke 1","mn":"ADBE Vector Graphic - Stroke"},{"ty":"fl","c":{"a":0,"k":[0.1921569,0.654902,0.8588235,1]},"o":{"a":0,"k":0},"r":1,"nm":"Fill 1","mn":"ADBE Vector Graphic - Fill"},{"ty":"tr","p":{"a":0,"k":[333,333],"ix":2},"a":{"a":0,"k":[0,0],"ix":1},"s":{"a":0,"k":[100,100],"ix":3},"r":{"a":0,"k":0,"ix":6},"o":{"a":0,"k":100,"ix":7},"sk":{"a":0,"k":0,"ix":4},"sa":{"a":0,"k":0,"ix":5},"nm":"Transform"}],"nm":"Group 2","np":3,"mn":"ADBE Vector Group"}],"ip":0,"op":160,"st":0,"bm":0,"sr":1},{"ddd":0,"ind":2,"ty":4,"nm":"mask","td":1,"ks":{"o":{"a":0,"k":100},"r":{"a":0,"k":0},"p":{"a":0,"k":[333,333,0]},"a":{"a":0,"k":[333,333,0]},"s":{"a":0,"k":[100,100,100]}},"ao":0,"shapes":[{"ty":"gr","it":[{"ind":0,"ty":"sh","ks":{"a":0,"k":{"i":[[0,-175.626],[175.627,0],[0,175.627],[-175.626,0]],"o":[[0,175.627],[-175.626,0],[0,-175.626],[175.627,0]],"v":[[318,0],[0,318],[-318,0],[0,-318]],"c":true}},"nm":"Path 1","mn":"ADBE Vector Shape - Group"},{"ty":"st","c":{"a":0,"k":[0,0,0,1]},"o":{"a":0,"k":100},"w":{"a":0,"k":6},"lc":1,"lj":1,"ml":10,"nm":"Stroke 1","mn":"ADBE Vector Graphic - Stroke"},{"ty":"fl","c":{"a":0,"k":[0.1921569,0.654902,0.8588235,1]},"o":{"a":0,"k":100},"r":1,"nm":"Fill 1","mn":"ADBE Vector Graphic - Fill"},{"ty":"tr","p":{"a":0,"k":[333,333],"ix":2},"a":{"a":0,"k":[0,0],"ix":1},"s":{"a":0,"k":[100,100],"ix":3},"r":{"a":0,"k":0,"ix":6},"o":{"a":0,"k":100,"ix":7},"sk":{"a":0,"k":0,"ix":4},"sa":{"a":0,"k":0,"ix":5},"nm":"Transform"}],"nm":"Group 2","np":3,"mn":"ADBE Vector Group"}],"ip":0,"op":160,"st":0,"bm":0,"sr":1},{"ddd":0,"ind":3,"ty":0,"nm":"mountain_animation","tt":1,"refId":"comp_0","ks":{"o":{"a":0,"k":100},"r":{"a":0,"k":0},"p":{"a":0,"k":[333,333,0]},"a":{"a":0,"k":[333,333,0]},"s":{"a":0,"k":[100,100,100]}},"ao":0,"w":666,"h":666,"ip":0,"op":160,"st":0,"bm":0,"sr":1},{"ddd":0,"ind":4,"ty":4,"nm":"bg/register_complete_img Outlines","ks":{"o":{"a":0,"k":100},"r":{"a":0,"k":0},"p":{"a":0,"k":[333,333,0]},"a":{"a":0,"k":[333,333,0]},"s":{"a":0,"k":[100,100,100]}},"ao":0,"shapes":[{"ty":"gr","it":[{"ind":0,"ty":"sh","ks":{"a":0,"k":{"i":[[0,-175.626],[175.627,0],[0,175.627],[-175.626,0]],"o":[[0,175.627],[-175.626,0],[0,-175.626],[175.627,0]],"v":[[318,0],[0,318],[-318,0],[0,-318]],"c":true}},"nm":"Path 1","mn":"ADBE Vector Shape - Group"},{"ty":"st","c":{"a":0,"k":[0,0,0,1]},"o":{"a":0,"k":100},"w":{"a":0,"k":6},"lc":1,"lj":1,"ml":10,"nm":"Stroke 1","mn":"ADBE Vector Graphic - Stroke"},{"ty":"fl","c":{"a":0,"k":[0.1921569,0.654902,0.8588235,1]},"o":{"a":0,"k":100},"r":1,"nm":"Fill 1","mn":"ADBE Vector Graphic - Fill"},{"ty":"tr","p":{"a":0,"k":[333,333],"ix":2},"a":{"a":0,"k":[0,0],"ix":1},"s":{"a":0,"k":[100,100],"ix":3},"r":{"a":0,"k":0,"ix":6},"o":{"a":0,"k":100,"ix":7},"sk":{"a":0,"k":0,"ix":4},"sa":{"a":0,"k":0,"ix":5},"nm":"Transform"}],"nm":"Group 2","np":3,"mn":"ADBE Vector Group"}],"ip":0,"op":160,"st":0,"bm":0,"sr":1}]}