{"v":"4.10.1","fr":25,"ip":0,"op":106,"w":1920,"h":1080,"nm":"Comp 1","ddd":0,"assets":[],"fonts":{"list":[{"fName":"CenturyGothic-Bold","fFamily":"Century Gothic","fStyle":"Bold","ascent":73.5992431640625}]},"layers":[{"ddd":0,"ind":1,"ty":4,"nm":"perki Outlines","sr":1,"ks":{"o":{"a":0,"k":100,"ix":11},"r":{"a":1,"k":[{"i":{"x":[0.833],"y":[0.833]},"o":{"x":[0.167],"y":[0.167]},"n":["0p833_0p833_0p167_0p167"],"t":0,"s":[184],"e":[0]},{"t":106}],"ix":10},"p":{"a":0,"k":[864.842,407.026,0],"ix":2},"a":{"a":0,"k":[142,68,0],"ix":1},"s":{"a":0,"k":[242.635,242.635,100],"ix":6}},"ao":0,"shapes":[{"ty":"gr","it":[{"ind":0,"ty":"sh","ix":1,"ks":{"a":0,"k":{"i":[[0,0],[0,0],[0,0],[0,0],[0,0],[0,0],[-0.328,1.763],[8.169,5.706],[3.07,-3.01],[0,0],[0,0]],"o":[[0,0],[0,0],[0,0],[0,0],[0,0],[0.421,-1.16],[0.829,-4.458],[-6.796,-4.75],[-1.553,1.523],[0,0],[0,0]],"v":[[17.446,16.727],[23.586,20.269],[23.562,20.227],[22.195,17.774],[24.676,17.342],[21.931,15.759],[23.13,11.344],[-4.639,-15.519],[-23.122,-9.273],[-23.288,-6.552],[17.507,16.621]],"c":true},"ix":2},"nm":"Path 1","mn":"ADBE Vector Shape - Group","hd":false},{"ty":"fl","c":{"a":0,"k":[0.216690736658,0.493324878169,0.721504001991,1],"ix":4},"o":{"a":0,"k":100,"ix":5},"r":1,"nm":"Fill 1","mn":"ADBE Vector Graphic - Fill","hd":false},{"ty":"tr","p":{"a":0,"k":[111.923,46.963],"ix":2},"a":{"a":0,"k":[0,0],"ix":1},"s":{"a":0,"k":[100,100],"ix":3},"r":{"a":0,"k":0,"ix":6},"o":{"a":0,"k":100,"ix":7},"sk":{"a":0,"k":0,"ix":4},"sa":{"a":0,"k":0,"ix":5},"nm":"Transform"}],"nm":"Group 1","np":2,"cix":2,"ix":1,"mn":"ADBE Vector Group","hd":false},{"ty":"gr","it":[{"ind":0,"ty":"sh","ix":1,"ks":{"a":0,"k":{"i":[[0,0],[0,0],[0,0],[1.701,0.2],[5.15,-8.531],[-3.209,-2.863],[0,0],[0,0],[0,0]],"o":[[0,0],[0,0],[-1.16,-0.327],[-4.502,-0.53],[-4.286,7.097],[1.622,1.448],[0,0],[0,0],[0,0]],"v":[[17.114,-24.659],[15.125,-24.268],[14.427,-23.06],[10.103,-23.915],[-14.849,5.582],[-7.385,23.608],[-4.66,23.592],[17.287,-21.853],[19.135,-25.056]],"c":true},"ix":2},"nm":"Path 1","mn":"ADBE Vector Shape - Group","hd":false},{"ty":"fl","c":{"a":0,"k":[0.216690736658,0.493324878169,0.721504001991,1],"ix":4},"o":{"a":0,"k":100,"ix":5},"r":1,"nm":"Fill 1","mn":"ADBE Vector Graphic - Fill","hd":false},{"ty":"tr","p":{"a":0,"k":[121.685,99.237],"ix":2},"a":{"a":0,"k":[0,0],"ix":1},"s":{"a":0,"k":[100,100],"ix":3},"r":{"a":0,"k":0,"ix":6},"o":{"a":0,"k":100,"ix":7},"sk":{"a":0,"k":0,"ix":4},"sa":{"a":0,"k":0,"ix":5},"nm":"Transform"}],"nm":"Group 2","np":2,"cix":2,"ix":2,"mn":"ADBE Vector Group","hd":false},{"ty":"gr","it":[{"ind":0,"ty":"sh","ix":1,"ks":{"a":0,"k":{"i":[[0,0],[0,0],[0,0],[0,0],[0,0],[0,0],[0,0],[0,0],[0,0],[0,0]],"o":[[0,0],[0,0],[0,0],[0,0],[0,0],[0,0],[0,0],[0,0],[0,0],[0,0]],"v":[[-0.665,3.667],[2.419,5.179],[2.831,1.769],[5.222,-0.698],[2.106,-2.143],[0.499,-5.179],[-1.839,-2.662],[-5.222,-2.072],[-3.551,0.929],[-4.035,4.33]],"c":true},"ix":2},"nm":"Path 1","mn":"ADBE Vector Shape - Group","hd":false},{"ty":"fl","c":{"a":0,"k":[0.216690736658,0.493324878169,0.721504001991,1],"ix":4},"o":{"a":0,"k":100,"ix":5},"r":1,"nm":"Fill 1","mn":"ADBE Vector Graphic - Fill","hd":false},{"ty":"tr","p":{"a":0,"k":[142.45,68.291],"ix":2},"a":{"a":0,"k":[0,0],"ix":1},"s":{"a":0,"k":[100,100],"ix":3},"r":{"a":0,"k":0,"ix":6},"o":{"a":0,"k":100,"ix":7},"sk":{"a":0,"k":0,"ix":4},"sa":{"a":0,"k":0,"ix":5},"nm":"Transform"}],"nm":"Group 3","np":2,"cix":2,"ix":3,"mn":"ADBE Vector Group","hd":false},{"ty":"gr","it":[{"ind":0,"ty":"sh","ix":1,"ks":{"a":0,"k":{"i":[[0,0],[0,0],[0,0],[0,0],[0,0],[-1.584,-0.248],[-5.476,8.325],[3.095,2.986],[0,0],[0,0],[-0.133,-0.065]],"o":[[0,0],[0,0],[0,0],[0,0],[1.11,0.35],[4.478,0.705],[4.557,-6.927],[-1.566,-1.508],[0,0],[0,0],[0,0]],"v":[[-19.025,21.994],[-18.775,22.466],[-17.482,24.908],[-17.221,25.03],[-15.669,22.34],[-11.604,23.291],[14.469,-5.219],[7.708,-23.521],[4.984,-23.61],[-18.785,21.109],[-18.575,21.214]],"c":true},"ix":2},"nm":"Path 1","mn":"ADBE Vector Shape - Group","hd":false},{"ty":"fl","c":{"a":0,"k":[0.216690736658,0.493324878169,0.721504001991,1],"ix":4},"o":{"a":0,"k":100,"ix":5},"r":1,"nm":"Fill 1","mn":"ADBE Vector Graphic - Fill","hd":false},{"ty":"tr","p":{"a":0,"k":[163.486,39.713],"ix":2},"a":{"a":0,"k":[0,0],"ix":1},"s":{"a":0,"k":[100,100],"ix":3},"r":{"a":0,"k":0,"ix":6},"o":{"a":0,"k":100,"ix":7},"sk":{"a":0,"k":0,"ix":4},"sa":{"a":0,"k":0,"ix":5},"nm":"Transform"}],"nm":"Group 4","np":2,"cix":2,"ix":4,"mn":"ADBE Vector Group","hd":false},{"ty":"gr","it":[{"ind":0,"ty":"sh","ix":1,"ks":{"a":0,"k":{"i":[[0,0],[0,0],[0,0],[0,0],[0,0],[0,0],[0,0],[0.193,-1.751],[-8.57,-5.086],[-2.839,3.23]],"o":[[0,0],[0,0],[0,0],[0,0],[0,0],[0,0],[-0.328,1.178],[-0.496,4.506],[7.13,4.232],[1.435,-1.633]],"v":[[23.596,4.268],[-20.873,-16.798],[-24.384,-18.824],[-24.729,-18.467],[-25.061,-15.724],[-25.068,-15.663],[-23.17,-14.567],[-24.021,-10.139],[5.663,14.592],[23.633,6.993]],"c":true},"ix":2},"nm":"Path 1","mn":"ADBE Vector Shape - Group","hd":false},{"ty":"fl","c":{"a":0,"k":[0.216690736658,0.493324878169,0.721504001991,1],"ix":4},"o":{"a":0,"k":100,"ix":5},"r":1,"nm":"Fill 1","mn":"ADBE Vector Graphic - Fill","hd":false},{"ty":"tr","p":{"a":0,"k":[171.91,89.433],"ix":2},"a":{"a":0,"k":[0,0],"ix":1},"s":{"a":0,"k":[100,100],"ix":3},"r":{"a":0,"k":0,"ix":6},"o":{"a":0,"k":100,"ix":7},"sk":{"a":0,"k":0,"ix":4},"sa":{"a":0,"k":0,"ix":5},"nm":"Transform"}],"nm":"Group 5","np":2,"cix":2,"ix":5,"mn":"ADBE Vector Group","hd":false}],"ip":0,"op":106,"st":2,"bm":0},{"ddd":0,"ind":2,"ty":4,"nm":"Layer 1/moller_logo_layers Outlines","sr":1,"ks":{"o":{"a":0,"k":100,"ix":11},"r":{"a":0,"k":0,"ix":10},"p":{"a":0,"k":[1005.842,522.026,0],"ix":2},"a":{"a":0,"k":[202,115,0],"ix":1},"s":{"a":0,"k":[242.635,242.635,100],"ix":6}},"ao":0,"shapes":[{"ty":"gr","it":[{"ind":0,"ty":"sh","ix":1,"ks":{"a":0,"k":{"i":[[0.572,1.853],[0.917,-0.651],[0.431,-0.352],[0,0],[0,0],[-2.393,11.061],[-6.221,27.059],[1.761,-0.782],[5.957,-2.927],[0.457,-2.506],[1.813,-9.778],[0.293,-0.171],[4.109,-1.259],[0.172,1.447],[0.926,2.243],[12.8,-8.535],[-0.387,-16.018],[-1.904,-4.479],[0.55,-0.672],[-0.205,8.524],[-0.111,6.719],[-0.095,5.498],[-0.01,0.114],[13.121,-16.616],[3.596,2.895],[5.561,-8.091],[0.216,2.037],[0.032,0.311],[1.374,-0.426],[6.59,-2.109],[-0.135,-1.034],[-4.627,-22.962],[-1.246,0.391],[-5.601,1.67],[0.163,0.965],[2.067,16.321],[-0.096,0.186],[-1.626,-16.239],[-2.659,-18.381],[-1.126,0.299],[-5.024,1.194],[0.093,1.01],[0.991,15.51],[-0.07,0.331],[-0.022,-17.845],[0.254,-11.817],[-11.121,14.991],[-0.865,-0.926],[-4.624,-1.307],[-2.29,22.016],[-0.644,0.322],[-2.949,2.11],[0.36,-1.982],[1.404,-7.64],[-17.646,15.51]],"o":[[-0.387,-1.253],[-0.424,0.386],[-0.003,0.004],[0,0],[-7.129,5.821],[5.856,-27.057],[0.417,-1.815],[-6.882,3.057],[-2.287,1.124],[-1.234,6.773],[-0.357,1.19],[-3.561,2.078],[-1.339,0.41],[-0.361,-3.052],[-7.204,-17.462],[-13.305,8.87],[0.131,5.412],[0.353,0.832],[-6.097,7.46],[0.295,-12.222],[0.06,-5.499],[0.002,-0.114],[2.252,-25.558],[-2.861,3.623],[-8.089,-6.512],[-1.165,1.695],[-0.032,-0.311],[-0.144,-1.378],[-6.513,2.021],[-1.056,0.339],[3.306,23.19],[0.26,1.268],[5.866,-1.843],[0.898,-0.268],[-2.752,-16.218],[0.048,-0.329],[1.882,-13.767],[1.851,18.482],[0.185,1.279],[5.079,-1.347],[0.865,-0.205],[-1.437,-15.461],[-0.002,-0.628],[1.817,-14.904],[0.015,12.489],[-0.498,23.112],[0.741,-0.999],[2.907,3.112],[24.839,7.024],[0.078,-0.74],[2.876,-1.439],[1.592,-1.139],[-1.394,7.68],[-6.315,25.688],[1.012,-1.171]],"v":[[103.062,36.349],[100.624,36.217],[99.342,37.325],[99.329,37.339],[99.328,37.337],[86.861,33.152],[109.398,-69.747],[105.985,-72.372],[89.322,-64.616],[84.957,-58.833],[77.397,-18.592],[75.995,-14.454],[63.272,-4.758],[60.356,-6.804],[58.192,-14.886],[14.346,-22.717],[-5.664,18.708],[-2.558,33.747],[-2.874,36.212],[-16.771,37.614],[-16.452,17.959],[-16.26,4.165],[-16.242,3.814],[-46.852,-11.847],[-58.476,-10.497],[-84.625,-1.942],[-88.723,-2.921],[-88.804,-3.698],[-91.721,-5.539],[-108.092,-0.368],[-109.681,1.995],[-97.579,71.08],[-94.658,72.763],[-80.342,68.372],[-79.081,66.256],[-86.439,17.461],[-86.342,16.803],[-70.509,5.682],[-63.364,60.977],[-60.842,62.858],[-48.229,59.682],[-46.895,57.593],[-50.838,11.136],[-50.7,9.845],[-35.551,-3.578],[-34.597,34.312],[-0.18,42.284],[2.83,42.179],[14.079,49.064],[60.026,7.207],[61.177,5.51],[69.919,0.162],[74.307,-0.344],[69.896,21.692],[102.856,41.114]],"c":true},"ix":2},"nm":"Path 1","mn":"ADBE Vector Shape - Group","hd":false},{"ind":1,"ty":"sh","ix":2,"ks":{"a":0,"k":{"i":[[-0.168,2.739],[-3.006,5.472],[-4.947,-7.421],[2.106,-1.978],[0,0]],"o":[[0.542,-8.863],[5.357,-9.755],[1.603,2.404],[0,0],[-2,1.879]],"v":[[14.4,9.437],[20.002,-13.652],[37.889,-12.179],[36.966,-4.571],[19.504,11.834]],"c":true},"ix":2},"nm":"Path 2","mn":"ADBE Vector Shape - Group","hd":false},{"ind":2,"ty":"sh","ix":3,"ks":{"a":0,"k":{"i":[[0.021,-0.44],[0.002,-0.04],[10.147,4.977],[1.467,3.78],[-1.743,1.637],[0,0],[0,0]],"o":[[-0.002,0.042],[-0.611,9.45],[-2.896,-1.42],[-0.864,-2.229],[0,0],[0.051,0.893],[0.027,3.301]],"v":[[42.446,9.577],[42.439,9.698],[23.356,39.03],[16.868,30.929],[18.39,24.524],[42.615,1.765],[42.663,3.233]],"c":true},"ix":2},"nm":"Path 3","mn":"ADBE Vector Shape - Group","hd":false},{"ty":"mm","mm":1,"nm":"Merge Paths 1","mn":"ADBE Vector Filter - Merge","hd":false},{"ty":"fl","c":{"a":0,"k":[0.999999820485,0.999999760646,0.999999820485,1],"ix":4},"o":{"a":0,"k":100,"ix":5},"r":1,"nm":"Fill 1","mn":"ADBE Vector Graphic - Fill","hd":false},{"ty":"tr","p":{"a":0,"k":[122.87,133.893],"ix":2},"a":{"a":0,"k":[0,0],"ix":1},"s":{"a":0,"k":[100,100],"ix":3},"r":{"a":0,"k":0,"ix":6},"o":{"a":0,"k":100,"ix":7},"sk":{"a":0,"k":0,"ix":4},"sa":{"a":0,"k":0,"ix":5},"nm":"Transform"}],"nm":"Group 1","np":5,"cix":2,"ix":1,"mn":"ADBE Vector Group","hd":false},{"ty":"gr","it":[{"ind":0,"ty":"sh","ix":1,"ks":{"a":0,"k":{"i":[[1.266,1.045],[11.005,-9.2],[-0.592,2.014],[-0.443,1.491],[1.279,0.418],[5.961,1.768],[0.289,-0.955],[4.951,-14.436],[0.822,-0.857],[9.061,6.954],[-0.164,6.647],[-1.201,-0.213],[-6.907,10.1],[6.581,7.343],[9.31,-11.063],[-1.291,-12.38],[0.446,-0.449],[-3.664,13.079],[-12.401,35.265],[1.886,-0.681],[8.416,-3.294],[0.185,-0.582],[7.105,-29.354],[-0.299,-1.152],[-9.215,7.677],[-0.554,-1.287],[-8.418,-1.896],[-8.696,5.099],[0.768,-1.892],[0.513,-1.228],[-1.261,-0.318],[-6.056,-1.717],[-0.411,0.939],[-3.9,12.982],[-0.157,0.185],[-10.293,-10.99],[-0.743,0.323],[-4.393,1.742]],"o":[[-7.827,-6.46],[-1.421,1.188],[0.439,-1.492],[0.37,-1.248],[-6,-1.963],[-0.963,-0.285],[-4.368,14.62],[-0.385,1.123],[-8.166,8.515],[-4.913,-3.77],[0.031,-1.266],[11.528,2.045],[5.161,-7.546],[-10.775,-12.022],[-7.945,9.44],[0.068,0.65],[-8.367,8.447],[10.045,-35.856],[0.619,-1.761],[-8.532,3.079],[-0.609,0.238],[-8.801,28.905],[-2.417,11.632],[4.751,15.291],[1.023,-0.852],[2.804,6.518],[9.878,2.225],[1.69,-0.991],[-0.499,1.231],[-0.523,1.253],[6.088,1.539],[0.951,0.27],[5.121,-12.535],[0.077,-0.246],[8.119,-9.563],[0.702,0.749],[4.265,-1.857],[1.287,-0.51]],"v":[[78.905,18.125],[46.516,11.63],[43.178,8.622],[44.279,4.893],[42.529,1.674],[27.591,-2.987],[25.439,-1.835],[11.797,41.859],[9.951,44.857],[-19.049,51.171],[-25.468,33.323],[-23.165,31.354],[6.963,21.012],[6.466,-6.015],[-32.675,0.356],[-44.287,38.453],[-44.865,40.204],[-61.658,39.168],[-28.956,-68.148],[-32.178,-70.928],[-53.506,-62.949],[-54.754,-61.66],[-77.753,25.85],[-78.425,45.191],[-45.072,47.34],[-41.903,48.147],[-25.523,61.442],[1.687,58.319],[4.584,61.163],[3.319,64.237],[4.737,67.269],[19.918,71.34],[22.271,70.191],[36.112,32.212],[36.464,31.56],[65.638,25.581],[68.06,26.284],[78.867,21.783]],"c":true},"ix":2},"nm":"Path 1","mn":"ADBE Vector Shape - Group","hd":false},{"ind":1,"ty":"sh","ix":2,"ks":{"a":0,"k":{"i":[[-0.088,0.434],[-0.067,0.29],[-3.34,4.094],[-2.305,1.162],[0.024,-4.411],[13.313,3.383]],"o":[[0.067,-0.29],[2.451,-7.865],[2.434,-2.984],[3.939,-1.985],[-0.07,12.606],[0.036,-0.335]],"v":[[-23.867,22.811],[-23.664,21.936],[-14.621,3.87],[-7.365,-2.304],[1.164,3.165],[-24.116,23.984]],"c":true},"ix":2},"nm":"Path 2","mn":"ADBE Vector Shape - Group","hd":false},{"ty":"mm","mm":1,"nm":"Merge Paths 1","mn":"ADBE Vector Filter - Merge","hd":false},{"ty":"fl","c":{"a":0,"k":[0.999999820485,0.999999760646,0.999999820485,1],"ix":4},"o":{"a":0,"k":100,"ix":5},"r":1,"nm":"Fill 1","mn":"ADBE Vector Graphic - Fill","hd":false},{"ty":"tr","p":{"a":0,"k":[309.022,131.176],"ix":2},"a":{"a":0,"k":[0,0],"ix":1},"s":{"a":0,"k":[100,100],"ix":3},"r":{"a":0,"k":0,"ix":6},"o":{"a":0,"k":100,"ix":7},"sk":{"a":0,"k":0,"ix":4},"sa":{"a":0,"k":0,"ix":5},"nm":"Transform"}],"nm":"Group 2","np":4,"cix":2,"ix":2,"mn":"ADBE Vector Group","hd":false},{"ty":"gr","it":[{"ind":0,"ty":"sh","ix":1,"ks":{"a":0,"k":{"i":[[0.572,1.853],[0.917,-0.651],[0.431,-0.352],[0,0],[0,0],[-2.393,11.061],[-6.221,27.059],[1.761,-0.782],[5.957,-2.927],[0.457,-2.506],[1.813,-9.778],[0.293,-0.171],[4.109,-1.259],[0.172,1.447],[0.926,2.243],[12.8,-8.535],[-0.387,-16.018],[-1.904,-4.479],[0.55,-0.672],[-0.205,8.524],[-0.111,6.719],[-0.095,5.498],[-0.01,0.114],[13.121,-16.616],[3.596,2.895],[5.561,-8.091],[0.216,2.037],[0.032,0.311],[1.374,-0.426],[6.59,-2.109],[-0.135,-1.034],[-4.627,-22.962],[-1.246,0.391],[-5.601,1.67],[0.163,0.965],[2.067,16.321],[-0.096,0.186],[-1.626,-16.239],[-2.659,-18.381],[-1.126,0.299],[-5.024,1.194],[0.093,1.01],[0.991,15.51],[-0.07,0.331],[-0.022,-17.845],[0.254,-11.817],[-11.121,14.991],[-0.865,-0.926],[-4.624,-1.307],[-2.29,22.016],[-0.644,0.322],[-2.949,2.11],[0.36,-1.982],[1.404,-7.64],[-17.646,15.51]],"o":[[-0.387,-1.253],[-0.424,0.386],[-0.003,0.004],[0,0],[-7.129,5.821],[5.856,-27.057],[0.417,-1.815],[-6.882,3.057],[-2.287,1.124],[-1.234,6.773],[-0.357,1.19],[-3.561,2.078],[-1.339,0.41],[-0.361,-3.052],[-7.204,-17.462],[-13.305,8.87],[0.131,5.412],[0.353,0.832],[-6.097,7.46],[0.295,-12.222],[0.06,-5.499],[0.002,-0.114],[2.252,-25.558],[-2.861,3.623],[-8.089,-6.512],[-1.165,1.695],[-0.032,-0.311],[-0.144,-1.378],[-6.513,2.021],[-1.056,0.339],[3.306,23.19],[0.26,1.268],[5.866,-1.843],[0.898,-0.268],[-2.752,-16.218],[0.048,-0.329],[1.882,-13.767],[1.851,18.482],[0.185,1.279],[5.079,-1.347],[0.865,-0.205],[-1.437,-15.461],[-0.002,-0.628],[1.817,-14.904],[0.015,12.489],[-0.498,23.112],[0.741,-0.999],[2.907,3.112],[24.839,7.024],[0.078,-0.74],[2.876,-1.439],[1.592,-1.139],[-1.394,7.68],[-6.315,25.688],[1.012,-1.171]],"v":[[103.061,36.349],[100.625,36.217],[99.342,37.325],[99.329,37.339],[99.329,37.337],[86.861,33.152],[109.398,-69.747],[105.986,-72.372],[89.322,-64.616],[84.957,-58.833],[77.397,-18.592],[75.996,-14.454],[63.272,-4.758],[60.357,-6.804],[58.193,-14.886],[14.345,-22.717],[-5.664,18.708],[-2.558,33.747],[-2.874,36.212],[-16.772,37.614],[-16.452,17.959],[-16.26,4.165],[-16.242,3.814],[-46.852,-11.847],[-58.475,-10.497],[-84.625,-1.942],[-88.723,-2.921],[-88.804,-3.698],[-91.721,-5.539],[-108.092,-0.368],[-109.681,1.995],[-97.579,71.08],[-94.658,72.763],[-80.342,68.372],[-79.081,66.256],[-86.439,17.461],[-86.343,16.803],[-70.508,5.682],[-63.364,60.977],[-60.843,62.858],[-48.229,59.682],[-46.895,57.593],[-50.838,11.136],[-50.7,9.845],[-35.551,-3.578],[-34.597,34.312],[-0.18,42.284],[2.831,42.179],[14.079,49.064],[60.026,7.207],[61.177,5.51],[69.918,0.162],[74.307,-0.344],[69.896,21.692],[102.856,41.114]],"c":true},"ix":2},"nm":"Path 1","mn":"ADBE Vector Shape - Group","hd":false},{"ind":1,"ty":"sh","ix":2,"ks":{"a":0,"k":{"i":[[-0.168,2.739],[-3.006,5.472],[-4.947,-7.421],[2.106,-1.978],[0,0]],"o":[[0.542,-8.863],[5.357,-9.755],[1.603,2.404],[0,0],[-2,1.879]],"v":[[14.4,9.437],[20.003,-13.652],[37.888,-12.179],[36.966,-4.571],[19.505,11.834]],"c":true},"ix":2},"nm":"Path 2","mn":"ADBE Vector Shape - Group","hd":false},{"ind":2,"ty":"sh","ix":3,"ks":{"a":0,"k":{"i":[[0.021,-0.44],[0.003,-0.04],[10.147,4.977],[1.467,3.78],[-1.743,1.637],[0,0],[0,0]],"o":[[-0.002,0.042],[-0.61,9.45],[-2.896,-1.42],[-0.864,-2.229],[0,0],[0.051,0.893],[0.027,3.301]],"v":[[42.447,9.577],[42.439,9.698],[23.356,39.03],[16.868,30.929],[18.391,24.524],[42.615,1.765],[42.663,3.233]],"c":true},"ix":2},"nm":"Path 3","mn":"ADBE Vector Shape - Group","hd":false},{"ty":"mm","mm":1,"nm":"Merge Paths 1","mn":"ADBE Vector Filter - Merge","hd":false},{"ty":"fl","c":{"a":0,"k":[0.216690736658,0.493324878169,0.721504001991,1],"ix":4},"o":{"a":0,"k":100,"ix":5},"r":1,"nm":"Fill 1","mn":"ADBE Vector Graphic - Fill","hd":false},{"ty":"tr","p":{"a":0,"k":[125.34,137.754],"ix":2},"a":{"a":0,"k":[0,0],"ix":1},"s":{"a":0,"k":[100,100],"ix":3},"r":{"a":0,"k":0,"ix":6},"o":{"a":0,"k":100,"ix":7},"sk":{"a":0,"k":0,"ix":4},"sa":{"a":0,"k":0,"ix":5},"nm":"Transform"}],"nm":"Group 3","np":5,"cix":2,"ix":3,"mn":"ADBE Vector Group","hd":false},{"ty":"gr","it":[{"ind":0,"ty":"sh","ix":1,"ks":{"a":0,"k":{"i":[[1.266,1.045],[11.005,-9.2],[-0.592,2.014],[-0.443,1.491],[1.279,0.418],[5.961,1.768],[0.289,-0.955],[4.951,-14.436],[0.822,-0.857],[9.061,6.954],[-0.164,6.647],[-1.201,-0.213],[-6.907,10.1],[6.581,7.343],[9.31,-11.063],[-1.291,-12.38],[0.446,-0.449],[-3.664,13.079],[-12.401,35.265],[1.886,-0.681],[8.416,-3.294],[0.185,-0.582],[7.105,-29.354],[-0.299,-1.152],[-9.215,7.677],[-0.554,-1.287],[-8.417,-1.896],[-8.696,5.099],[0.768,-1.892],[0.513,-1.228],[-1.262,-0.318],[-6.056,-1.717],[-0.411,0.939],[-3.9,12.982],[-0.157,0.185],[-10.293,-10.99],[-0.743,0.323],[-4.393,1.742]],"o":[[-7.827,-6.46],[-1.421,1.188],[0.439,-1.492],[0.37,-1.248],[-6,-1.963],[-0.963,-0.285],[-4.368,14.62],[-0.386,1.123],[-8.166,8.515],[-4.913,-3.77],[0.031,-1.266],[11.528,2.045],[5.161,-7.546],[-10.775,-12.022],[-7.945,9.44],[0.068,0.65],[-8.367,8.447],[10.045,-35.856],[0.619,-1.761],[-8.532,3.079],[-0.609,0.238],[-8.801,28.905],[-2.417,11.632],[4.751,15.291],[1.023,-0.852],[2.804,6.518],[9.879,2.225],[1.69,-0.991],[-0.499,1.231],[-0.523,1.253],[6.088,1.539],[0.951,0.27],[5.121,-12.535],[0.077,-0.246],[8.119,-9.563],[0.702,0.749],[4.265,-1.857],[1.287,-0.51]],"v":[[78.905,18.124],[46.517,11.63],[43.177,8.622],[44.28,4.893],[42.528,1.674],[27.591,-2.987],[25.439,-1.835],[11.797,41.858],[9.952,44.856],[-19.049,51.171],[-25.468,33.323],[-23.166,31.354],[6.963,21.011],[6.465,-6.015],[-32.675,0.356],[-44.287,38.452],[-44.866,40.204],[-61.659,39.167],[-28.955,-68.149],[-32.179,-70.929],[-53.506,-62.95],[-54.753,-61.661],[-77.754,25.85],[-78.425,45.191],[-45.072,47.34],[-41.903,48.147],[-25.525,61.442],[1.687,58.32],[4.584,61.162],[3.319,64.236],[4.738,67.269],[19.918,71.34],[22.27,70.191],[36.112,32.213],[36.464,31.561],[65.639,25.58],[68.061,26.283],[78.868,21.782]],"c":true},"ix":2},"nm":"Path 1","mn":"ADBE Vector Shape - Group","hd":false},{"ind":1,"ty":"sh","ix":2,"ks":{"a":0,"k":{"i":[[-0.088,0.434],[-0.067,0.29],[-3.34,4.094],[-2.305,1.162],[0.024,-4.411],[13.313,3.383]],"o":[[0.067,-0.29],[2.451,-7.865],[2.434,-2.984],[3.939,-1.985],[-0.07,12.606],[0.036,-0.335]],"v":[[-23.866,22.811],[-23.664,21.936],[-14.621,3.869],[-7.366,-2.305],[1.163,3.166],[-24.116,23.985]],"c":true},"ix":2},"nm":"Path 2","mn":"ADBE Vector Shape - Group","hd":false},{"ty":"mm","mm":1,"nm":"Merge Paths 1","mn":"ADBE Vector Filter - Merge","hd":false},{"ty":"fl","c":{"a":0,"k":[0.216690736658,0.493324878169,0.721504001991,1],"ix":4},"o":{"a":0,"k":100,"ix":5},"r":1,"nm":"Fill 1","mn":"ADBE Vector Graphic - Fill","hd":false},{"ty":"tr","p":{"a":0,"k":[311.493,135.036],"ix":2},"a":{"a":0,"k":[0,0],"ix":1},"s":{"a":0,"k":[100,100],"ix":3},"r":{"a":0,"k":0,"ix":6},"o":{"a":0,"k":100,"ix":7},"sk":{"a":0,"k":0,"ix":4},"sa":{"a":0,"k":0,"ix":5},"nm":"Transform"}],"nm":"Group 4","np":4,"cix":2,"ix":4,"mn":"ADBE Vector Group","hd":false}],"ip":0,"op":106,"st":2,"bm":0},{"ddd":0,"ind":3,"ty":4,"nm":"z7 Outlines","sr":1,"ks":{"o":{"a":1,"k":[{"i":{"x":[0.667],"y":[1]},"o":{"x":[0.333],"y":[0]},"n":["0p667_1_0p333_0"],"t":4,"s":[0],"e":[100]},{"i":{"x":[0.833],"y":[1]},"o":{"x":[0.333],"y":[0]},"n":["0p833_1_0p333_0"],"t":73,"s":[100],"e":[100]},{"i":{"x":[0.833],"y":[1]},"o":{"x":[0.167],"y":[0]},"n":["0p833_1_0p167_0"],"t":80,"s":[100],"e":[0]},{"t":105}],"ix":11},"r":{"a":1,"k":[{"i":{"x":[0.667],"y":[1]},"o":{"x":[0.333],"y":[0]},"n":["0p667_1_0p333_0"],"t":3,"s":[50],"e":[90]},{"i":{"x":[0.667],"y":[1]},"o":{"x":[0.333],"y":[0]},"n":["0p667_1_0p333_0"],"t":4,"s":[90],"e":[0]},{"t":73}],"ix":10},"p":{"a":1,"k":[{"i":{"x":0.667,"y":1},"o":{"x":0.333,"y":0},"n":"0p667_1_0p333_0","t":3,"s":[938.842,401.026,0],"e":[1116.842,289.026,0],"to":[29.6666660308838,-18.6666660308838,0],"ti":[-29.6666660308838,18.6666660308838,0]},{"i":{"x":0.667,"y":0.667},"o":{"x":0.333,"y":0.333},"n":"0p667_0p667_0p333_0p333","t":73,"s":[1116.842,289.026,0],"e":[1116.842,289.026,0],"to":[0,0,0],"ti":[0,0,0]},{"t":116}],"ix":2},"a":{"a":0,"k":[248,19,0],"ix":1},"s":{"a":1,"k":[{"i":{"x":[0.667,0.667,0.667],"y":[1,1,1]},"o":{"x":[0.333,0.333,0.333],"y":[0,0,0]},"n":["0p667_1_0p333_0","0p667_1_0p333_0","0p667_1_0p333_0"],"t":3,"s":[96.635,96.635,100],"e":[242.635,242.635,100]},{"t":73}],"ix":6}},"ao":0,"shapes":[{"ty":"gr","it":[{"ind":0,"ty":"sh","ix":1,"ks":{"a":0,"k":{"i":[[0,0],[0,0],[0,0],[0,0],[0,0],[0,0],[0,0],[0,0],[0,0],[0,0]],"o":[[0,0],[0,0],[0,0],[0,0],[0,0],[0,0],[0,0],[0,0],[0,0],[0,0]],"v":[[3.675,-17.202],[7.196,-6.551],[16.445,-0.198],[7.401,6.443],[4.218,17.202],[-4.894,10.654],[-16.11,10.951],[-12.696,0.263],[-16.445,-10.313],[-5.226,-10.37]],"c":true},"ix":2},"nm":"Path 1","mn":"ADBE Vector Shape - Group","hd":false},{"ty":"fl","c":{"a":0,"k":[0.216690736658,0.493324878169,0.721504001991,1],"ix":4},"o":{"a":0,"k":100,"ix":5},"r":1,"nm":"Fill 1","mn":"ADBE Vector Graphic - Fill","hd":false},{"ty":"tr","p":{"a":0,"k":[250.159,17.945],"ix":2},"a":{"a":0,"k":[0,0],"ix":1},"s":{"a":0,"k":[100,100],"ix":3},"r":{"a":0,"k":0,"ix":6},"o":{"a":0,"k":100,"ix":7},"sk":{"a":0,"k":0,"ix":4},"sa":{"a":0,"k":0,"ix":5},"nm":"Transform"}],"nm":"Group 1","np":2,"cix":2,"ix":1,"mn":"ADBE Vector Group","hd":false}],"ip":2,"op":106,"st":2,"bm":0},{"ddd":0,"ind":4,"ty":4,"nm":"Layer 10/moller_logo_layers Outlines","sr":1,"ks":{"o":{"a":0,"k":100,"ix":11},"r":{"a":0,"k":0,"ix":10},"p":{"a":1,"k":[{"i":{"x":0.667,"y":0.667},"o":{"x":0.333,"y":0.333},"n":"0p667_0p667_0p333_0p333","t":3,"s":[1005.842,522.026,0],"e":[1005.842,522.026,0],"to":[0,0,0],"ti":[0,0,0]},{"i":{"x":0.667,"y":0.667},"o":{"x":0.333,"y":0.333},"n":"0p667_0p667_0p333_0p333","t":6,"s":[1005.842,522.026,0],"e":[1005.842,522.026,0],"to":[0,0,0],"ti":[0,0,0]},{"i":{"x":0.667,"y":0.667},"o":{"x":0.333,"y":0.333},"n":"0p667_0p667_0p333_0p333","t":9,"s":[1005.842,522.026,0],"e":[1005.842,522.026,0],"to":[0,0,0],"ti":[0,0,0]},{"t":12}],"ix":2},"a":{"a":0,"k":[202,115,0],"ix":1},"s":{"a":1,"k":[{"i":{"x":[0.667,0.667,0.667],"y":[1,1,1]},"o":{"x":[0.167,0.167,0.167],"y":[0,0,0]},"n":["0p667_1_0p167_0","0p667_1_0p167_0","0p667_1_0p167_0"],"t":0,"s":[242,242,100],"e":[258,258,100]},{"i":{"x":[0.659,0.659,0.659],"y":[1,1,1]},"o":{"x":[0.297,0.297,0.297],"y":[0,0,0]},"n":["0p659_1_0p297_0","0p659_1_0p297_0","0p659_1_0p297_0"],"t":3,"s":[258,258,100],"e":[232,232,100]},{"i":{"x":[0.815,0.815,0.815],"y":[1,1,1]},"o":{"x":[0.425,0.425,0.425],"y":[0,0,0]},"n":["0p815_1_0p425_0","0p815_1_0p425_0","0p815_1_0p425_0"],"t":6,"s":[232,232,100],"e":[242.635,242.635,100]},{"i":{"x":[0.62,0.62,0.62],"y":[1,1,1]},"o":{"x":[0.159,0.159,0.159],"y":[0,0,0]},"n":["0p62_1_0p159_0","0p62_1_0p159_0","0p62_1_0p159_0"],"t":9,"s":[242.635,242.635,100],"e":[240,240,100]},{"i":{"x":[0.818,0.818,0.818],"y":[1,1,1]},"o":{"x":[0.436,0.436,0.436],"y":[0,0,0]},"n":["0p818_1_0p436_0","0p818_1_0p436_0","0p818_1_0p436_0"],"t":11,"s":[240,240,100],"e":[242.635,242.635,100]},{"t":12}],"ix":6}},"ao":0,"shapes":[{"ty":"gr","it":[{"ind":0,"ty":"sh","ix":1,"ks":{"a":0,"k":{"i":[[4.403,3.636],[9.32,0.291],[1.116,-0.089],[3.185,1.042],[5.986,1.776],[1.33,0.041],[2.715,-2.046],[0.439,0.489],[9.169,0.286],[7.527,-4.544],[-5.152,14.651],[2.822,4.119],[5.14,0.161],[1.931,-0.698],[8.578,-3.358],[1.497,-1.465],[1.166,1.512],[4.858,0.152],[2.185,-0.971],[5.923,-2.91],[1.229,-6.735],[1.612,-8.539],[0.681,-3.612],[0,0.001],[0,0],[10.983,-1.417],[-0.325,-10.058],[0,0],[0,0],[0.689,-0.95],[1.213,1.367],[7.403,0.231],[6.944,-7.047],[3.826,0.119],[6.116,-4.752],[1.157,0.036],[1.701,-0.528],[6.843,-2.191],[-0.981,-7.563],[0,0],[-5.315,-26.377],[-7.425,-0.232],[-1.691,0.533],[-5.606,1.671],[-1.937,2.981],[-2.196,-0.068],[-1.436,0.381],[-4.792,1.139],[-1.565,5.103],[-4.615,-0.144],[-6.727,4.985],[-2.851,-0.806],[-3.468,-0.108],[-9.33,11.326],[-1.322,-1.741],[-9.037,-0.282],[-5.675,2.821],[-7.51,-0.234],[-6.11,2.725],[-7.547,-1.7],[-3.824,-0.12],[-3.175,0.564],[-3.07,-0.776],[-5.924,-1.68],[-1.272,-0.039],[-2.583,5.894],[0,0],[-4.127,13.286],[-0.718,0.269],[-0.551,-0.588],[-4.198,-0.131],[-2.061,0.896],[-4.345,1.723],[-0.855,5.42]],"o":[[-10.632,-8.773],[-1.14,-0.035],[-1.932,-2.497],[-6.168,-2.017],[-1.284,-0.381],[-3.561,-0.111],[-0.399,-0.507],[-6.021,-6.717],[-7.996,-0.25],[4.63,-15.181],[1.65,-4.692],[-2.896,-4.227],[-2.05,-0.064],[-8.696,3.138],[-2.02,0.79],[-0.554,-1.765],[-2.975,-3.858],[-2.391,-0.075],[-7.214,3.204],[-6.136,3.016],[-0.657,3.603],[-0.765,4.048],[0,-0.001],[0,0],[-1.436,-10.761],[-10.373,1.337],[0,0],[0,0],[-0.742,0.903],[-1.161,-2.018],[-5.006,-5.641],[-8.592,-0.268],[-3.302,-1.676],[-8.176,-0.256],[-1.087,-0.275],[-1.775,-0.055],[-6.445,1.999],[-7.329,2.344],[0,0],[3.04,21.322],[1.48,7.228],[1.78,0.056],[5.683,-1.785],[3.616,-1.078],[1.889,0.891],[1.492,0.047],[5.069,-1.344],[5.466,-1.297],[4.199,2.433],[7.932,0.247],[2.526,1.396],[3.451,0.976],[15.153,0.473],[0.919,2.006],[5.279,6.955],[5.891,0.184],[4.701,4.642],[5.926,0.185],[4.849,5.051],[4.377,0.986],[3.404,0.106],[2.071,2.329],[5.972,1.509],[1.227,0.348],[6.401,0.2],[0,0],[4.391,-10.749],[3.309,-3.542],[0.243,0.166],[2.938,3.138],[2.252,0.071],[3.984,-1.735],[5.024,-1.992],[0.886,-5.62]],"v":[[195.663,5.367],[166.014,-8.105],[162.626,-8.022],[154.848,-13.525],[139.548,-18.299],[135.609,-18.936],[125.955,-15.862],[124.698,-17.355],[101.48,-28.061],[77.431,-21.255],[91.985,-65.87],[90.113,-79.941],[77.278,-86.949],[71.277,-85.993],[49.608,-77.885],[44.292,-74.46],[41.703,-79.415],[29.377,-85.725],[22.382,-84.355],[5.24,-76.376],[-6.521,-60.805],[-10.379,-40.249],[-12.594,-28.514],[-12.595,-28.516],[-33.167,-64.316],[-55.615,-81.225],[-73.177,-60.958],[-73.181,-60.958],[-83.243,-22.688],[-85.399,-19.915],[-89.027,-24.973],[-108.271,-34.079],[-132.391,-23.484],[-143.172,-26.21],[-165.218,-18.323],[-168.591,-18.796],[-173.829,-18.084],[-190.313,-12.877],[-201.267,4.222],[-201.244,4.393],[-189.001,74.288],[-173.876,86.958],[-168.642,86.239],[-154.516,81.906],[-146.008,75.53],[-139.835,77.01],[-135.419,76.505],[-123.15,73.417],[-112.016,62.988],[-98.494,66.827],[-75.772,59.345],[-67.7,62.652],[-57.274,64.285],[-19.82,45.762],[-16.458,51.392],[6.068,62.78],[23.602,58.746],[42.209,66.297],[60.853,62.272],[79.563,72.493],[91.751,74.137],[101.608,73.453],[109.479,78.238],[124.281,82.207],[128.048,82.792],[142.837,73.418],[142.971,73.102],[156.48,36.399],[162.572,31.573],[163.771,32.649],[174.998,37.793],[181.586,36.534],[191.974,32.208],[201.362,20.372]],"c":true},"ix":2},"nm":"Path 1","mn":"ADBE Vector Shape - Group","hd":false},{"ty":"fl","c":{"a":0,"k":[1,0,0.000775833749,1],"ix":4},"o":{"a":0,"k":100,"ix":5},"r":1,"nm":"Fill 1","mn":"ADBE Vector Graphic - Fill","hd":false},{"ty":"tr","p":{"a":0,"k":[201.921,136.213],"ix":2},"a":{"a":0,"k":[0,0],"ix":1},"s":{"a":0,"k":[100,100],"ix":3},"r":{"a":0,"k":0,"ix":6},"o":{"a":0,"k":100,"ix":7},"sk":{"a":0,"k":0,"ix":4},"sa":{"a":0,"k":0,"ix":5},"nm":"Transform"}],"nm":"Group 1","np":2,"cix":2,"ix":1,"mn":"ADBE Vector Group","hd":false}],"ip":0,"op":106,"st":2,"bm":0},{"ddd":0,"ind":5,"ty":4,"nm":"z12 Outlines","sr":1,"ks":{"o":{"a":1,"k":[{"i":{"x":[0.667],"y":[1]},"o":{"x":[0.333],"y":[0]},"n":["0p667_1_0p333_0"],"t":65,"s":[0],"e":[100]},{"i":{"x":[0.833],"y":[1]},"o":{"x":[0.333],"y":[0]},"n":["0p833_1_0p333_0"],"t":73,"s":[100],"e":[100]},{"i":{"x":[0.833],"y":[1]},"o":{"x":[0.167],"y":[0]},"n":["0p833_1_0p167_0"],"t":80,"s":[100],"e":[0]},{"t":105}],"ix":11},"r":{"a":1,"k":[{"i":{"x":[0.667],"y":[1]},"o":{"x":[0.333],"y":[0]},"n":["0p667_1_0p333_0"],"t":3,"s":[50],"e":[90]},{"i":{"x":[0.667],"y":[1]},"o":{"x":[0.333],"y":[0]},"n":["0p667_1_0p333_0"],"t":59,"s":[90],"e":[0]},{"t":73}],"ix":10},"p":{"a":1,"k":[{"i":{"x":0.667,"y":1},"o":{"x":0.333,"y":0},"n":"0p667_1_0p333_0","t":3,"s":[762.092,506.651,0],"e":[940.092,394.651,0],"to":[29.6666660308838,-18.6666660308838,0],"ti":[-29.6666660308838,18.6666660308838,0]},{"t":73}],"ix":2},"a":{"a":0,"k":[174.8,62.5,0],"ix":1},"s":{"a":0,"k":[242.635,242.635,100],"ix":6}},"ao":0,"shapes":[{"ty":"gr","it":[{"ind":0,"ty":"sh","ix":1,"ks":{"a":0,"k":{"i":[[0,0],[0,0],[0,0],[0,0],[0,0],[0,0],[0,0],[0,0],[0,0],[0,0]],"o":[[0,0],[0,0],[0,0],[0,0],[0,0],[0,0],[0,0],[0,0],[0,0],[0,0]],"v":[[-2.43,-2.167],[-0.556,-1.932],[1.079,-2.878],[1.434,-1.023],[2.839,0.24],[1.184,1.152],[0.418,2.878],[-0.96,1.585],[-2.839,1.389],[-2.036,-0.32]],"c":true},"ix":2},"nm":"Path 1","mn":"ADBE Vector Shape - Group","hd":false},{"ty":"fl","c":{"a":0,"k":[0.216690736658,0.493324878169,0.721504001991,1],"ix":4},"o":{"a":0,"k":100,"ix":5},"r":1,"nm":"Fill 1","mn":"ADBE Vector Graphic - Fill","hd":false},{"ty":"tr","p":{"a":0,"k":[175.081,62.622],"ix":2},"a":{"a":0,"k":[0,0],"ix":1},"s":{"a":0,"k":[100,100],"ix":3},"r":{"a":0,"k":0,"ix":6},"o":{"a":0,"k":100,"ix":7},"sk":{"a":0,"k":0,"ix":4},"sa":{"a":0,"k":0,"ix":5},"nm":"Transform"}],"nm":"Group 1","np":2,"cix":2,"ix":1,"mn":"ADBE Vector Group","hd":false}],"ip":2,"op":106,"st":2,"bm":0},{"ddd":0,"ind":6,"ty":4,"nm":"z11 Outlines","sr":1,"ks":{"o":{"a":1,"k":[{"i":{"x":[0.667],"y":[1]},"o":{"x":[0.333],"y":[0]},"n":["0p667_1_0p333_0"],"t":51,"s":[0],"e":[100]},{"i":{"x":[0.833],"y":[1]},"o":{"x":[0.333],"y":[0]},"n":["0p833_1_0p333_0"],"t":73,"s":[100],"e":[100]},{"i":{"x":[0.833],"y":[1]},"o":{"x":[0.167],"y":[0]},"n":["0p833_1_0p167_0"],"t":80,"s":[100],"e":[0]},{"t":105}],"ix":11},"r":{"a":1,"k":[{"i":{"x":[0.667],"y":[1]},"o":{"x":[0.333],"y":[0]},"n":["0p667_1_0p333_0"],"t":3,"s":[50],"e":[-193]},{"i":{"x":[0.667],"y":[1]},"o":{"x":[0.333],"y":[0]},"n":["0p667_1_0p333_0"],"t":4,"s":[-193],"e":[0]},{"t":73}],"ix":10},"p":{"a":1,"k":[{"i":{"x":0.667,"y":1},"o":{"x":0.333,"y":0},"n":"0p667_1_0p333_0","t":3,"s":[793.342,476.526,0],"e":[971.342,364.526,0],"to":[29.6666660308838,-18.6666660308838,0],"ti":[-29.6666660308838,18.6666660308838,0]},{"t":73}],"ix":2},"a":{"a":0,"k":[188,50,0],"ix":1},"s":{"a":0,"k":[242.635,242.635,100],"ix":6}},"ao":0,"shapes":[{"ty":"gr","it":[{"ind":0,"ty":"sh","ix":1,"ks":{"a":0,"k":{"i":[[0,0],[0,0],[0,0],[0,0],[0,0],[0,0],[0,0],[0,0],[0,0],[0,0]],"o":[[0,0],[0,0],[0,0],[0,0],[0,0],[0,0],[0,0],[0,0],[0,0],[0,0]],"v":[[-0.381,-6.403],[2.376,-3.112],[6.562,-2.16],[4.285,1.479],[4.672,5.755],[0.508,4.713],[-3.439,6.403],[-3.735,2.12],[-6.562,-1.111],[-2.581,-2.716]],"c":true},"ix":2},"nm":"Path 1","mn":"ADBE Vector Shape - Group","hd":false},{"ty":"fl","c":{"a":0,"k":[0.216690736658,0.493324878169,0.721504001991,1],"ix":4},"o":{"a":0,"k":100,"ix":5},"r":1,"nm":"Fill 1","mn":"ADBE Vector Graphic - Fill","hd":false},{"ty":"tr","p":{"a":0,"k":[187.836,49.762],"ix":2},"a":{"a":0,"k":[0,0],"ix":1},"s":{"a":0,"k":[100,100],"ix":3},"r":{"a":0,"k":0,"ix":6},"o":{"a":0,"k":100,"ix":7},"sk":{"a":0,"k":0,"ix":4},"sa":{"a":0,"k":0,"ix":5},"nm":"Transform"}],"nm":"Group 1","np":2,"cix":2,"ix":1,"mn":"ADBE Vector Group","hd":false}],"ip":2,"op":106,"st":2,"bm":0},{"ddd":0,"ind":7,"ty":4,"nm":"z10 Outlines","sr":1,"ks":{"o":{"a":1,"k":[{"i":{"x":[0.667],"y":[1]},"o":{"x":[0.333],"y":[0]},"n":["0p667_1_0p333_0"],"t":37,"s":[0],"e":[100]},{"i":{"x":[0.833],"y":[1]},"o":{"x":[0.333],"y":[0]},"n":["0p833_1_0p333_0"],"t":73,"s":[100],"e":[100]},{"i":{"x":[0.833],"y":[1]},"o":{"x":[0.167],"y":[0]},"n":["0p833_1_0p167_0"],"t":80,"s":[100],"e":[0]},{"t":105}],"ix":11},"r":{"a":1,"k":[{"i":{"x":[0.667],"y":[1]},"o":{"x":[0.333],"y":[0]},"n":["0p667_1_0p333_0"],"t":38,"s":[546],"e":[456]},{"t":73}],"ix":10},"p":{"a":1,"k":[{"i":{"x":0.667,"y":1},"o":{"x":0.333,"y":0},"n":"0p667_1_0p333_0","t":3,"s":[806.842,442.526,0],"e":[984.842,330.526,0],"to":[29.6666660308838,-18.6666660308838,0],"ti":[-29.6666660308838,18.6666660308838,0]},{"t":73}],"ix":2},"a":{"a":0,"k":[193.5,36,0],"ix":1},"s":{"a":0,"k":[242.635,242.635,100],"ix":6}},"ao":0,"shapes":[{"ty":"gr","it":[{"ind":0,"ty":"sh","ix":1,"ks":{"a":0,"k":{"i":[[0,0],[0,0],[0,0],[0,0],[0,0],[0,0],[0,0],[0,0],[0,0],[0,0]],"o":[[0,0],[0,0],[0,0],[0,0],[0,0],[0,0],[0,0],[0,0],[0,0],[0,0]],"v":[[-2.43,-2.167],[-0.556,-1.932],[1.079,-2.878],[1.434,-1.022],[2.839,0.241],[1.184,1.152],[0.418,2.878],[-0.96,1.585],[-2.839,1.389],[-2.036,-0.32]],"c":true},"ix":2},"nm":"Path 1","mn":"ADBE Vector Shape - Group","hd":false},{"ty":"fl","c":{"a":0,"k":[0.216690736658,0.493324878169,0.721504001991,1],"ix":4},"o":{"a":0,"k":100,"ix":5},"r":1,"nm":"Fill 1","mn":"ADBE Vector Graphic - Fill","hd":false},{"ty":"tr","p":{"a":0,"k":[193.542,36.08],"ix":2},"a":{"a":0,"k":[0,0],"ix":1},"s":{"a":0,"k":[100,100],"ix":3},"r":{"a":0,"k":0,"ix":6},"o":{"a":0,"k":100,"ix":7},"sk":{"a":0,"k":0,"ix":4},"sa":{"a":0,"k":0,"ix":5},"nm":"Transform"}],"nm":"Group 1","np":2,"cix":2,"ix":1,"mn":"ADBE Vector Group","hd":false}],"ip":2,"op":106,"st":2,"bm":0},{"ddd":0,"ind":8,"ty":4,"nm":"z9 Outlines","sr":1,"ks":{"o":{"a":1,"k":[{"i":{"x":[0.667],"y":[1]},"o":{"x":[0.333],"y":[0]},"n":["0p667_1_0p333_0"],"t":29,"s":[0],"e":[100]},{"i":{"x":[0.833],"y":[1]},"o":{"x":[0.333],"y":[0]},"n":["0p833_1_0p333_0"],"t":73,"s":[100],"e":[100]},{"i":{"x":[0.833],"y":[1]},"o":{"x":[0.167],"y":[0]},"n":["0p833_1_0p167_0"],"t":80,"s":[100],"e":[0]},{"t":105}],"ix":11},"r":{"a":1,"k":[{"i":{"x":[0.667],"y":[1]},"o":{"x":[0.333],"y":[0]},"n":["0p667_1_0p333_0"],"t":3,"s":[50],"e":[-108]},{"i":{"x":[0.667],"y":[1]},"o":{"x":[0.333],"y":[0]},"n":["0p667_1_0p333_0"],"t":4,"s":[-108],"e":[0]},{"t":73}],"ix":10},"p":{"a":1,"k":[{"i":{"x":0.667,"y":1},"o":{"x":0.333,"y":0},"n":"0p667_1_0p333_0","t":3,"s":[859.342,459.526,0],"e":[1037.342,347.526,0],"to":[29.6666660308838,-18.6666660308838,0],"ti":[-29.6666660308838,18.6666660308838,0]},{"t":73}],"ix":2},"a":{"a":0,"k":[215,43,0],"ix":1},"s":{"a":1,"k":[{"i":{"x":[0.667,0.667,0.667],"y":[1,1,1]},"o":{"x":[0.333,0.333,0.333],"y":[0,0,0]},"n":["0p667_1_0p333_0","0p667_1_0p333_0","0p667_1_0p333_0"],"t":31,"s":[177.635,177.635,100],"e":[242.635,242.635,100]},{"t":73}],"ix":6}},"ao":0,"shapes":[{"ty":"gr","it":[{"ind":0,"ty":"sh","ix":1,"ks":{"a":0,"k":{"i":[[0,0],[0,0],[0,0],[0,0],[0,0],[0,0],[0,0],[0,0],[0,0],[0,0]],"o":[[0,0],[0,0],[0,0],[0,0],[0,0],[0,0],[0,0],[0,0],[0,0],[0,0]],"v":[[-1.546,-6.947],[2.083,-4.236],[6.613,-4.27],[5.156,0.019],[6.589,4.316],[2.059,4.256],[-1.585,6.947],[-2.927,2.62],[-6.613,-0.014],[-2.912,-2.628]],"c":true},"ix":2},"nm":"Path 1","mn":"ADBE Vector Shape - Group","hd":false},{"ty":"fl","c":{"a":0,"k":[0.216690736658,0.493324878169,0.721504001991,1],"ix":4},"o":{"a":0,"k":100,"ix":5},"r":1,"nm":"Fill 1","mn":"ADBE Vector Graphic - Fill","hd":false},{"ty":"tr","p":{"a":0,"k":[214.569,43.064],"ix":2},"a":{"a":0,"k":[0,0],"ix":1},"s":{"a":0,"k":[100,100],"ix":3},"r":{"a":0,"k":0,"ix":6},"o":{"a":0,"k":100,"ix":7},"sk":{"a":0,"k":0,"ix":4},"sa":{"a":0,"k":0,"ix":5},"nm":"Transform"}],"nm":"Group 1","np":2,"cix":2,"ix":1,"mn":"ADBE Vector Group","hd":false}],"ip":2,"op":106,"st":2,"bm":0},{"ddd":0,"ind":9,"ty":4,"nm":"z8 Outlines","sr":1,"ks":{"o":{"a":1,"k":[{"i":{"x":[0.667],"y":[1]},"o":{"x":[0.333],"y":[0]},"n":["0p667_1_0p333_0"],"t":31,"s":[0],"e":[100]},{"i":{"x":[0.833],"y":[1]},"o":{"x":[0.333],"y":[0]},"n":["0p833_1_0p333_0"],"t":73,"s":[100],"e":[100]},{"i":{"x":[0.833],"y":[1]},"o":{"x":[0.167],"y":[0]},"n":["0p833_1_0p167_0"],"t":80,"s":[100],"e":[0]},{"t":105}],"ix":11},"r":{"a":1,"k":[{"i":{"x":[0.667],"y":[1]},"o":{"x":[0.333],"y":[0]},"n":["0p667_1_0p333_0"],"t":3,"s":[50],"e":[-150]},{"i":{"x":[0.667],"y":[1]},"o":{"x":[0.333],"y":[0]},"n":["0p667_1_0p333_0"],"t":4,"s":[-150],"e":[0]},{"t":73}],"ix":10},"p":{"a":1,"k":[{"i":{"x":0.667,"y":1},"o":{"x":0.333,"y":0},"n":"0p667_1_0p333_0","t":3,"s":[870.342,413.526,0],"e":[1048.342,301.526,0],"to":[29.6666660308838,-18.6666660308838,0],"ti":[-29.6666660308838,18.6666660308838,0]},{"t":73}],"ix":2},"a":{"a":0,"k":[219.5,24,0],"ix":1},"s":{"a":0,"k":[242.635,242.635,100],"ix":6}},"ao":0,"shapes":[{"ty":"gr","it":[{"ind":0,"ty":"sh","ix":1,"ks":{"a":0,"k":{"i":[[0,0],[0,0],[0,0],[0,0],[0,0],[0,0],[0,0],[0,0],[0,0],[0,0]],"o":[[0,0],[0,0],[0,0],[0,0],[0,0],[0,0],[0,0],[0,0],[0,0],[0,0]],"v":[[-1.493,-4.204],[0.871,-2.79],[3.61,-3.092],[2.994,-0.407],[4.128,2.105],[1.384,2.349],[-0.654,4.204],[-1.735,1.669],[-4.128,0.304],[-2.051,-1.507]],"c":true},"ix":2},"nm":"Path 1","mn":"ADBE Vector Shape - Group","hd":false},{"ty":"fl","c":{"a":0,"k":[0.216690736658,0.493324878169,0.721504001991,1],"ix":4},"o":{"a":0,"k":100,"ix":5},"r":1,"nm":"Fill 1","mn":"ADBE Vector Graphic - Fill","hd":false},{"ty":"tr","p":{"a":0,"k":[219.298,24.292],"ix":2},"a":{"a":0,"k":[0,0],"ix":1},"s":{"a":0,"k":[100,100],"ix":3},"r":{"a":0,"k":0,"ix":6},"o":{"a":0,"k":100,"ix":7},"sk":{"a":0,"k":0,"ix":4},"sa":{"a":0,"k":0,"ix":5},"nm":"Transform"}],"nm":"Group 1","np":2,"cix":2,"ix":1,"mn":"ADBE Vector Group","hd":false}],"ip":2,"op":106,"st":2,"bm":0},{"ddd":0,"ind":10,"ty":5,"nm":"world of fun","sr":1,"ks":{"o":{"a":0,"k":100,"ix":11},"r":{"a":1,"k":[{"i":{"x":[0.833],"y":[0.833]},"o":{"x":[0.167],"y":[0.167]},"n":["0p833_0p833_0p167_0p167"],"t":92,"s":[0],"e":[-3]},{"i":{"x":[0.833],"y":[0.833]},"o":{"x":[0.167],"y":[0.167]},"n":["0p833_0p833_0p167_0p167"],"t":95,"s":[-3],"e":[4]},{"i":{"x":[0.833],"y":[0.833]},"o":{"x":[0.167],"y":[0.167]},"n":["0p833_0p833_0p167_0p167"],"t":99,"s":[4],"e":[0]},{"t":103}],"ix":10},"p":{"a":0,"k":[990,785,0],"ix":2},"a":{"a":0,"k":[0,0,0],"ix":1},"s":{"a":0,"k":[64.627,53.342,100],"ix":6}},"ao":0,"t":{"d":{"k":[{"s":{"s":91,"f":"CenturyGothic-Bold","t":"world of fun","j":2,"tr":20,"lh":109.2,"ls":0,"fc":[0.22,0.49,0.72]},"t":0}]},"p":{},"m":{"g":1,"a":{"a":0,"k":[0,0],"ix":2}},"a":[]},"ip":0,"op":106,"st":-29,"bm":0},{"ddd":0,"ind":11,"ty":1,"nm":"White Solid 1","sr":1,"ks":{"o":{"a":0,"k":100,"ix":11},"r":{"a":0,"k":0,"ix":10},"p":{"a":0,"k":[960,540,0],"ix":2},"a":{"a":0,"k":[960,540,0],"ix":1},"s":{"a":0,"k":[100,100,100],"ix":6}},"ao":0,"sw":1920,"sh":1080,"sc":"#ffffff","ip":0,"op":106,"st":-49,"bm":0}],"chars":[{"ch":"w","size":91,"style":"Bold","w":79.98,"data":{"shapes":[{"ty":"gr","it":[{"ind":0,"ty":"sh","ix":1,"ks":{"a":0,"k":{"i":[[0,0],[0,0],[0,0],[0,0],[0,0],[0,0],[0,0],[0,0],[0,0],[0,0],[0,0],[0,0],[0,0]],"o":[[0,0],[0,0],[0,0],[0,0],[0,0],[0,0],[0,0],[0,0],[0,0],[0,0],[0,0],[0,0],[0,0]],"v":[[19.995,0],[28.345,0],[40.015,-30.273],[51.343,0],[59.79,0],[79.175,-53.125],[66.042,-53.125],[55.347,-23.242],[44.06,-53.125],[36.079,-53.125],[24.585,-22.9],[13.902,-53.125],[0.854,-53.125]],"c":true},"ix":2},"nm":"w","mn":"ADBE Vector Shape - Group","hd":false}],"nm":"w","np":3,"cix":2,"ix":1,"mn":"ADBE Vector Group","hd":false}]},"fFamily":"Century Gothic"},{"ch":"o","size":91,"style":"Bold","w":64.01,"data":{"shapes":[{"ty":"gr","it":[{"ind":0,"ty":"sh","ix":1,"ks":{"a":0,"k":{"i":[[5.338,-4.817],[0,-8.301],[-5.388,-5.42],[-7.617,0],[-4.297,2.457],[-2.49,4.362],[0,5.013],[2.473,4.297],[4.411,2.507],[5.013,0]],"o":[[-6.087,5.534],[0,7.748],[5.387,5.42],[5.176,0],[4.297,-2.457],[2.49,-4.362],[0,-4.98],[-2.474,-4.297],[-4.411,-2.506],[-6.934,0]],"v":[[13.281,-47.266],[4.15,-26.514],[12.231,-6.763],[31.738,1.367],[45.947,-2.319],[56.128,-12.549],[59.863,-26.611],[56.152,-40.527],[45.825,-50.732],[31.689,-54.492]],"c":true},"ix":2},"nm":"o","mn":"ADBE Vector Shape - Group","hd":false},{"ind":1,"ty":"sh","ix":2,"ks":{"a":0,"k":{"i":[[-2.723,-2.848],[0,-4.557],[2.771,-2.897],[4.173,0],[2.722,2.865],[0,4.623],[-2.756,2.881],[-4.141,0]],"o":[[2.722,2.849],[0,4.558],[-2.772,2.898],[-4.174,0],[-2.723,-2.864],[0,-4.492],[2.755,-2.881],[4.239,0]],"v":[[42.352,-37.671],[46.436,-26.563],[42.278,-15.381],[31.86,-11.035],[21.516,-15.332],[17.432,-26.563],[21.564,-37.622],[31.909,-41.943]],"c":true},"ix":2},"nm":"o","mn":"ADBE Vector Shape - Group","hd":false}],"nm":"o","np":5,"cix":2,"ix":1,"mn":"ADBE Vector Group","hd":false}]},"fFamily":"Century Gothic"},{"ch":"r","size":91,"style":"Bold","w":31.98,"data":{"shapes":[{"ty":"gr","it":[{"ind":0,"ty":"sh","ix":1,"ks":{"a":0,"k":{"i":[[0,0],[0,0],[0,0],[0,0],[-1.416,2.539],[-2.051,0],[-1.563,-0.781],[0,0],[1.725,0],[2.051,-1.367],[1.237,-2.637],[0,0],[0,0]],"o":[[0,0],[0,0],[0,0],[0,-7.422],[1.416,-2.539],[1.009,0],[0,0],[-1.888,-0.911],[-2.441,0],[-2.051,1.367],[0,0],[0,0],[0,0]],"v":[[3.613,0],[16.846,0],[16.846,-21.484],[16.797,-24.072],[18.921,-39.014],[24.121,-42.822],[27.979,-41.65],[32.129,-53.125],[26.709,-54.492],[19.971,-52.441],[15.039,-46.436],[15.039,-53.125],[3.613,-53.125]],"c":true},"ix":2},"nm":"r","mn":"ADBE Vector Shape - Group","hd":false}],"nm":"r","np":3,"cix":2,"ix":1,"mn":"ADBE Vector Group","hd":false}]},"fFamily":"Century Gothic"},{"ch":"l","size":91,"style":"Bold","w":23.97,"data":{"shapes":[{"ty":"gr","it":[{"ind":0,"ty":"sh","ix":1,"ks":{"a":0,"k":{"i":[[0,0],[0,0],[0,0],[0,0]],"o":[[0,0],[0,0],[0,0],[0,0]],"v":[[5.273,0],[18.604,0],[18.604,-73.633],[5.273,-73.633]],"c":true},"ix":2},"nm":"l","mn":"ADBE Vector Shape - Group","hd":false}],"nm":"l","np":3,"cix":2,"ix":1,"mn":"ADBE Vector Group","hd":false}]},"fFamily":"Century Gothic"},{"ch":"d","size":91,"style":"Bold","w":66.02,"data":{"shapes":[{"ty":"gr","it":[{"ind":0,"ty":"sh","ix":1,"ks":{"a":0,"k":{"i":[[0,0],[2.796,1.205],[3.186,0],[4.845,-5.241],[0,-8.203],[-5.007,-5.322],[-6.86,0],[-2.618,1.09],[-2.602,2.474],[0,0],[0,0],[0,0],[0,0]],"o":[[-2.374,-2.409],[-2.796,-1.204],[-6.926,0],[-4.845,5.241],[0,7.91],[5.007,5.322],[3.056,0],[2.617,-1.09],[0,0],[0,0],[0,0],[0,0],[0,0]],"v":[[45.947,-47.266],[38.192,-52.686],[29.219,-54.492],[11.564,-46.631],[4.297,-26.465],[11.807,-6.616],[29.609,1.367],[38.12,-0.269],[45.947,-5.615],[45.947,0],[59.277,0],[59.277,-73.633],[45.947,-73.633]],"c":true},"ix":2},"nm":"d","mn":"ADBE Vector Shape - Group","hd":false},{"ind":1,"ty":"sh","ix":2,"ks":{"a":0,"k":{"i":[[-2.757,-2.864],[0,-4.622],[2.757,-2.913],[4.185,0],[2.774,2.962],[0,4.59],[-2.725,2.914],[-4.121,0]],"o":[[2.757,2.865],[0,4.72],[-2.757,2.914],[-4.056,0],[-2.774,-2.962],[0,-4.557],[2.725,-2.913],[4.218,0]],"v":[[42.397,-37.891],[46.533,-26.66],[42.397,-15.21],[31.982,-10.84],[21.738,-15.283],[17.578,-26.611],[21.666,-37.817],[31.934,-42.188]],"c":true},"ix":2},"nm":"d","mn":"ADBE Vector Shape - Group","hd":false}],"nm":"d","np":5,"cix":2,"ix":1,"mn":"ADBE Vector Group","hd":false}]},"fFamily":"Century Gothic"},{"ch":" ","size":91,"style":"Bold","w":27.98,"data":{},"fFamily":"Century Gothic"},{"ch":"f","size":91,"style":"Bold","w":27.98,"data":{"shapes":[{"ty":"gr","it":[{"ind":0,"ty":"sh","ix":1,"ks":{"a":0,"k":{"i":[[0,0],[0,0],[0,0],[0,0],[0,0],[0,0],[0,0],[0,0],[0,0],[-0.521,0.488],[-1.563,0],[-1.921,-0.553],[0,0],[2.766,0],[2.1,-1.709],[0.358,-2.93],[0.032,-6.966],[0,0]],"o":[[0,0],[0,0],[0,0],[0,0],[0,0],[0,0],[0,0],[0,0],[0,-1.53],[0.716,-0.651],[1.237,0],[0,0],[-3.484,-1.27],[-3.841,0],[-2.1,1.709],[-0.195,1.27],[0,0],[0,0]],"v":[[0.391,-41.846],[5.127,-41.846],[5.127,0],[18.457,0],[18.457,-41.846],[26.904,-41.846],[26.904,-53.125],[18.457,-53.125],[18.506,-59.766],[19.287,-62.793],[22.705,-63.77],[27.441,-62.939],[27.441,-73.096],[18.066,-75],[9.155,-72.437],[5.469,-65.479],[5.127,-53.125],[0.391,-53.125]],"c":true},"ix":2},"nm":"f","mn":"ADBE Vector Shape - Group","hd":false}],"nm":"f","np":3,"cix":2,"ix":1,"mn":"ADBE Vector Group","hd":false}]},"fFamily":"Century Gothic"},{"ch":"u","size":91,"style":"Bold","w":60.01,"data":{"shapes":[{"ty":"gr","it":[{"ind":0,"ty":"sh","ix":1,"ks":{"a":0,"k":{"i":[[0,0],[-1.042,-3.223],[-3.597,-2.604],[-5.827,0],[-3.484,2.229],[-1.791,4.167],[0,9.277],[0,0],[0,0],[0,0],[0.555,-1.53],[1.55,-1.057],[2.219,0],[1.517,1.074],[0.685,1.937],[0,4.98],[0,0],[0,0]],"o":[[0,8.496],[1.465,4.655],[3.596,2.604],[5.371,0],[3.483,-2.229],[1.465,-3.418],[0,0],[0,0],[0,0],[0,5.013],[-0.751,2.051],[-1.55,1.058],[-2.219,0],[-1.517,-1.074],[-0.685,-1.936],[0,0],[0,0],[0,0]],"v":[[6.689,-31.006],[8.252,-13.428],[15.845,-2.539],[29.98,1.367],[43.262,-1.978],[51.172,-11.572],[53.369,-30.615],[53.369,-53.125],[40.039,-53.125],[40.039,-27.1],[39.207,-17.285],[35.756,-12.622],[30.103,-11.035],[24.498,-12.646],[21.194,-17.163],[20.166,-27.539],[20.166,-53.125],[6.689,-53.125]],"c":true},"ix":2},"nm":"u","mn":"ADBE Vector Shape - Group","hd":false}],"nm":"u","np":3,"cix":2,"ix":1,"mn":"ADBE Vector Group","hd":false}]},"fFamily":"Century Gothic"},{"ch":"n","size":91,"style":"Bold","w":60.01,"data":{"shapes":[{"ty":"gr","it":[{"ind":0,"ty":"sh","ix":1,"ks":{"a":0,"k":{"i":[[0,0],[0,0],[0,0],[-0.39,1.659],[-1.933,1.805],[-2.695,0],[-1.413,-1.089],[-0.568,-2.081],[0,-6.34],[0,0],[0,0],[0,0],[3.088,3.125],[5.266,0],[2.454,-0.996],[3.023,-2.548],[0,0],[0,0]],"o":[[0,0],[0,0],[0,-5.527],[0.747,-3.186],[1.932,-1.804],[2.078,0],[1.413,1.089],[0.568,2.081],[0,0],[0,0],[0,0],[0,-6.12],[-3.674,-3.678],[-2.568,0],[-2.454,0.996],[0,0],[0,0],[0,0]],"v":[[6.738,0],[20.068,0],[20.068,-21.313],[20.653,-32.092],[24.672,-39.578],[31.613,-42.285],[36.849,-40.651],[39.821,-35.896],[40.674,-23.264],[40.674,0],[53.857,0],[53.857,-35.107],[49.226,-48.975],[35.817,-54.492],[28.284,-52.998],[20.068,-47.681],[20.068,-53.125],[6.738,-53.125]],"c":true},"ix":2},"nm":"n","mn":"ADBE Vector Shape - Group","hd":false}],"nm":"n","np":3,"cix":2,"ix":1,"mn":"ADBE Vector Group","hd":false}]},"fFamily":"Century Gothic"}]}