{"v":"4.7.0","fr":29.9700012207031,"ip":0,"op":155.000006313279,"w":320,"h":338,"nm":"Birds","ddd":0,"assets":[],"layers":[{"ddd":0,"ind":1,"ty":4,"nm":"Untitled-5 Outlines","ks":{"o":{"a":1,"k":[{"i":{"x":[0.833],"y":[0.833]},"o":{"x":[0.167],"y":[0.167]},"n":["0p833_0p833_0p167_0p167"],"t":65,"s":[0],"e":[100]},{"t":73.000002973351}]},"r":{"a":0,"k":0},"p":{"a":0,"k":[210.25,104.75,0]},"a":{"a":0,"k":[130.5,69.5,0]},"s":{"a":0,"k":[100,100,100]}},"ao":0,"hasMask":true,"masksProperties":[{"inv":false,"mode":"a","pt":{"a":0,"k":{"i":[[0,0],[0,0],[0,0]],"o":[[0,0],[0,0],[0,0]],"v":[[178.079,79.587],[236.338,117.448],[236.338,45.416]],"c":true}},"o":{"a":0,"k":100},"x":{"a":0,"k":0},"nm":"Mask 1"}],"shapes":[{"ty":"gr","it":[{"ind":0,"ty":"sh","ix":1,"ks":{"a":0,"k":{"i":[[0,0],[0,0]],"o":[[0,0],[0,0]],"v":[[217.759,99.669],[217.759,27.665]],"c":false}},"nm":"Path 2","mn":"ADBE Vector Shape - Group"},{"ty":"st","c":{"a":0,"k":[0.502,0.831,0.765,1]},"o":{"a":0,"k":100},"w":{"a":0,"k":4},"lc":2,"lj":2,"nm":"Stroke 2","mn":"ADBE Vector Graphic - Stroke"},{"ind":2,"ty":"sh","ix":3,"ks":{"a":0,"k":{"i":[[0,0],[0,0]],"o":[[0,0],[0,0]],"v":[[201.68,99.669],[201.68,27.665]],"c":false}},"nm":"Path 3","mn":"ADBE Vector Shape - Group"},{"ty":"st","c":{"a":0,"k":[0.502,0.831,0.765,1]},"o":{"a":0,"k":100},"w":{"a":0,"k":4},"lc":2,"lj":2,"nm":"Stroke 3","mn":"ADBE Vector Graphic - Stroke"},{"ind":4,"ty":"sh","ix":5,"ks":{"a":0,"k":{"i":[[0,0],[0,0]],"o":[[0,0],[0,0]],"v":[[185.635,99.669],[185.635,27.665]],"c":false}},"nm":"Path 4","mn":"ADBE Vector Shape - Group"},{"ty":"st","c":{"a":0,"k":[0.502,0.831,0.765,1]},"o":{"a":0,"k":100},"w":{"a":0,"k":4},"lc":2,"lj":2,"nm":"Stroke 4","mn":"ADBE Vector Graphic - Stroke"},{"ty":"st","c":{"a":0,"k":[0.502,0.831,0.765,1]},"o":{"a":0,"k":100},"w":{"a":0,"k":4},"lc":2,"lj":2,"nm":"Stroke 5","mn":"ADBE Vector Graphic - Stroke"},{"ind":7,"ty":"sh","ix":8,"ks":{"a":0,"k":{"i":[[0,0],[0,0]],"o":[[0,0],[0,0]],"v":[[169.522,99.587],[169.522,27.583]],"c":false}},"nm":"Path 6","mn":"ADBE Vector Shape - Group"},{"ty":"st","c":{"a":0,"k":[0.502,0.831,0.765,1]},"o":{"a":0,"k":100},"w":{"a":0,"k":4},"lc":2,"lj":2,"nm":"Stroke 6","mn":"ADBE Vector Graphic - Stroke"},{"ind":9,"ty":"sh","ix":10,"ks":{"a":0,"k":{"i":[[0,0],[0,0]],"o":[[0,0],[0,0]],"v":[[153.488,99.587],[153.488,27.583]],"c":false}},"nm":"Path 7","mn":"ADBE Vector Shape - Group"},{"ty":"st","c":{"a":0,"k":[0.502,0.831,0.765,1]},"o":{"a":0,"k":100},"w":{"a":0,"k":4},"lc":2,"lj":2,"nm":"Stroke 7","mn":"ADBE Vector Graphic - Stroke"},{"ind":11,"ty":"sh","ix":12,"ks":{"a":0,"k":{"i":[[0,0],[0,0]],"o":[[0,0],[0,0]],"v":[[137.408,99.587],[137.408,27.583]],"c":false}},"nm":"Path 8","mn":"ADBE Vector Shape - Group"},{"ty":"st","c":{"a":0,"k":[0.502,0.831,0.765,1]},"o":{"a":0,"k":100},"w":{"a":0,"k":4},"lc":2,"lj":2,"nm":"Stroke 8","mn":"ADBE Vector Graphic - Stroke"},{"ind":13,"ty":"sh","ix":14,"ks":{"a":0,"k":{"i":[[0,0],[0,0]],"o":[[0,0],[0,0]],"v":[[121.363,99.587],[121.363,27.583]],"c":false}},"nm":"Path 9","mn":"ADBE Vector Shape - Group"},{"ty":"st","c":{"a":0,"k":[0.502,0.831,0.765,1]},"o":{"a":0,"k":100},"w":{"a":0,"k":4},"lc":2,"lj":2,"nm":"Stroke 9","mn":"ADBE Vector Graphic - Stroke"},{"ind":15,"ty":"sh","ix":16,"ks":{"a":0,"k":{"i":[[0,0],[0,0]],"o":[[0,0],[0,0]],"v":[[105.329,99.587],[105.329,27.583]],"c":false}},"nm":"Path 10","mn":"ADBE Vector Shape - Group"},{"ty":"st","c":{"a":0,"k":[0.502,0.831,0.765,1]},"o":{"a":0,"k":100},"w":{"a":0,"k":4},"lc":2,"lj":2,"nm":"Stroke 10","mn":"ADBE Vector Graphic - Stroke"},{"ind":17,"ty":"sh","ix":18,"ks":{"a":0,"k":{"i":[[0,0],[0,0]],"o":[[0,0],[0,0]],"v":[[233.794,99.669],[233.794,27.665]],"c":false}},"nm":"Path 1","mn":"ADBE Vector Shape - Group"},{"ty":"st","c":{"a":0,"k":[0.502,0.831,0.765,1]},"o":{"a":0,"k":100},"w":{"a":0,"k":4},"lc":2,"lj":2,"nm":"Stroke 1","mn":"ADBE Vector Graphic - Stroke"},{"ty":"tr","p":{"a":1,"k":[{"i":{"x":0.307,"y":1},"o":{"x":0.165,"y":0.001},"n":"0p307_1_0p165_0p001","t":86,"s":[-63.25,15.5],"e":[0.75,15.5],"to":[10.6666669845581,0],"ti":[-10.6666669845581,0]},{"t":144.00000586524}],"ix":2},"a":{"a":0,"k":[0,0],"ix":1},"s":{"a":0,"k":[100,100],"ix":3},"r":{"a":0,"k":0,"ix":6},"o":{"a":0,"k":100,"ix":7},"sk":{"a":0,"k":0,"ix":4},"sa":{"a":0,"k":0,"ix":5},"nm":"Transform"}],"nm":"Group 1","np":19,"cix":2,"ix":1,"mn":"ADBE Vector Group"}],"ip":0,"op":900.000036657751,"st":0,"bm":0,"sr":1},{"ddd":0,"ind":2,"ty":4,"nm":"Untitled-4 Outlines","ks":{"o":{"a":1,"k":[{"i":{"x":[0.833],"y":[0.833]},"o":{"x":[0.167],"y":[0.167]},"n":["0p833_0p833_0p167_0p167"],"t":46,"s":[0],"e":[100]},{"t":54.0000021994651}]},"r":{"a":0,"k":0},"p":{"a":0,"k":[102.688,116.812,0]},"a":{"a":0,"k":[41,35,0]},"s":{"a":0,"k":[100,100,100]}},"ao":0,"hasMask":true,"masksProperties":[{"inv":false,"mode":"a","pt":{"a":0,"k":{"i":[[0,0],[0,0],[0,0]],"o":[[0,0],[0,0],[0,0]],"v":[[0.354,35.063],[19.259,45.955],[19.259,21.951]],"c":true}},"o":{"a":0,"k":100},"x":{"a":0,"k":0},"nm":"Mask 1"}],"shapes":[{"ty":"gr","it":[{"ind":0,"ty":"sh","ix":1,"ks":{"a":0,"k":{"i":[[0,0],[0,0]],"o":[[0,0],[0,0]],"v":[[72.134,46.004],[72.134,22]],"c":false}},"nm":"Path 1","mn":"ADBE Vector Shape - Group"},{"ty":"st","c":{"a":0,"k":[0.502,0.831,0.765,1]},"o":{"a":0,"k":100},"w":{"a":0,"k":2},"lc":2,"lj":2,"nm":"Stroke 1","mn":"ADBE Vector Graphic - Stroke"},{"ind":2,"ty":"sh","ix":3,"ks":{"a":0,"k":{"i":[[0,0],[0,0]],"o":[[0,0],[0,0]],"v":[[66.098,46.004],[66.098,22]],"c":false}},"nm":"Path 2","mn":"ADBE Vector Shape - Group"},{"ty":"st","c":{"a":0,"k":[0.502,0.831,0.765,1]},"o":{"a":0,"k":100},"w":{"a":0,"k":2},"lc":2,"lj":2,"nm":"Stroke 2","mn":"ADBE Vector Graphic - Stroke"},{"ind":4,"ty":"sh","ix":5,"ks":{"a":0,"k":{"i":[[0,0],[0,0]],"o":[[0,0],[0,0]],"v":[[60.061,46.004],[60.061,22]],"c":false}},"nm":"Path 3","mn":"ADBE Vector Shape - Group"},{"ty":"st","c":{"a":0,"k":[0.502,0.831,0.765,1]},"o":{"a":0,"k":100},"w":{"a":0,"k":2},"lc":2,"lj":2,"nm":"Stroke 3","mn":"ADBE Vector Graphic - Stroke"},{"ind":6,"ty":"sh","ix":7,"ks":{"a":0,"k":{"i":[[0,0],[0,0]],"o":[[0,0],[0,0]],"v":[[54.025,46.004],[54.025,22]],"c":false}},"nm":"Path 4","mn":"ADBE Vector Shape - Group"},{"ty":"st","c":{"a":0,"k":[0.502,0.831,0.765,1]},"o":{"a":0,"k":100},"w":{"a":0,"k":2},"lc":2,"lj":2,"nm":"Stroke 4","mn":"ADBE Vector Graphic - Stroke"},{"ind":8,"ty":"sh","ix":9,"ks":{"a":0,"k":{"i":[[0,0],[0,0]],"o":[[0,0],[0,0]],"v":[[47.988,46.004],[47.988,22]],"c":false}},"nm":"Path 5","mn":"ADBE Vector Shape - Group"},{"ty":"st","c":{"a":0,"k":[0.502,0.831,0.765,1]},"o":{"a":0,"k":100},"w":{"a":0,"k":2},"lc":2,"lj":2,"nm":"Stroke 5","mn":"ADBE Vector Graphic - Stroke"},{"ind":10,"ty":"sh","ix":11,"ks":{"a":0,"k":{"i":[[0,0],[0,0]],"o":[[0,0],[0,0]],"v":[[41.952,46.004],[41.952,22]],"c":false}},"nm":"Path 6","mn":"ADBE Vector Shape - Group"},{"ty":"st","c":{"a":0,"k":[0.502,0.831,0.765,1]},"o":{"a":0,"k":100},"w":{"a":0,"k":2},"lc":2,"lj":2,"nm":"Stroke 6","mn":"ADBE Vector Graphic - Stroke"},{"ind":12,"ty":"sh","ix":13,"ks":{"a":0,"k":{"i":[[0,0],[0,0]],"o":[[0,0],[0,0]],"v":[[35.915,46.004],[35.915,22]],"c":false}},"nm":"Path 7","mn":"ADBE Vector Shape - Group"},{"ty":"st","c":{"a":0,"k":[0.502,0.831,0.765,1]},"o":{"a":0,"k":100},"w":{"a":0,"k":2},"lc":2,"lj":2,"nm":"Stroke 7","mn":"ADBE Vector Graphic - Stroke"},{"ind":14,"ty":"sh","ix":15,"ks":{"a":0,"k":{"i":[[0,0],[0,0]],"o":[[0,0],[0,0]],"v":[[29.879,46.004],[29.879,22]],"c":false}},"nm":"Path 8","mn":"ADBE Vector Shape - Group"},{"ty":"st","c":{"a":0,"k":[0.502,0.831,0.765,1]},"o":{"a":0,"k":100},"w":{"a":0,"k":2},"lc":2,"lj":2,"nm":"Stroke 8","mn":"ADBE Vector Graphic - Stroke"},{"ind":16,"ty":"sh","ix":17,"ks":{"a":0,"k":{"i":[[0,0],[0,0]],"o":[[0,0],[0,0]],"v":[[23.842,46.004],[23.842,22]],"c":false}},"nm":"Path 9","mn":"ADBE Vector Shape - Group"},{"ty":"st","c":{"a":0,"k":[0.502,0.831,0.765,1]},"o":{"a":0,"k":100},"w":{"a":0,"k":2},"lc":2,"lj":2,"nm":"Stroke 9","mn":"ADBE Vector Graphic - Stroke"},{"ty":"tr","p":{"a":1,"k":[{"i":{"x":0.218,"y":0.994},"o":{"x":0.201,"y":0},"n":"0p218_0p994_0p201_0","t":51,"s":[-72,0.75],"e":[-57.558,0.75],"to":[3.03967714309692,0],"ti":[-1.0903285741806,0]},{"t":92.0000037472368}],"ix":2},"a":{"a":0,"k":[0,0],"ix":1},"s":{"a":0,"k":[100,100],"ix":3},"r":{"a":0,"k":0,"ix":6},"o":{"a":0,"k":100,"ix":7},"sk":{"a":0,"k":0,"ix":4},"sa":{"a":0,"k":0,"ix":5},"nm":"Transform"}],"nm":"Group 1","np":18,"cix":2,"ix":1,"mn":"ADBE Vector Group"}],"ip":0,"op":900.000036657751,"st":0,"bm":0,"sr":1},{"ddd":0,"ind":3,"ty":4,"nm":"Asset 4 Outlines","ks":{"o":{"a":1,"k":[{"i":{"x":[0.833],"y":[0.833]},"o":{"x":[0.167],"y":[0.167]},"n":["0p833_0p833_0p167_0p167"],"t":28.448,"s":[0],"e":[100]},{"t":33.0000013441176}]},"r":{"a":0,"k":0},"p":{"s":true,"x":{"a":0,"k":34.375},"y":{"a":1,"k":[{"i":{"x":[0.157],"y":[1]},"o":{"x":[0.333],"y":[0]},"n":["0p157_1_0p333_0"],"t":24,"s":[157.578],"e":[181.578]},{"t":33.0000013441176}]}},"a":{"a":0,"k":[56.75,78.5,0]},"s":{"a":0,"k":[100,100,100]}},"ao":0,"shapes":[{"ty":"gr","it":[{"ind":0,"ty":"sh","ix":1,"ks":{"a":0,"k":{"i":[[-4.222,4.925],[0,0],[-0.511,0.775],[0,0],[0,0],[0,0]],"o":[[0,0],[0.609,-0.711],[0,0],[0,0],[0,0],[6.487,0]],"v":[[18.495,-2.759],[18.495,-2.759],[20.156,-5],[-10.156,-5],[-20.156,5],[1.624,5]],"c":true}},"nm":"Path 1","mn":"ADBE Vector Shape - Group"},{"ty":"fl","c":{"a":0,"k":[0,0.533,0.424,1]},"o":{"a":0,"k":100},"r":1,"nm":"Fill 1","mn":"ADBE Vector Graphic - Fill"},{"ty":"tr","p":{"a":0,"k":[50.216,40.942],"ix":2},"a":{"a":0,"k":[0,0],"ix":1},"s":{"a":0,"k":[100,100],"ix":3},"r":{"a":0,"k":0,"ix":6},"o":{"a":0,"k":100,"ix":7},"sk":{"a":0,"k":0,"ix":4},"sa":{"a":0,"k":0,"ix":5},"nm":"Transform"}],"nm":"Group 1","np":2,"cix":2,"ix":1,"mn":"ADBE Vector Group"},{"ty":"gr","it":[{"ind":0,"ty":"sh","ix":1,"ks":{"a":0,"k":{"i":[[0,0],[0,0],[0,-2.088],[3.453,-4.028],[6.487,0],[0,0]],"o":[[0,0],[2.088,0],[0,5.304],[-4.221,4.925],[0,0],[0,0]],"v":[[4,-13],[18.219,-13],[22,-9.22],[16.65,5.241],[-0.22,13],[-22,13]],"c":true}},"nm":"Path 1","mn":"ADBE Vector Shape - Group"},{"ty":"fl","c":{"a":0,"k":[0,0.533,0.424,1]},"o":{"a":0,"k":100},"r":1,"nm":"Fill 1","mn":"ADBE Vector Graphic - Fill"},{"ty":"tr","p":{"a":0,"k":[52.06,32.943],"ix":2},"a":{"a":0,"k":[0,0],"ix":1},"s":{"a":0,"k":[100,100],"ix":3},"r":{"a":0,"k":0,"ix":6},"o":{"a":0,"k":100,"ix":7},"sk":{"a":0,"k":0,"ix":4},"sa":{"a":0,"k":0,"ix":5},"nm":"Transform"}],"nm":"Group 2","np":2,"cix":2,"ix":2,"mn":"ADBE Vector Group"},{"ty":"gr","it":[{"ind":0,"ty":"sh","ix":1,"ks":{"a":0,"k":{"i":[[0,0],[0,0],[0,0],[0,0],[0,0],[14.357,-0.003],[0,0],[0,0]],"o":[[0,0],[0,0],[0,0],[0,0],[0,14.357],[0,0],[0,0],[0,0]],"v":[[-19,16],[-13,10],[9,-16],[19,-16],[19,-10],[-6.995,16],[-6.999,16],[-7,16]],"c":true}},"nm":"Path 1","mn":"ADBE Vector Shape - Group"},{"ty":"fl","c":{"a":0,"k":[1,0.784,0.251,1]},"o":{"a":0,"k":100},"r":1,"nm":"Fill 1","mn":"ADBE Vector Graphic - Fill"},{"ty":"tr","p":{"a":0,"k":[61.06,35.943],"ix":2},"a":{"a":0,"k":[0,0],"ix":1},"s":{"a":0,"k":[100,100],"ix":3},"r":{"a":0,"k":0,"ix":6},"o":{"a":0,"k":100,"ix":7},"sk":{"a":0,"k":0,"ix":4},"sa":{"a":0,"k":0,"ix":5},"nm":"Transform"}],"nm":"Group 3","np":2,"cix":2,"ix":3,"mn":"ADBE Vector Group"},{"ty":"gr","it":[{"ind":0,"ty":"sh","ix":1,"ks":{"a":0,"k":{"i":[[0,2.209],[0,0],[-0.225,-3.184],[3.322,-0.153],[0.122,1.089],[-1.159,0.027],[-0.15,0.97],[1.207,0],[0,0]],"o":[[0,0],[3.192,0],[0.242,3.41],[-1.095,0.05],[-0.134,-1.192],[0.981,-0.022],[0.192,-1.243],[0,0],[-2.209,0]],"v":[[-9.113,-6.022],[2.63,-6.022],[8.871,-0.457],[3.165,5.972],[0.9,4.209],[2.841,1.978],[4.862,0.295],[2.887,-2.022],[-5.113,-2.022]],"c":true}},"nm":"Path 1","mn":"ADBE Vector Shape - Group"},{"ty":"fl","c":{"a":0,"k":[0.941,0.361,0.361,1]},"o":{"a":0,"k":100},"r":1,"nm":"Fill 1","mn":"ADBE Vector Graphic - Fill"},{"ty":"tr","p":{"a":0,"k":[53.173,57.965],"ix":2},"a":{"a":0,"k":[0,0],"ix":1},"s":{"a":0,"k":[100,100],"ix":3},"r":{"a":0,"k":0,"ix":6},"o":{"a":0,"k":100,"ix":7},"sk":{"a":0,"k":0,"ix":4},"sa":{"a":0,"k":0,"ix":5},"nm":"Transform"}],"nm":"Group 4","np":2,"cix":2,"ix":4,"mn":"ADBE Vector Group"},{"ty":"gr","it":[{"ind":0,"ty":"sh","ix":1,"ks":{"a":0,"k":{"i":[[0,-1.104],[1.104,0],[0,1.104],[-1.105,0]],"o":[[0,1.104],[-1.105,0],[0,-1.104],[1.104,0]],"v":[[2,0],[0,2],[-2,0],[0,-2]],"c":true}},"nm":"Path 1","mn":"ADBE Vector Shape - Group"},{"ty":"fl","c":{"a":0,"k":[1,1,1,1]},"o":{"a":0,"k":100},"r":1,"nm":"Fill 1","mn":"ADBE Vector Graphic - Fill"},{"ty":"tr","p":{"a":0,"k":[76.06,13.943],"ix":2},"a":{"a":0,"k":[0,0],"ix":1},"s":{"a":0,"k":[100,100],"ix":3},"r":{"a":0,"k":0,"ix":6},"o":{"a":0,"k":100,"ix":7},"sk":{"a":0,"k":0,"ix":4},"sa":{"a":0,"k":0,"ix":5},"nm":"Transform"}],"nm":"Group 5","np":2,"cix":2,"ix":5,"mn":"ADBE Vector Group"},{"ty":"gr","it":[{"ind":0,"ty":"sh","ix":1,"ks":{"a":0,"k":{"i":[[0,0],[0,0],[0,0],[0,0],[-3.202,0],[-2.264,-2.265],[0,0],[0,0],[0,-1.281],[0,0],[14.361,0],[0,0],[0,0]],"o":[[0,0],[0,0],[0,0],[2.264,-2.265],[3.201,0],[0,0],[0,0],[-0.906,0.905],[0,0],[0,14.36],[0,0],[0,0],[0,0]],"v":[[-31,26],[-17,12],[-17,6],[11.464,-22.464],[20,-26],[28.535,-22.464],[31,-20],[28.414,-17.414],[27,-14],[27,-8.002],[0.997,18],[-11,18],[-19,26]],"c":true}},"nm":"Path 1","mn":"ADBE Vector Shape - Group"},{"ty":"fl","c":{"a":0,"k":[0.2,0.2,0.2,1]},"o":{"a":0,"k":100},"r":1,"nm":"Fill 1","mn":"ADBE Vector Graphic - Fill"},{"ty":"tr","p":{"a":0,"k":[53.06,33.943],"ix":2},"a":{"a":0,"k":[0,0],"ix":1},"s":{"a":0,"k":[100,100],"ix":3},"r":{"a":0,"k":0,"ix":6},"o":{"a":0,"k":100,"ix":7},"sk":{"a":0,"k":0,"ix":4},"sa":{"a":0,"k":0,"ix":5},"nm":"Transform"}],"nm":"Group 6","np":2,"cix":2,"ix":6,"mn":"ADBE Vector Group"}],"ip":0,"op":900.000036657751,"st":0,"bm":0,"sr":1},{"ddd":0,"ind":4,"ty":4,"nm":"Asset 4 Outlines","ks":{"o":{"a":1,"k":[{"i":{"x":[0.271],"y":[1]},"o":{"x":[0.333],"y":[0]},"n":["0p271_1_0p333_0"],"t":0,"s":[0],"e":[100]},{"t":18.000000733155}]},"r":{"a":0,"k":0},"p":{"s":true,"x":{"a":0,"k":135},"y":{"a":1,"k":[{"i":{"x":[0.133],"y":[1]},"o":{"x":[0.612],"y":[0]},"n":["0p133_1_0p612_0"],"t":0,"s":[220.875],"e":[181.625]},{"t":21.0000008553475}]}},"a":{"a":0,"k":[158,78.5,0]},"s":{"a":1,"k":[{"i":{"x":[0.667,0.667,0.667],"y":[1,1,1]},"o":{"x":[0.871,0.871,0.333],"y":[0.014,0.014,0]},"n":["0p667_1_0p871_0p014","0p667_1_0p871_0p014","0p667_1_0p333_0"],"t":0,"s":[113,113,100],"e":[100,100,100]},{"t":21.0000008553475}]}},"ao":0,"shapes":[{"ty":"gr","it":[{"ind":0,"ty":"sh","ix":1,"ks":{"a":0,"k":{"i":[[0,0],[0,0],[3.313,0.001],[0,0],[0,3.312],[-3.313,0.001],[0,0],[0,0],[0,-3.314],[0,0],[7.732,0],[0,0],[0,6.627],[0,0],[-6.627,0],[0,-6.627],[0,0],[-6.075,0],[0,0],[0,6.406],[6.414,-0.012],[0,0],[0,6.634],[0,0]],"o":[[0,0],[0,3.313],[0,0],[-3.312,-0.001],[0,-3.313],[3,0],[0,0],[3.313,0],[0,0],[0,7.732],[0,0],[-6.627,0],[0,0],[0,-6.627],[6.627,0],[0,0],[0,6.075],[0,0],[6.406,0],[0,-6.414],[0,0],[-6.635,0.01],[0,0],[0,0]],"v":[[-53,-41.5],[-53,-25.5],[-59,-19.502],[-59.004,-19.502],[-65,-25.5],[-59.001,-31.5],[-53,-31.5],[-49,-31.5],[-43,-25.5],[-43,0.5],[-57,14.5],[-111,14.5],[-123,2.5],[-123,-17.504],[-111,-29.504],[-99,-17.504],[-99,30.5],[-88,41.5],[111.401,41.5],[123,29.901],[111.38,18.303],[31.02,18.473],[19,6.473],[19,-37.5]],"c":false}},"nm":"Path 1","mn":"ADBE Vector Shape - Group"},{"ty":"st","c":{"a":0,"k":[0.016,0.306,0.337,1]},"o":{"a":0,"k":100},"w":{"a":0,"k":4},"lc":2,"lj":1,"ml":10,"nm":"Stroke 1","mn":"ADBE Vector Graphic - Stroke"},{"ty":"tr","p":{"a":0,"k":[167.06,87.443],"ix":2},"a":{"a":0,"k":[0,0],"ix":1},"s":{"a":0,"k":[100,100],"ix":3},"r":{"a":0,"k":0,"ix":6},"o":{"a":0,"k":100,"ix":7},"sk":{"a":0,"k":0,"ix":4},"sa":{"a":0,"k":0,"ix":5},"nm":"Transform"}],"nm":"Group 7","np":2,"cix":2,"ix":1,"mn":"ADBE Vector Group"}],"ip":0,"op":900.000036657751,"st":0,"bm":0,"sr":1},{"ddd":0,"ind":5,"ty":4,"nm":"Asset 2 Outlines","ks":{"o":{"a":1,"k":[{"i":{"x":[0.271],"y":[1]},"o":{"x":[0.333],"y":[0]},"n":["0p271_1_0p333_0"],"t":0,"s":[0],"e":[100]},{"t":18.000000733155}]},"r":{"a":0,"k":0},"p":{"s":true,"x":{"a":0,"k":167.5},"y":{"a":1,"k":[{"i":{"x":[0.133],"y":[1]},"o":{"x":[0.612],"y":[0]},"n":["0p133_1_0p612_0"],"t":0,"s":[171.5],"e":[136.5]},{"t":21.0000008553475}]}},"a":{"a":0,"k":[144,91.5,0]},"s":{"a":1,"k":[{"i":{"x":[0.667,0.667,0.667],"y":[1,1,1]},"o":{"x":[0.872,0.872,0.333],"y":[0,0,0]},"n":["0p667_1_0p872_0","0p667_1_0p872_0","0p667_1_0p333_0"],"t":0,"s":[113,113,100],"e":[100,100,100]},{"t":21.0000008553475}]}},"ao":0,"ef":[{"ty":5,"nm":"Puppet","mn":"ADBE FreePin3","ix":1,"en":1,"ef":[{"ty":7,"nm":"On Transparent","mn":"ADBE FreePin3 On Transparent","ix":1,"v":{"a":0,"k":0}}]}],"shapes":[{"ty":"gr","it":[{"ind":0,"ty":"sh","ix":1,"ks":{"a":0,"k":{"i":[[0,0],[0,0],[0,0],[0,0]],"o":[[0,0],[0,0],[0,0],[0,0]],"v":[[-3,-3],[3,-3],[3,3],[-3,3]],"c":true}},"nm":"Path 1","mn":"ADBE Vector Shape - Group"},{"ty":"fl","c":{"a":0,"k":[0.702,0.898,0.8590001,1]},"o":{"a":0,"k":100},"r":1,"nm":"Fill 1","mn":"ADBE Vector Graphic - Fill"},{"ty":"tr","p":{"a":0,"k":[99,104.28],"ix":2},"a":{"a":0,"k":[0,0],"ix":1},"s":{"a":0,"k":[100,100],"ix":3},"r":{"a":0,"k":0,"ix":6},"o":{"a":0,"k":100,"ix":7},"sk":{"a":0,"k":0,"ix":4},"sa":{"a":0,"k":0,"ix":5},"nm":"Transform"}],"nm":"Group 1","np":2,"cix":2,"ix":1,"mn":"ADBE Vector Group"},{"ty":"gr","it":[{"ind":0,"ty":"sh","ix":1,"ks":{"a":0,"k":{"i":[[0,0],[0,0],[0,0],[0,0]],"o":[[0,0],[0,0],[0,0],[0,0]],"v":[[8,3],[-8,3],[-8,-3],[8,-3]],"c":true}},"nm":"Path 1","mn":"ADBE Vector Shape - Group"},{"ty":"fl","c":{"a":0,"k":[0.824,0.314,0.314,1]},"o":{"a":0,"k":100},"r":1,"nm":"Fill 1","mn":"ADBE Vector Graphic - Fill"},{"ty":"tr","p":{"a":0,"k":[104,104.28],"ix":2},"a":{"a":0,"k":[0,0],"ix":1},"s":{"a":0,"k":[100,100],"ix":3},"r":{"a":0,"k":0,"ix":6},"o":{"a":0,"k":100,"ix":7},"sk":{"a":0,"k":0,"ix":4},"sa":{"a":0,"k":0,"ix":5},"nm":"Transform"}],"nm":"Group 2","np":2,"cix":2,"ix":2,"mn":"ADBE Vector Group"},{"ty":"gr","it":[{"ind":0,"ty":"sh","ix":1,"ks":{"a":0,"k":{"i":[[2.209,0],[0,0],[0,-2.209],[0,0],[-2.209,0],[0,2.209],[0,0]],"o":[[0,0],[-2.209,0],[0,0],[0,2.209],[2.209,0],[0,0],[0,-2.209]],"v":[[0,-30],[0,-30],[-4,-26],[-4,26],[0,30],[4,26],[4,-26]],"c":true}},"nm":"Path 1","mn":"ADBE Vector Shape - Group"},{"ty":"fl","c":{"a":0,"k":[0.016,0.306,0.337,1]},"o":{"a":0,"k":100},"r":1,"nm":"Fill 1","mn":"ADBE Vector Graphic - Fill"},{"ty":"tr","p":{"a":0,"k":[140,71.28],"ix":2},"a":{"a":0,"k":[0,0],"ix":1},"s":{"a":0,"k":[100,100],"ix":3},"r":{"a":0,"k":0,"ix":6},"o":{"a":0,"k":100,"ix":7},"sk":{"a":0,"k":0,"ix":4},"sa":{"a":0,"k":0,"ix":5},"nm":"Transform"}],"nm":"Group 3","np":2,"cix":2,"ix":3,"mn":"ADBE Vector Group"},{"ty":"gr","it":[{"ind":0,"ty":"sh","ix":1,"ks":{"a":0,"k":{"i":[[3.313,0],[0,0],[0,-3.313],[0,0],[-3.313,0],[0,0],[0,3.314],[0,0]],"o":[[0,0],[-3.313,0],[0,0],[0,3.314],[0,0],[3.313,0],[0,0],[0,-3.313]],"v":[[26,-30],[-26,-30],[-32,-24],[-32,24],[-26,30],[26,30],[32,24],[32,-24]],"c":true}},"nm":"Path 1","mn":"ADBE Vector Shape - Group"},{"ty":"fl","c":{"a":0,"k":[0.941,0.361,0.361,1]},"o":{"a":0,"k":100},"r":1,"nm":"Fill 1","mn":"ADBE Vector Graphic - Fill"},{"ty":"tr","p":{"a":0,"k":[104,71.28],"ix":2},"a":{"a":0,"k":[0,0],"ix":1},"s":{"a":0,"k":[100,100],"ix":3},"r":{"a":0,"k":0,"ix":6},"o":{"a":0,"k":100,"ix":7},"sk":{"a":0,"k":0,"ix":4},"sa":{"a":0,"k":0,"ix":5},"nm":"Transform"}],"nm":"Group 4","np":2,"cix":2,"ix":4,"mn":"ADBE Vector Group"},{"ty":"gr","it":[{"ind":0,"ty":"sh","ix":1,"ks":{"a":0,"k":{"i":[[7.732,0],[0,0],[0,7.732],[0,0],[0,0],[0,0]],"o":[[0,0],[-7.732,0],[0,0],[0,0],[0,0],[0,7.732]],"v":[[0,34],[0,34],[-14,20],[-14,-34],[14,-34],[14,20]],"c":true}},"nm":"Path 1","mn":"ADBE Vector Shape - Group"},{"ty":"fl","c":{"a":0,"k":[0.941,0.361,0.361,1]},"o":{"a":0,"k":100},"r":1,"nm":"Fill 1","mn":"ADBE Vector Graphic - Fill"},{"ty":"tr","p":{"a":0,"k":[104,135.28],"ix":2},"a":{"a":0,"k":[0,0],"ix":1},"s":{"a":0,"k":[100,100],"ix":3},"r":{"a":0,"k":0,"ix":6},"o":{"a":0,"k":100,"ix":7},"sk":{"a":0,"k":0,"ix":4},"sa":{"a":0,"k":0,"ix":5},"nm":"Transform"}],"nm":"Group 5","np":2,"cix":2,"ix":5,"mn":"ADBE Vector Group"},{"ty":"gr","it":[{"ind":0,"ty":"sh","ix":1,"ks":{"a":0,"k":{"i":[[2.209,0],[0,0],[0,-2.209],[0,0],[-2.209,0],[0,2.209],[0,0]],"o":[[0,0],[-2.209,0],[0,0],[0,2.209],[2.209,0],[0,0],[0,-2.209]],"v":[[0,-60],[0,-60],[-4,-56],[-4,56],[0,60],[4,56],[4,-56]],"c":true}},"nm":"Path 1","mn":"ADBE Vector Shape - Group"},{"ty":"fl","c":{"a":0,"k":[0.016,0.306,0.337,1]},"o":{"a":0,"k":100},"r":1,"nm":"Fill 1","mn":"ADBE Vector Graphic - Fill"},{"ty":"tr","p":{"a":0,"k":[222,71.28],"ix":2},"a":{"a":0,"k":[0,0],"ix":1},"s":{"a":0,"k":[100,100],"ix":3},"r":{"a":0,"k":0,"ix":6},"o":{"a":0,"k":100,"ix":7},"sk":{"a":0,"k":0,"ix":4},"sa":{"a":0,"k":0,"ix":5},"nm":"Transform"}],"nm":"Group 6","np":2,"cix":2,"ix":6,"mn":"ADBE Vector Group"},{"ty":"gr","it":[{"ind":0,"ty":"sh","ix":1,"ks":{"a":0,"k":{"i":[[0,0],[0,0],[19.247,0],[0,0],[0,-3.313],[0,0],[-3.313,0],[0,0],[-14.545,-12.606],[0,0]],"o":[[0,0],[-14.545,12.606],[0,0],[-3.313,0],[0,0],[0,3.314],[0,0],[19.247,0],[0,0],[0,0]],"v":[[37,-56],[29.552,-49.545],[-22.843,-30],[-31,-30],[-37,-24],[-37,24],[-31,30],[-22.843,30],[29.552,49.545],[37,56]],"c":true}},"nm":"Path 1","mn":"ADBE Vector Shape - Group"},{"ty":"fl","c":{"a":0,"k":[0.702,0.898,0.8590001,1]},"o":{"a":0,"k":100},"r":1,"nm":"Fill 1","mn":"ADBE Vector Graphic - Fill"},{"ty":"tr","p":{"a":0,"k":[181,71.28],"ix":2},"a":{"a":0,"k":[0,0],"ix":1},"s":{"a":0,"k":[100,100],"ix":3},"r":{"a":0,"k":0,"ix":6},"o":{"a":0,"k":100,"ix":7},"sk":{"a":0,"k":0,"ix":4},"sa":{"a":0,"k":0,"ix":5},"nm":"Transform"}],"nm":"Group 7","np":2,"cix":2,"ix":7,"mn":"ADBE Vector Group"},{"ty":"gr","it":[{"ind":0,"ty":"sh","ix":1,"ks":{"a":0,"k":{"i":[[2.209,0],[0,0],[0,-2.209],[0,0],[-2.209,0],[0,2.209],[0,0]],"o":[[0,0],[-2.209,0],[0,0],[0,2.209],[2.209,0],[0,0],[0,-2.209]],"v":[[0,-26],[0,-26],[-4,-22],[-4,22],[0,26],[4,22],[4,-22]],"c":true}},"nm":"Path 1","mn":"ADBE Vector Shape - Group"},{"ty":"fl","c":{"a":0,"k":[0.016,0.306,0.337,1]},"o":{"a":0,"k":100},"r":1,"nm":"Fill 1","mn":"ADBE Vector Graphic - Fill"},{"ty":"tr","p":{"a":0,"k":[68,71.28],"ix":2},"a":{"a":0,"k":[0,0],"ix":1},"s":{"a":0,"k":[100,100],"ix":3},"r":{"a":0,"k":0,"ix":6},"o":{"a":0,"k":100,"ix":7},"sk":{"a":0,"k":0,"ix":4},"sa":{"a":0,"k":0,"ix":5},"nm":"Transform"}],"nm":"Group 8","np":2,"cix":2,"ix":8,"mn":"ADBE Vector Group"},{"ty":"gr","it":[{"ind":0,"ty":"sh","ix":1,"ks":{"a":0,"k":{"i":[[0,8.837],[-8.837,0],[0,-8.836],[8.837,0]],"o":[[0,-8.836],[8.837,0],[0,8.837],[-8.837,0]],"v":[[-16,0],[0,-16],[16,0],[0,16]],"c":true}},"nm":"Path 1","mn":"ADBE Vector Shape - Group"},{"ty":"fl","c":{"a":0,"k":[0.941,0.361,0.361,1]},"o":{"a":0,"k":100},"r":1,"nm":"Fill 1","mn":"ADBE Vector Graphic - Fill"},{"ty":"tr","p":{"a":0,"k":[214,71.28],"ix":2},"a":{"a":0,"k":[0,0],"ix":1},"s":{"a":0,"k":[100,100],"ix":3},"r":{"a":0,"k":0,"ix":6},"o":{"a":0,"k":100,"ix":7},"sk":{"a":0,"k":0,"ix":4},"sa":{"a":0,"k":0,"ix":5},"nm":"Transform"}],"nm":"Group 9","np":2,"cix":2,"ix":9,"mn":"ADBE Vector Group"},{"ty":"gr","it":[{"ind":0,"ty":"sh","ix":1,"ks":{"a":0,"k":{"i":[[0,0],[0,0],[0.058,1.465],[0.688,0.459],[0,0],[0.134,0.671],[0,0],[0,0]],"o":[[0,0],[1.466,0],[-0.033,-0.826],[0,0],[-0.57,-0.38],[0,0],[0,0],[0,0]],"v":[[-7.055,9],[4.417,9],[6.997,6.315],[5.85,4.27],[1.835,1.593],[0.736,-0.048],[-1.055,-9],[-7.055,-9]],"c":true}},"nm":"Path 1","mn":"ADBE Vector Shape - Group"},{"ty":"fl","c":{"a":0,"k":[0.824,0.314,0.314,1]},"o":{"a":0,"k":100},"r":1,"nm":"Fill 1","mn":"ADBE Vector Graphic - Fill"},{"ty":"tr","p":{"a":0,"k":[125.055,110.28],"ix":2},"a":{"a":0,"k":[0,0],"ix":1},"s":{"a":0,"k":[100,100],"ix":3},"r":{"a":0,"k":0,"ix":6},"o":{"a":0,"k":100,"ix":7},"sk":{"a":0,"k":0,"ix":4},"sa":{"a":0,"k":0,"ix":5},"nm":"Transform"}],"nm":"Group 10","np":2,"cix":2,"ix":10,"mn":"ADBE Vector Group"},{"ty":"gr","it":[{"ind":0,"ty":"sh","ix":1,"ks":{"a":0,"k":{"i":[[-6.627,0],[0,0],[0,0],[0,6.627],[0,0]],"o":[[0,0],[0,0],[-6.627,0],[0,0],[0,-6.627]],"v":[[6,-24],[6,-24],[6,24],[-6,12],[-6,-12]],"c":true}},"nm":"Path 1","mn":"ADBE Vector Shape - Group"},{"ty":"fl","c":{"a":0,"k":[0.702,0.898,0.8590001,1]},"o":{"a":0,"k":100},"r":1,"nm":"Fill 1","mn":"ADBE Vector Graphic - Fill"},{"ty":"tr","p":{"a":0,"k":[64,71.28],"ix":2},"a":{"a":0,"k":[0,0],"ix":1},"s":{"a":0,"k":[100,100],"ix":3},"r":{"a":0,"k":0,"ix":6},"o":{"a":0,"k":100,"ix":7},"sk":{"a":0,"k":0,"ix":4},"sa":{"a":0,"k":0,"ix":5},"nm":"Transform"}],"nm":"Group 11","np":2,"cix":2,"ix":11,"mn":"ADBE Vector Group"}],"ip":0,"op":900.000036657751,"st":0,"bm":0,"sr":1}]}