{"v":"4.6.3","fr":25,"ip":0,"op":42,"w":240,"h":120,"nm":"colorLine_export","ddd":0,"assets":[],"layers":[{"ddd":0,"ind":1,"ty":4,"nm":"speedLine 8","ks":{"o":{"a":0,"k":100},"r":{"a":0,"k":0},"p":{"a":0,"k":[71.417,24.291,0]},"a":{"a":0,"k":[202.006,21,0]},"s":{"a":0,"k":[100,100,100]}},"ao":0,"shapes":[{"ty":"gr","it":[{"ind":0,"ty":"sh","ix":1,"ks":{"a":0,"k":{"i":[[0,0],[0,0]],"o":[[0,0],[0,0]],"v":[[143.14,58],[202.86,21]],"c":false}},"nm":"Path 1","mn":"ADBE Vector Shape - Group"},{"ty":"st","c":{"a":0,"k":[0.6823529,1,0,1]},"o":{"a":0,"k":100},"w":{"a":0,"k":3},"lc":1,"lj":1,"ml":4,"nm":"Stroke 1","mn":"ADBE Vector Graphic - Stroke"},{"ty":"tr","p":{"a":0,"k":[0,0],"ix":2},"a":{"a":0,"k":[0,0],"ix":1},"s":{"a":0,"k":[100,100],"ix":3},"r":{"a":0,"k":0,"ix":6},"o":{"a":0,"k":100,"ix":7},"sk":{"a":0,"k":0,"ix":4},"sa":{"a":0,"k":0,"ix":5},"nm":"Transform"}],"nm":"Shape 1","np":3,"cix":2,"ix":1,"mn":"ADBE Vector Group"},{"ty":"tm","s":{"a":1,"k":[{"i":{"x":[0.1],"y":[1]},"o":{"x":[0.9],"y":[0]},"n":["0p1_1_0p9_0"],"t":1,"s":[0],"e":[100]},{"i":{"x":[0.833],"y":[0.833]},"o":{"x":[0.9],"y":[0.9]},"n":["0p833_0p833_0p9_0p9"],"t":9,"s":[100],"e":[100]},{"i":{"x":[0.1],"y":[1]},"o":{"x":[0.167],"y":[0]},"n":["0p1_1_0p167_0"],"t":11,"s":[100],"e":[0]},{"i":{"x":[0.1],"y":[1]},"o":{"x":[0.9],"y":[0]},"n":["0p1_1_0p9_0"],"t":12,"s":[0],"e":[100]},{"i":{"x":[0.833],"y":[0.833]},"o":{"x":[0.9],"y":[0.9]},"n":["0p833_0p833_0p9_0p9"],"t":20,"s":[100],"e":[100]},{"i":{"x":[0.1],"y":[1]},"o":{"x":[0.167],"y":[0]},"n":["0p1_1_0p167_0"],"t":22,"s":[100],"e":[0]},{"i":{"x":[0.1],"y":[1]},"o":{"x":[0.9],"y":[0]},"n":["0p1_1_0p9_0"],"t":23,"s":[0],"e":[100]},{"i":{"x":[0.833],"y":[0.833]},"o":{"x":[0.9],"y":[0.9]},"n":["0p833_0p833_0p9_0p9"],"t":31,"s":[100],"e":[100]},{"i":{"x":[0.1],"y":[1]},"o":{"x":[0.167],"y":[0]},"n":["0p1_1_0p167_0"],"t":33,"s":[100],"e":[0]},{"i":{"x":[0.1],"y":[1]},"o":{"x":[0.9],"y":[0]},"n":["0p1_1_0p9_0"],"t":34,"s":[0],"e":[100]},{"i":{"x":[0.833],"y":[0.833]},"o":{"x":[0.9],"y":[0.9]},"n":["0p833_0p833_0p9_0p9"],"t":42,"s":[100],"e":[100]},{"t":44}],"ix":1},"e":{"a":1,"k":[{"i":{"x":[0.833],"y":[0.833]},"o":{"x":[0.167],"y":[0.167]},"n":["0p833_0p833_0p167_0p167"],"t":1,"s":[0],"e":[0]},{"i":{"x":[0.1],"y":[1]},"o":{"x":[0.9],"y":[0]},"n":["0p1_1_0p9_0"],"t":3,"s":[0],"e":[100]},{"i":{"x":[0.833],"y":[1]},"o":{"x":[0.167],"y":[0]},"n":["0p833_1_0p167_0"],"t":11,"s":[100],"e":[0]},{"i":{"x":[0.833],"y":[0.833]},"o":{"x":[0.167],"y":[0.167]},"n":["0p833_0p833_0p167_0p167"],"t":12,"s":[0],"e":[0]},{"i":{"x":[0.1],"y":[1]},"o":{"x":[0.9],"y":[0]},"n":["0p1_1_0p9_0"],"t":14,"s":[0],"e":[100]},{"i":{"x":[0.833],"y":[1]},"o":{"x":[0.167],"y":[0]},"n":["0p833_1_0p167_0"],"t":22,"s":[100],"e":[0]},{"i":{"x":[0.833],"y":[0.833]},"o":{"x":[0.167],"y":[0.167]},"n":["0p833_0p833_0p167_0p167"],"t":23,"s":[0],"e":[0]},{"i":{"x":[0.1],"y":[1]},"o":{"x":[0.9],"y":[0]},"n":["0p1_1_0p9_0"],"t":25,"s":[0],"e":[100]},{"i":{"x":[0.833],"y":[1]},"o":{"x":[0.167],"y":[0]},"n":["0p833_1_0p167_0"],"t":33,"s":[100],"e":[0]},{"i":{"x":[0.833],"y":[0.833]},"o":{"x":[0.167],"y":[0.167]},"n":["0p833_0p833_0p167_0p167"],"t":34,"s":[0],"e":[0]},{"i":{"x":[0.1],"y":[1]},"o":{"x":[0.9],"y":[0]},"n":["0p1_1_0p9_0"],"t":36,"s":[0],"e":[100]},{"t":44}],"ix":2},"o":{"a":0,"k":0,"ix":3},"m":1,"ix":2,"nm":"Trim Paths 1","mn":"ADBE Vector Filter - Trim"}],"ip":1,"op":276,"st":-24,"bm":0,"sr":1},{"ddd":0,"ind":2,"ty":4,"nm":"speedLine 7","ks":{"o":{"a":0,"k":100},"r":{"a":0,"k":0},"p":{"a":0,"k":[130.412,40.291,0]},"a":{"a":0,"k":[167.027,43.2,0]},"s":{"a":0,"k":[100,100,100]}},"ao":0,"shapes":[{"ty":"gr","it":[{"ind":0,"ty":"sh","ix":1,"ks":{"a":0,"k":{"i":[[0,0],[0,0]],"o":[[0,0],[0,0]],"v":[[127,68],[219,11]],"c":false}},"nm":"Path 1","mn":"ADBE Vector Shape - Group"},{"ty":"st","c":{"a":0,"k":[0.4470591,0,1,1]},"o":{"a":0,"k":100},"w":{"a":0,"k":3},"lc":1,"lj":1,"ml":4,"nm":"Stroke 1","mn":"ADBE Vector Graphic - Stroke"},{"ty":"tr","p":{"a":0,"k":[0,0],"ix":2},"a":{"a":0,"k":[0,0],"ix":1},"s":{"a":0,"k":[100,100],"ix":3},"r":{"a":0,"k":0,"ix":6},"o":{"a":0,"k":100,"ix":7},"sk":{"a":0,"k":0,"ix":4},"sa":{"a":0,"k":0,"ix":5},"nm":"Transform"}],"nm":"Shape 1","np":3,"cix":2,"ix":1,"mn":"ADBE Vector Group"},{"ty":"tm","s":{"a":1,"k":[{"i":{"x":[0.1],"y":[1]},"o":{"x":[0.9],"y":[0]},"n":["0p1_1_0p9_0"],"t":0.5,"s":[0],"e":[100]},{"i":{"x":[0.833],"y":[0.833]},"o":{"x":[0.9],"y":[0.9]},"n":["0p833_0p833_0p9_0p9"],"t":6.5,"s":[100],"e":[100]},{"i":{"x":[0.1],"y":[1]},"o":{"x":[0.167],"y":[0]},"n":["0p1_1_0p167_0"],"t":8.5,"s":[100],"e":[0]},{"i":{"x":[0.1],"y":[1]},"o":{"x":[0.9],"y":[0]},"n":["0p1_1_0p9_0"],"t":9,"s":[0],"e":[100]},{"i":{"x":[0.833],"y":[0.833]},"o":{"x":[0.9],"y":[0.9]},"n":["0p833_0p833_0p9_0p9"],"t":17,"s":[100],"e":[100]},{"i":{"x":[0.1],"y":[1]},"o":{"x":[0.167],"y":[0]},"n":["0p1_1_0p167_0"],"t":19,"s":[100],"e":[0]},{"i":{"x":[0.1],"y":[1]},"o":{"x":[0.9],"y":[0]},"n":["0p1_1_0p9_0"],"t":20,"s":[0],"e":[100]},{"i":{"x":[0.833],"y":[0.833]},"o":{"x":[0.9],"y":[0.9]},"n":["0p833_0p833_0p9_0p9"],"t":28,"s":[100],"e":[100]},{"i":{"x":[0.1],"y":[1]},"o":{"x":[0.167],"y":[0]},"n":["0p1_1_0p167_0"],"t":30,"s":[100],"e":[0]},{"i":{"x":[0.1],"y":[1]},"o":{"x":[0.9],"y":[0]},"n":["0p1_1_0p9_0"],"t":31,"s":[0],"e":[100]},{"i":{"x":[0.833],"y":[0.833]},"o":{"x":[0.9],"y":[0.9]},"n":["0p833_0p833_0p9_0p9"],"t":39,"s":[100],"e":[100]},{"i":{"x":[0.1],"y":[1]},"o":{"x":[0.167],"y":[0]},"n":["0p1_1_0p167_0"],"t":41,"s":[100],"e":[0]},{"i":{"x":[0.1],"y":[1]},"o":{"x":[0.9],"y":[0]},"n":["0p1_1_0p9_0"],"t":42,"s":[0],"e":[100]},{"i":{"x":[0.833],"y":[0.833]},"o":{"x":[0.9],"y":[0.9]},"n":["0p833_0p833_0p9_0p9"],"t":50,"s":[100],"e":[100]},{"t":52}],"ix":1},"e":{"a":1,"k":[{"i":{"x":[0.833],"y":[0.833]},"o":{"x":[0.167],"y":[0.167]},"n":["0p833_0p833_0p167_0p167"],"t":0.5,"s":[0],"e":[0]},{"i":{"x":[0.1],"y":[1]},"o":{"x":[0.9],"y":[0]},"n":["0p1_1_0p9_0"],"t":2.5,"s":[0],"e":[100]},{"i":{"x":[0.833],"y":[1]},"o":{"x":[0.167],"y":[0]},"n":["0p833_1_0p167_0"],"t":8.5,"s":[100],"e":[0]},{"i":{"x":[0.833],"y":[0.833]},"o":{"x":[0.167],"y":[0.167]},"n":["0p833_0p833_0p167_0p167"],"t":9,"s":[0],"e":[0]},{"i":{"x":[0.1],"y":[1]},"o":{"x":[0.9],"y":[0]},"n":["0p1_1_0p9_0"],"t":11,"s":[0],"e":[100]},{"i":{"x":[0.833],"y":[1]},"o":{"x":[0.167],"y":[0]},"n":["0p833_1_0p167_0"],"t":19,"s":[100],"e":[0]},{"i":{"x":[0.833],"y":[0.833]},"o":{"x":[0.167],"y":[0.167]},"n":["0p833_0p833_0p167_0p167"],"t":20,"s":[0],"e":[0]},{"i":{"x":[0.1],"y":[1]},"o":{"x":[0.9],"y":[0]},"n":["0p1_1_0p9_0"],"t":22,"s":[0],"e":[100]},{"i":{"x":[0.833],"y":[1]},"o":{"x":[0.167],"y":[0]},"n":["0p833_1_0p167_0"],"t":30,"s":[100],"e":[0]},{"i":{"x":[0.833],"y":[0.833]},"o":{"x":[0.167],"y":[0.167]},"n":["0p833_0p833_0p167_0p167"],"t":31,"s":[0],"e":[0]},{"i":{"x":[0.1],"y":[1]},"o":{"x":[0.9],"y":[0]},"n":["0p1_1_0p9_0"],"t":33,"s":[0],"e":[100]},{"i":{"x":[0.833],"y":[1]},"o":{"x":[0.167],"y":[0]},"n":["0p833_1_0p167_0"],"t":41,"s":[100],"e":[0]},{"i":{"x":[0.833],"y":[0.833]},"o":{"x":[0.167],"y":[0.167]},"n":["0p833_0p833_0p167_0p167"],"t":42,"s":[0],"e":[0]},{"i":{"x":[0.1],"y":[1]},"o":{"x":[0.9],"y":[0]},"n":["0p1_1_0p9_0"],"t":44,"s":[0],"e":[100]},{"t":52}],"ix":2},"o":{"a":0,"k":0,"ix":3},"m":1,"ix":2,"nm":"Trim Paths 1","mn":"ADBE Vector Filter - Trim"}],"ip":0.5,"op":275.5,"st":-24.5,"bm":0,"sr":1},{"ddd":0,"ind":3,"ty":4,"nm":"speedLine 6","ks":{"o":{"a":0,"k":100},"r":{"a":0,"k":0},"p":{"a":0,"k":[147.439,66.491,0]},"a":{"a":0,"k":[167.027,43.2,0]},"s":{"a":0,"k":[100,100,100]}},"ao":0,"shapes":[{"ty":"gr","it":[{"ind":0,"ty":"sh","ix":1,"ks":{"a":0,"k":{"i":[[0,0],[0,0]],"o":[[0,0],[0,0]],"v":[[127,68],[219,11]],"c":false}},"nm":"Path 1","mn":"ADBE Vector Shape - Group"},{"ty":"st","c":{"a":0,"k":[0,1,0.9882352,1]},"o":{"a":0,"k":100},"w":{"a":0,"k":3},"lc":1,"lj":1,"ml":4,"nm":"Stroke 1","mn":"ADBE Vector Graphic - Stroke"},{"ty":"tr","p":{"a":0,"k":[0,0],"ix":2},"a":{"a":0,"k":[0,0],"ix":1},"s":{"a":0,"k":[100,100],"ix":3},"r":{"a":0,"k":0,"ix":6},"o":{"a":0,"k":100,"ix":7},"sk":{"a":0,"k":0,"ix":4},"sa":{"a":0,"k":0,"ix":5},"nm":"Transform"}],"nm":"Shape 1","np":3,"cix":2,"ix":1,"mn":"ADBE Vector Group"},{"ty":"tm","s":{"a":1,"k":[{"i":{"x":[0.16],"y":[1]},"o":{"x":[0.84],"y":[0]},"n":["0p16_1_0p84_0"],"t":2,"s":[0],"e":[100]},{"i":{"x":[0.833],"y":[0.833]},"o":{"x":[0.9],"y":[0.9]},"n":["0p833_0p833_0p9_0p9"],"t":8,"s":[100],"e":[100]},{"i":{"x":[0.1],"y":[1]},"o":{"x":[0.167],"y":[0]},"n":["0p1_1_0p167_0"],"t":10,"s":[100],"e":[0]},{"i":{"x":[0.16],"y":[1]},"o":{"x":[0.84],"y":[0]},"n":["0p16_1_0p84_0"],"t":11,"s":[0],"e":[100]},{"i":{"x":[0.833],"y":[0.833]},"o":{"x":[0.9],"y":[0.9]},"n":["0p833_0p833_0p9_0p9"],"t":17,"s":[100],"e":[100]},{"i":{"x":[0.1],"y":[1]},"o":{"x":[0.167],"y":[0]},"n":["0p1_1_0p167_0"],"t":19,"s":[100],"e":[0]},{"i":{"x":[0.16],"y":[1]},"o":{"x":[0.84],"y":[0]},"n":["0p16_1_0p84_0"],"t":20,"s":[0],"e":[100]},{"i":{"x":[0.833],"y":[0.833]},"o":{"x":[0.9],"y":[0.9]},"n":["0p833_0p833_0p9_0p9"],"t":26,"s":[100],"e":[100]},{"i":{"x":[0.1],"y":[1]},"o":{"x":[0.167],"y":[0]},"n":["0p1_1_0p167_0"],"t":28,"s":[100],"e":[0]},{"i":{"x":[0.16],"y":[1]},"o":{"x":[0.84],"y":[0]},"n":["0p16_1_0p84_0"],"t":29,"s":[0],"e":[100]},{"i":{"x":[0.833],"y":[0.833]},"o":{"x":[0.9],"y":[0.9]},"n":["0p833_0p833_0p9_0p9"],"t":35,"s":[100],"e":[100]},{"t":37}],"ix":1},"e":{"a":1,"k":[{"i":{"x":[0.833],"y":[0.833]},"o":{"x":[0.167],"y":[0.167]},"n":["0p833_0p833_0p167_0p167"],"t":2,"s":[0],"e":[0]},{"i":{"x":[0.16],"y":[1]},"o":{"x":[0.84],"y":[0]},"n":["0p16_1_0p84_0"],"t":4,"s":[0],"e":[100]},{"i":{"x":[0.833],"y":[1]},"o":{"x":[0.167],"y":[0]},"n":["0p833_1_0p167_0"],"t":10,"s":[100],"e":[0]},{"i":{"x":[0.833],"y":[0.833]},"o":{"x":[0.167],"y":[0.167]},"n":["0p833_0p833_0p167_0p167"],"t":11,"s":[0],"e":[0]},{"i":{"x":[0.16],"y":[1]},"o":{"x":[0.84],"y":[0]},"n":["0p16_1_0p84_0"],"t":13,"s":[0],"e":[100]},{"i":{"x":[0.833],"y":[1]},"o":{"x":[0.167],"y":[0]},"n":["0p833_1_0p167_0"],"t":19,"s":[100],"e":[0]},{"i":{"x":[0.833],"y":[0.833]},"o":{"x":[0.167],"y":[0.167]},"n":["0p833_0p833_0p167_0p167"],"t":20,"s":[0],"e":[0]},{"i":{"x":[0.16],"y":[1]},"o":{"x":[0.84],"y":[0]},"n":["0p16_1_0p84_0"],"t":22,"s":[0],"e":[100]},{"i":{"x":[0.833],"y":[1]},"o":{"x":[0.167],"y":[0]},"n":["0p833_1_0p167_0"],"t":28,"s":[100],"e":[0]},{"i":{"x":[0.833],"y":[0.833]},"o":{"x":[0.167],"y":[0.167]},"n":["0p833_0p833_0p167_0p167"],"t":29,"s":[0],"e":[0]},{"i":{"x":[0.16],"y":[1]},"o":{"x":[0.84],"y":[0]},"n":["0p16_1_0p84_0"],"t":31,"s":[0],"e":[100]},{"t":37}],"ix":2},"o":{"a":0,"k":0,"ix":3},"m":1,"ix":2,"nm":"Trim Paths 1","mn":"ADBE Vector Filter - Trim"}],"ip":2,"op":277,"st":-23,"bm":0,"sr":1},{"ddd":0,"ind":4,"ty":4,"nm":"speedLine 5","ks":{"o":{"a":0,"k":100},"r":{"a":0,"k":0},"p":{"a":0,"k":[133.412,46.291,0]},"a":{"a":0,"k":[127,11,0]},"s":{"a":0,"k":[100,100,100]}},"ao":0,"shapes":[{"ty":"gr","it":[{"ind":0,"ty":"sh","ix":1,"ks":{"a":0,"k":{"i":[[0,0],[0,0]],"o":[[0,0],[0,0]],"v":[[127,68],[219,11]],"c":false}},"nm":"Path 1","mn":"ADBE Vector Shape - Group"},{"ty":"st","c":{"a":0,"k":[1,0.8499999,0,1]},"o":{"a":0,"k":100},"w":{"a":0,"k":4},"lc":1,"lj":1,"ml":4,"nm":"Stroke 1","mn":"ADBE Vector Graphic - Stroke"},{"ty":"tr","p":{"a":0,"k":[0,0],"ix":2},"a":{"a":0,"k":[0,0],"ix":1},"s":{"a":0,"k":[100,100],"ix":3},"r":{"a":0,"k":0,"ix":6},"o":{"a":0,"k":100,"ix":7},"sk":{"a":0,"k":0,"ix":4},"sa":{"a":0,"k":0,"ix":5},"nm":"Transform"}],"nm":"Shape 1","np":3,"cix":2,"ix":1,"mn":"ADBE Vector Group"},{"ty":"tm","s":{"a":1,"k":[{"i":{"x":[0.16],"y":[1]},"o":{"x":[0.84],"y":[0]},"n":["0p16_1_0p84_0"],"t":0,"s":[0],"e":[100]},{"i":{"x":[0.833],"y":[0.833]},"o":{"x":[0.9],"y":[0.9]},"n":["0p833_0p833_0p9_0p9"],"t":5,"s":[100],"e":[100]},{"i":{"x":[0.1],"y":[1]},"o":{"x":[0.167],"y":[0]},"n":["0p1_1_0p167_0"],"t":7,"s":[100],"e":[0]},{"i":{"x":[0.16],"y":[1]},"o":{"x":[0.84],"y":[0]},"n":["0p16_1_0p84_0"],"t":8,"s":[0],"e":[100]},{"i":{"x":[0.833],"y":[0.833]},"o":{"x":[0.9],"y":[0.9]},"n":["0p833_0p833_0p9_0p9"],"t":13,"s":[100],"e":[100]},{"i":{"x":[0.1],"y":[1]},"o":{"x":[0.167],"y":[0]},"n":["0p1_1_0p167_0"],"t":15,"s":[100],"e":[0]},{"i":{"x":[0.16],"y":[1]},"o":{"x":[0.84],"y":[0]},"n":["0p16_1_0p84_0"],"t":16,"s":[0],"e":[100]},{"i":{"x":[0.833],"y":[0.833]},"o":{"x":[0.9],"y":[0.9]},"n":["0p833_0p833_0p9_0p9"],"t":21,"s":[100],"e":[100]},{"i":{"x":[0.1],"y":[1]},"o":{"x":[0.167],"y":[0]},"n":["0p1_1_0p167_0"],"t":23,"s":[100],"e":[0]},{"i":{"x":[0.16],"y":[1]},"o":{"x":[0.84],"y":[0]},"n":["0p16_1_0p84_0"],"t":24,"s":[0],"e":[100]},{"i":{"x":[0.833],"y":[0.833]},"o":{"x":[0.9],"y":[0.9]},"n":["0p833_0p833_0p9_0p9"],"t":29,"s":[100],"e":[100]},{"i":{"x":[0.1],"y":[1]},"o":{"x":[0.167],"y":[0]},"n":["0p1_1_0p167_0"],"t":31,"s":[100],"e":[0]},{"i":{"x":[0.16],"y":[1]},"o":{"x":[0.84],"y":[0]},"n":["0p16_1_0p84_0"],"t":32,"s":[0],"e":[100]},{"i":{"x":[0.833],"y":[0.833]},"o":{"x":[0.9],"y":[0.9]},"n":["0p833_0p833_0p9_0p9"],"t":37,"s":[100],"e":[100]},{"t":39}],"ix":1},"e":{"a":1,"k":[{"i":{"x":[0.833],"y":[0.833]},"o":{"x":[0.167],"y":[0.167]},"n":["0p833_0p833_0p167_0p167"],"t":0,"s":[0],"e":[0]},{"i":{"x":[0.16],"y":[1]},"o":{"x":[0.84],"y":[0]},"n":["0p16_1_0p84_0"],"t":2,"s":[0],"e":[100]},{"i":{"x":[0.833],"y":[1]},"o":{"x":[0.167],"y":[0]},"n":["0p833_1_0p167_0"],"t":7,"s":[100],"e":[0]},{"i":{"x":[0.833],"y":[0.833]},"o":{"x":[0.167],"y":[0.167]},"n":["0p833_0p833_0p167_0p167"],"t":8,"s":[0],"e":[0]},{"i":{"x":[0.16],"y":[1]},"o":{"x":[0.84],"y":[0]},"n":["0p16_1_0p84_0"],"t":10,"s":[0],"e":[100]},{"i":{"x":[0.833],"y":[1]},"o":{"x":[0.167],"y":[0]},"n":["0p833_1_0p167_0"],"t":15,"s":[100],"e":[0]},{"i":{"x":[0.833],"y":[0.833]},"o":{"x":[0.167],"y":[0.167]},"n":["0p833_0p833_0p167_0p167"],"t":16,"s":[0],"e":[0]},{"i":{"x":[0.16],"y":[1]},"o":{"x":[0.84],"y":[0]},"n":["0p16_1_0p84_0"],"t":18,"s":[0],"e":[100]},{"i":{"x":[0.833],"y":[1]},"o":{"x":[0.167],"y":[0]},"n":["0p833_1_0p167_0"],"t":23,"s":[100],"e":[0]},{"i":{"x":[0.833],"y":[0.833]},"o":{"x":[0.167],"y":[0.167]},"n":["0p833_0p833_0p167_0p167"],"t":24,"s":[0],"e":[0]},{"i":{"x":[0.16],"y":[1]},"o":{"x":[0.84],"y":[0]},"n":["0p16_1_0p84_0"],"t":26,"s":[0],"e":[100]},{"i":{"x":[0.833],"y":[1]},"o":{"x":[0.167],"y":[0]},"n":["0p833_1_0p167_0"],"t":31,"s":[100],"e":[0]},{"i":{"x":[0.833],"y":[0.833]},"o":{"x":[0.167],"y":[0.167]},"n":["0p833_0p833_0p167_0p167"],"t":32,"s":[0],"e":[0]},{"i":{"x":[0.16],"y":[1]},"o":{"x":[0.84],"y":[0]},"n":["0p16_1_0p84_0"],"t":34,"s":[0],"e":[100]},{"t":39}],"ix":2},"o":{"a":0,"k":0,"ix":3},"m":1,"ix":2,"nm":"Trim Paths 1","mn":"ADBE Vector Filter - Trim"}],"ip":0,"op":275,"st":-25,"bm":0,"sr":1}]}