{"v":"4.6.3","fr":25,"ip":0,"op":35,"w":800,"h":600,"nm":"Infinite Rainbow","ddd":0,"assets":[],"layers":[{"ddd":0,"ind":1,"ty":4,"nm":"red","ks":{"o":{"a":0,"k":100},"r":{"a":0,"k":0},"p":{"a":0,"k":[400,300,0]},"a":{"a":0,"k":[0,0,0]},"s":{"a":0,"k":[163.881,163.881,100]}},"ao":0,"shapes":[{"ty":"gr","it":[{"ind":0,"ty":"sh","ix":1,"ks":{"a":0,"k":{"i":[[0,0],[33.652,0],[0,41.527],[-41.535,0],[0,0],[-39.087,0],[0,41.527],[41.539,0],[32.764,-26.468]],"o":[[-32.784,26.453],[-41.535,0],[0,-41.535],[50.443,0],[41.101,34.635],[41.539,0],[0,-41.52],[-33.659,0],[0,0]],"v":[[-27.481,23.43],[-131.29,75.613],[-206.634,0.288],[-131.29,-75.613],[7.788,6.558],[131.317,75.613],[206.634,-0.288],[131.317,-75.613],[27.489,-23.422]],"c":true}},"nm":".infinity","mn":"ADBE Vector Shape - Group","cl":"infinity"},{"ty":"st","c":{"a":0,"k":[0.9686275,0.3176471,0.3019608,1]},"o":{"a":0,"k":100},"w":{"a":0,"k":12},"lc":2,"lj":1,"ml":4,"nm":"Stroke 1","mn":"ADBE Vector Graphic - Stroke"},{"ty":"tr","p":{"a":0,"k":[0,0],"ix":2},"a":{"a":0,"k":[0,0],"ix":1},"s":{"a":0,"k":[100,100],"ix":3},"r":{"a":0,"k":0,"ix":6},"o":{"a":0,"k":100,"ix":7},"sk":{"a":0,"k":0,"ix":4},"sa":{"a":0,"k":0,"ix":5},"nm":"Transform"}],"nm":"Shape 1","np":3,"cix":2,"ix":1,"mn":"ADBE Vector Group"},{"ty":"tm","s":{"a":1,"k":[{"i":{"x":[0.833],"y":[0.833]},"o":{"x":[0.167],"y":[0.167]},"n":["0p833_0p833_0p167_0p167"],"t":-4,"s":[0],"e":[80]},{"t":30}],"x":"var $bm_rt;\n$bm_rt = loopOut('cycle');","ix":1},"e":{"a":1,"k":[{"i":{"x":[0.833],"y":[0.833]},"o":{"x":[0.167],"y":[0.167]},"n":["0p833_0p833_0p167_0p167"],"t":-4,"s":[20],"e":[100]},{"t":30}],"x":"var $bm_rt;\n$bm_rt = loopOut('cycle');","ix":2},"o":{"a":1,"k":[{"i":{"x":[0.833],"y":[0.833]},"o":{"x":[0.167],"y":[0.167]},"n":["0p833_0p833_0p167_0p167"],"t":-4,"s":[0],"e":[60]},{"t":30}],"x":"var $bm_rt;\n$bm_rt = loopOut('cycle');","ix":3},"m":1,"ix":2,"nm":"Trim Paths 1","mn":"ADBE Vector Filter - Trim"}],"ip":-4,"op":35,"st":-4,"bm":0,"sr":1},{"ddd":0,"ind":2,"ty":4,"nm":"orange","ks":{"o":{"a":0,"k":100},"r":{"a":0,"k":0},"p":{"a":0,"k":[400,300,0]},"a":{"a":0,"k":[0,0,0]},"s":{"a":0,"k":[163.881,163.881,100]}},"ao":0,"shapes":[{"ty":"gr","it":[{"ind":0,"ty":"sh","ix":1,"ks":{"a":0,"k":{"i":[[0,0],[33.652,0],[0,41.527],[-41.535,0],[0,0],[-39.087,0],[0,41.527],[41.539,0],[32.764,-26.468]],"o":[[-32.784,26.453],[-41.535,0],[0,-41.535],[50.443,0],[41.101,34.635],[41.539,0],[0,-41.52],[-33.659,0],[0,0]],"v":[[-27.481,23.43],[-131.29,75.613],[-206.634,0.288],[-131.29,-75.613],[7.788,6.558],[131.317,75.613],[206.634,-0.288],[131.317,-75.613],[27.489,-23.422]],"c":true}},"nm":"Path 1","mn":"ADBE Vector Shape - Group"},{"ty":"st","c":{"a":0,"k":[0.972549,0.4392157,0.2235294,1]},"o":{"a":0,"k":100},"w":{"a":0,"k":12},"lc":2,"lj":1,"ml":4,"nm":"Stroke 1","mn":"ADBE Vector Graphic - Stroke"},{"ty":"tr","p":{"a":0,"k":[0,0],"ix":2},"a":{"a":0,"k":[0,0],"ix":1},"s":{"a":0,"k":[100,100],"ix":3},"r":{"a":0,"k":0,"ix":6},"o":{"a":0,"k":100,"ix":7},"sk":{"a":0,"k":0,"ix":4},"sa":{"a":0,"k":0,"ix":5},"nm":"Transform"}],"nm":"Shape 1","np":3,"cix":2,"ix":1,"mn":"ADBE Vector Group"},{"ty":"tm","s":{"a":1,"k":[{"i":{"x":[0.833],"y":[0.833]},"o":{"x":[0.167],"y":[0.167]},"n":["0p833_0p833_0p167_0p167"],"t":-8,"s":[0],"e":[80]},{"t":26}],"x":"var $bm_rt;\n$bm_rt = loopOut('cycle');","ix":1},"e":{"a":1,"k":[{"i":{"x":[0.833],"y":[0.833]},"o":{"x":[0.167],"y":[0.167]},"n":["0p833_0p833_0p167_0p167"],"t":-8,"s":[20],"e":[100]},{"t":26}],"x":"var $bm_rt;\n$bm_rt = loopOut('cycle');","ix":2},"o":{"a":1,"k":[{"i":{"x":[0.833],"y":[0.833]},"o":{"x":[0.167],"y":[0.167]},"n":["0p833_0p833_0p167_0p167"],"t":-8,"s":[0],"e":[60]},{"t":26}],"x":"var $bm_rt;\n$bm_rt = loopOut('cycle');","ix":3},"m":1,"ix":2,"nm":"Trim Paths 1","mn":"ADBE Vector Filter - Trim"}],"ip":-8,"op":35,"st":-8,"bm":0,"sr":1},{"ddd":0,"ind":3,"ty":4,"nm":"yellow","ks":{"o":{"a":0,"k":100},"r":{"a":0,"k":0},"p":{"a":0,"k":[400,300,0]},"a":{"a":0,"k":[0,0,0]},"s":{"a":0,"k":[163.881,163.881,100]}},"ao":0,"shapes":[{"ty":"gr","it":[{"ind":0,"ty":"sh","ix":1,"ks":{"a":0,"k":{"i":[[0,0],[33.652,0],[0,41.527],[-41.535,0],[0,0],[-39.087,0],[0,41.527],[41.539,0],[32.764,-26.468]],"o":[[-32.784,26.453],[-41.535,0],[0,-41.535],[50.443,0],[41.101,34.635],[41.539,0],[0,-41.52],[-33.659,0],[0,0]],"v":[[-27.481,23.43],[-131.29,75.613],[-206.634,0.288],[-131.29,-75.613],[7.788,6.558],[131.317,75.613],[206.634,-0.288],[131.317,-75.613],[27.489,-23.422]],"c":true}},"nm":"Path 1","mn":"ADBE Vector Shape - Group"},{"ty":"st","c":{"a":0,"k":[0.9882353,0.9019608,0.3215686,1]},"o":{"a":0,"k":100},"w":{"a":0,"k":12},"lc":2,"lj":1,"ml":4,"nm":"Stroke 1","mn":"ADBE Vector Graphic - Stroke"},{"ty":"tr","p":{"a":0,"k":[0,0],"ix":2},"a":{"a":0,"k":[0,0],"ix":1},"s":{"a":0,"k":[100,100],"ix":3},"r":{"a":0,"k":0,"ix":6},"o":{"a":0,"k":100,"ix":7},"sk":{"a":0,"k":0,"ix":4},"sa":{"a":0,"k":0,"ix":5},"nm":"Transform"}],"nm":"Shape 1","np":3,"cix":2,"ix":1,"mn":"ADBE Vector Group"},{"ty":"tm","s":{"a":1,"k":[{"i":{"x":[0.833],"y":[0.833]},"o":{"x":[0.167],"y":[0.167]},"n":["0p833_0p833_0p167_0p167"],"t":-12,"s":[0],"e":[80]},{"t":22}],"x":"var $bm_rt;\n$bm_rt = loopOut('cycle');","ix":1},"e":{"a":1,"k":[{"i":{"x":[0.833],"y":[0.833]},"o":{"x":[0.167],"y":[0.167]},"n":["0p833_0p833_0p167_0p167"],"t":-12,"s":[20],"e":[100]},{"t":22}],"x":"var $bm_rt;\n$bm_rt = loopOut('cycle');","ix":2},"o":{"a":1,"k":[{"i":{"x":[0.833],"y":[0.833]},"o":{"x":[0.167],"y":[0.167]},"n":["0p833_0p833_0p167_0p167"],"t":-12,"s":[0],"e":[60]},{"t":22}],"x":"var $bm_rt;\n$bm_rt = loopOut('cycle');","ix":3},"m":1,"ix":2,"nm":"Trim Paths 1","mn":"ADBE Vector Filter - Trim"}],"ip":-12,"op":35,"st":-12,"bm":0,"sr":1},{"ddd":0,"ind":4,"ty":4,"nm":"green","ks":{"o":{"a":0,"k":100},"r":{"a":0,"k":0},"p":{"a":0,"k":[400,300,0]},"a":{"a":0,"k":[0,0,0]},"s":{"a":0,"k":[163.881,163.881,100]}},"ao":0,"shapes":[{"ty":"gr","it":[{"ind":0,"ty":"sh","ix":1,"ks":{"a":0,"k":{"i":[[0,0],[33.652,0],[0,41.527],[-41.535,0],[0,0],[-39.087,0],[0,41.527],[41.539,0],[32.764,-26.468]],"o":[[-32.784,26.453],[-41.535,0],[0,-41.535],[50.443,0],[41.101,34.635],[41.539,0],[0,-41.52],[-33.659,0],[0,0]],"v":[[-27.481,23.43],[-131.29,75.613],[-206.634,0.288],[-131.29,-75.613],[7.788,6.558],[131.317,75.613],[206.634,-0.288],[131.317,-75.613],[27.489,-23.422]],"c":true}},"nm":"Path 1","mn":"ADBE Vector Shape - Group"},{"ty":"st","c":{"a":0,"k":[0.4313725,0.9215686,0.4980392,1]},"o":{"a":0,"k":100},"w":{"a":0,"k":12},"lc":2,"lj":1,"ml":4,"nm":"Stroke 1","mn":"ADBE Vector Graphic - Stroke"},{"ty":"tr","p":{"a":0,"k":[0,0],"ix":2},"a":{"a":0,"k":[0,0],"ix":1},"s":{"a":0,"k":[100,100],"ix":3},"r":{"a":0,"k":0,"ix":6},"o":{"a":0,"k":100,"ix":7},"sk":{"a":0,"k":0,"ix":4},"sa":{"a":0,"k":0,"ix":5},"nm":"Transform"}],"nm":"Shape 1","np":3,"cix":2,"ix":1,"mn":"ADBE Vector Group"},{"ty":"tm","s":{"a":1,"k":[{"i":{"x":[0.833],"y":[0.833]},"o":{"x":[0.167],"y":[0.167]},"n":["0p833_0p833_0p167_0p167"],"t":-16,"s":[0],"e":[80]},{"t":18}],"x":"var $bm_rt;\n$bm_rt = loopOut('cycle');","ix":1},"e":{"a":1,"k":[{"i":{"x":[0.833],"y":[0.833]},"o":{"x":[0.167],"y":[0.167]},"n":["0p833_0p833_0p167_0p167"],"t":-16,"s":[20],"e":[100]},{"t":18}],"x":"var $bm_rt;\n$bm_rt = loopOut('cycle');","ix":2},"o":{"a":1,"k":[{"i":{"x":[0.833],"y":[0.833]},"o":{"x":[0.167],"y":[0.167]},"n":["0p833_0p833_0p167_0p167"],"t":-16,"s":[0],"e":[60]},{"t":18}],"x":"var $bm_rt;\n$bm_rt = loopOut('cycle');","ix":3},"m":1,"ix":2,"nm":"Trim Paths 1","mn":"ADBE Vector Filter - Trim"}],"ip":-16,"op":35,"st":-16,"bm":0,"sr":1},{"ddd":0,"ind":5,"ty":4,"nm":"blue","ks":{"o":{"a":0,"k":100},"r":{"a":0,"k":0},"p":{"a":0,"k":[400,300,0]},"a":{"a":0,"k":[0,0,0]},"s":{"a":0,"k":[163.881,163.881,100]}},"ao":0,"shapes":[{"ty":"gr","it":[{"ind":0,"ty":"sh","ix":1,"ks":{"a":0,"k":{"i":[[0,0],[33.652,0],[0,41.527],[-41.535,0],[0,0],[-39.087,0],[0,41.527],[41.539,0],[32.764,-26.468]],"o":[[-32.784,26.453],[-41.535,0],[0,-41.535],[50.443,0],[41.101,34.635],[41.539,0],[0,-41.52],[-33.659,0],[0,0]],"v":[[-27.481,23.43],[-131.29,75.613],[-206.634,0.288],[-131.29,-75.613],[7.788,6.558],[131.317,75.613],[206.634,-0.288],[131.317,-75.613],[27.489,-23.422]],"c":true}},"nm":"Path 1","mn":"ADBE Vector Shape - Group"},{"ty":"st","c":{"a":0,"k":[0.3254902,0.4901961,0.9882353,1]},"o":{"a":0,"k":100},"w":{"a":0,"k":12},"lc":2,"lj":1,"ml":4,"nm":"Stroke 1","mn":"ADBE Vector Graphic - Stroke"},{"ty":"tr","p":{"a":0,"k":[0,0],"ix":2},"a":{"a":0,"k":[0,0],"ix":1},"s":{"a":0,"k":[100,100],"ix":3},"r":{"a":0,"k":0,"ix":6},"o":{"a":0,"k":100,"ix":7},"sk":{"a":0,"k":0,"ix":4},"sa":{"a":0,"k":0,"ix":5},"nm":"Transform"}],"nm":"Shape 1","np":3,"cix":2,"ix":1,"mn":"ADBE Vector Group"},{"ty":"tm","s":{"a":1,"k":[{"i":{"x":[0.833],"y":[0.833]},"o":{"x":[0.167],"y":[0.167]},"n":["0p833_0p833_0p167_0p167"],"t":-20,"s":[0],"e":[80]},{"t":14}],"x":"var $bm_rt;\n$bm_rt = loopOut('cycle');","ix":1},"e":{"a":1,"k":[{"i":{"x":[0.833],"y":[0.833]},"o":{"x":[0.167],"y":[0.167]},"n":["0p833_0p833_0p167_0p167"],"t":-20,"s":[20],"e":[100]},{"t":14}],"x":"var $bm_rt;\n$bm_rt = loopOut('cycle');","ix":2},"o":{"a":1,"k":[{"i":{"x":[0.833],"y":[0.833]},"o":{"x":[0.167],"y":[0.167]},"n":["0p833_0p833_0p167_0p167"],"t":-20,"s":[0],"e":[60]},{"t":14}],"x":"var $bm_rt;\n$bm_rt = loopOut('cycle');","ix":3},"m":1,"ix":2,"nm":"Trim Paths 1","mn":"ADBE Vector Filter - Trim"}],"ip":-20,"op":35,"st":-20,"bm":0,"sr":1},{"ddd":0,"ind":6,"ty":4,"nm":"indigo","ks":{"o":{"a":0,"k":100},"r":{"a":0,"k":0},"p":{"a":0,"k":[400,300,0]},"a":{"a":0,"k":[0,0,0]},"s":{"a":0,"k":[163.881,163.881,100]}},"ao":0,"shapes":[{"ty":"gr","it":[{"ind":0,"ty":"sh","ix":1,"ks":{"a":0,"k":{"i":[[0,0],[33.652,0],[0,41.527],[-41.535,0],[0,0],[-39.087,0],[0,41.527],[41.539,0],[32.764,-26.468]],"o":[[-32.784,26.453],[-41.535,0],[0,-41.535],[50.443,0],[41.101,34.635],[41.539,0],[0,-41.52],[-33.659,0],[0,0]],"v":[[-27.481,23.43],[-131.29,75.613],[-206.634,0.288],[-131.29,-75.613],[7.788,6.558],[131.317,75.613],[206.634,-0.288],[131.317,-75.613],[27.489,-23.422]],"c":true}},"nm":"Path 1","mn":"ADBE Vector Shape - Group"},{"ty":"st","c":{"a":0,"k":[0.772549,0.227451,0.7803922,1]},"o":{"a":0,"k":100},"w":{"a":0,"k":12},"lc":2,"lj":1,"ml":4,"nm":"Stroke 1","mn":"ADBE Vector Graphic - Stroke"},{"ty":"tr","p":{"a":0,"k":[0,0],"ix":2},"a":{"a":0,"k":[0,0],"ix":1},"s":{"a":0,"k":[100,100],"ix":3},"r":{"a":0,"k":0,"ix":6},"o":{"a":0,"k":100,"ix":7},"sk":{"a":0,"k":0,"ix":4},"sa":{"a":0,"k":0,"ix":5},"nm":"Transform"}],"nm":"Shape 1","np":3,"cix":2,"ix":1,"mn":"ADBE Vector Group"},{"ty":"tm","s":{"a":1,"k":[{"i":{"x":[0.833],"y":[0.833]},"o":{"x":[0.167],"y":[0.167]},"n":["0p833_0p833_0p167_0p167"],"t":-24,"s":[0],"e":[80]},{"t":10}],"x":"var $bm_rt;\n$bm_rt = loopOut('cycle');","ix":1},"e":{"a":1,"k":[{"i":{"x":[0.833],"y":[0.833]},"o":{"x":[0.167],"y":[0.167]},"n":["0p833_0p833_0p167_0p167"],"t":-24,"s":[20],"e":[100]},{"t":10}],"x":"var $bm_rt;\n$bm_rt = loopOut('cycle');","ix":2},"o":{"a":1,"k":[{"i":{"x":[0.833],"y":[0.833]},"o":{"x":[0.167],"y":[0.167]},"n":["0p833_0p833_0p167_0p167"],"t":-24,"s":[0],"e":[60]},{"t":10}],"x":"var $bm_rt;\n$bm_rt = loopOut('cycle');","ix":3},"m":1,"ix":2,"nm":"Trim Paths 1","mn":"ADBE Vector Filter - Trim"}],"ip":-24,"op":35,"st":-24,"bm":0,"sr":1},{"ddd":0,"ind":7,"ty":4,"nm":"violet","ks":{"o":{"a":0,"k":100},"r":{"a":0,"k":0},"p":{"a":0,"k":[400,300,0]},"a":{"a":0,"k":[0,0,0]},"s":{"a":0,"k":[163.881,163.881,100]}},"ao":0,"shapes":[{"ty":"gr","it":[{"ind":0,"ty":"sh","ix":1,"ks":{"a":0,"k":{"i":[[0,0],[33.652,0],[0,41.527],[-41.535,0],[0,0],[-39.087,0],[0,41.527],[41.539,0],[32.764,-26.468]],"o":[[-32.784,26.453],[-41.535,0],[0,-41.535],[50.443,0],[41.101,34.635],[41.539,0],[0,-41.52],[-33.659,0],[0,0]],"v":[[-27.481,23.43],[-131.29,75.613],[-206.634,0.288],[-131.29,-75.613],[7.788,6.558],[131.317,75.613],[206.634,-0.288],[131.317,-75.613],[27.489,-23.422]],"c":true}},"nm":"Path 1","mn":"ADBE Vector Shape - Group"},{"ty":"st","c":{"a":0,"k":[0.4,0.2705882,0.7019608,1]},"o":{"a":0,"k":100},"w":{"a":0,"k":12},"lc":2,"lj":1,"ml":4,"nm":"Stroke 1","mn":"ADBE Vector Graphic - Stroke"},{"ty":"tr","p":{"a":0,"k":[0,0],"ix":2},"a":{"a":0,"k":[0,0],"ix":1},"s":{"a":0,"k":[100,100],"ix":3},"r":{"a":0,"k":0,"ix":6},"o":{"a":0,"k":100,"ix":7},"sk":{"a":0,"k":0,"ix":4},"sa":{"a":0,"k":0,"ix":5},"nm":"Transform"}],"nm":"Shape 1","np":3,"cix":2,"ix":1,"mn":"ADBE Vector Group"},{"ty":"tm","s":{"a":1,"k":[{"i":{"x":[0.833],"y":[0.833]},"o":{"x":[0.167],"y":[0.167]},"n":["0p833_0p833_0p167_0p167"],"t":-28,"s":[0],"e":[80]},{"t":6}],"x":"var $bm_rt;\n$bm_rt = loopOut('cycle');","ix":1},"e":{"a":1,"k":[{"i":{"x":[0.833],"y":[0.833]},"o":{"x":[0.167],"y":[0.167]},"n":["0p833_0p833_0p167_0p167"],"t":-28,"s":[20],"e":[100]},{"t":6}],"x":"var $bm_rt;\n$bm_rt = loopOut('cycle');","ix":2},"o":{"a":1,"k":[{"i":{"x":[0.833],"y":[0.833]},"o":{"x":[0.167],"y":[0.167]},"n":["0p833_0p833_0p167_0p167"],"t":-28,"s":[0],"e":[60]},{"t":6}],"x":"var $bm_rt;\n$bm_rt = loopOut('cycle');","ix":3},"m":1,"ix":2,"nm":"Trim Paths 1","mn":"ADBE Vector Filter - Trim"}],"ip":-28,"op":35,"st":-28,"bm":0,"sr":1},{"ddd":0,"ind":8,"ty":4,"nm":"dark blue","ks":{"o":{"a":0,"k":100},"r":{"a":0,"k":0},"p":{"a":0,"k":[400,300,0]},"a":{"a":0,"k":[0,0,0]},"s":{"a":0,"k":[163.881,163.881,100]}},"ao":0,"shapes":[{"ty":"gr","it":[{"ind":0,"ty":"sh","ix":1,"ks":{"a":0,"k":{"i":[[0,0],[33.652,0],[0,41.527],[-41.535,0],[0,0],[-39.087,0],[0,41.527],[41.539,0],[32.764,-26.468]],"o":[[-32.784,26.453],[-41.535,0],[0,-41.535],[50.443,0],[41.101,34.635],[41.539,0],[0,-41.52],[-33.659,0],[0,0]],"v":[[-27.481,23.43],[-131.29,75.613],[-206.634,0.288],[-131.29,-75.613],[7.788,6.558],[131.317,75.613],[206.634,-0.288],[131.317,-75.613],[27.489,-23.422]],"c":true}},"nm":"Path 1","mn":"ADBE Vector Shape - Group"},{"ty":"st","c":{"a":0,"k":[0.9686275,0.2905882,0.4470588,1]},"o":{"a":0,"k":100},"w":{"a":0,"k":12},"lc":2,"lj":1,"ml":4,"nm":"Stroke 1","mn":"ADBE Vector Graphic - Stroke"},{"ty":"tr","p":{"a":0,"k":[0,0],"ix":2},"a":{"a":0,"k":[0,0],"ix":1},"s":{"a":0,"k":[100,100],"ix":3},"r":{"a":0,"k":0,"ix":6},"o":{"a":0,"k":100,"ix":7},"sk":{"a":0,"k":0,"ix":4},"sa":{"a":0,"k":0,"ix":5},"nm":"Transform"}],"nm":"Shape 1","np":3,"cix":2,"ix":1,"mn":"ADBE Vector Group"},{"ty":"tm","s":{"a":1,"k":[{"i":{"x":[0.833],"y":[0.833]},"o":{"x":[0.167],"y":[0.167]},"n":["0p833_0p833_0p167_0p167"],"t":-32,"s":[0],"e":[80]},{"t":2}],"x":"var $bm_rt;\n$bm_rt = loopOut('cycle');","ix":1},"e":{"a":1,"k":[{"i":{"x":[0.833],"y":[0.833]},"o":{"x":[0.167],"y":[0.167]},"n":["0p833_0p833_0p167_0p167"],"t":-32,"s":[20],"e":[100]},{"t":2}],"x":"var $bm_rt;\n$bm_rt = loopOut('cycle');","ix":2},"o":{"a":1,"k":[{"i":{"x":[0.833],"y":[0.833]},"o":{"x":[0.167],"y":[0.167]},"n":["0p833_0p833_0p167_0p167"],"t":-32,"s":[0],"e":[60]},{"t":2}],"x":"var $bm_rt;\n$bm_rt = loopOut('cycle');","ix":3},"m":1,"ix":2,"nm":"Trim Paths 1","mn":"ADBE Vector Filter - Trim"}],"ip":-32,"op":35,"st":-32,"bm":0,"sr":1}]}