{"assets":[],"layers":[{"ddd":0,"ind":0,"ty":1,"nm":"circle 2","ks":{"o":{"k":[{"i":{"x":[0.833],"y":[0.833]},"o":{"x":[0.167],"y":[0.167]},"n":["0p833_0p833_0p167_0p167"],"t":5,"s":[50],"e":[50]},{"i":{"x":[0.833],"y":[0.833]},"o":{"x":[0.167],"y":[0.167]},"n":["0p833_0p833_0p167_0p167"],"t":17,"s":[50],"e":[0]},{"i":{"x":[0.833],"y":[0.833]},"o":{"x":[0.167],"y":[0.167]},"n":["0p833_0p833_0p167_0p167"],"t":30,"s":[0],"e":[0]},{"t":55}],"x":"var $bm_rt;\n$bm_rt = loopOut('cycle');"},"r":{"k":0},"p":{"k":[100,100,0]},"a":{"k":[100,100,0]},"s":{"k":[{"i":{"x":[0.172,0.172,0.667],"y":[1,1,0.667]},"o":{"x":[0.01,0.01,0.333],"y":[0.705,0.705,0.333]},"n":["0p172_1_0p01_0p705","0p172_1_0p01_0p705","0p667_0p667_0p333_0p333"],"t":5,"s":[0,0,100],"e":[200,200,100]},{"i":{"x":[0.172,0.172,0.667],"y":[0.172,0.172,0.667]},"o":{"x":[0.333,0.333,0.333],"y":[0.333,0.333,0.333]},"n":["0p172_0p172_0p333_0p333","0p172_0p172_0p333_0p333","0p667_0p667_0p333_0p333"],"t":30,"s":[200,200,100],"e":[200,200,100]},{"t":55}],"x":"var $bm_rt;\n$bm_rt = loopOut('cycle');"}},"ao":0,"hasMask":true,"masksProperties":[{"inv":false,"mode":"a","pt":{"k":{"i":[[25.405,0],[0,-25.405],[-25.405,0],[0,25.405]],"o":[[-25.405,0],[0,25.405],[25.405,0],[0,-25.405]],"v":[[100,54],[54,100],[100,146],[146,100]],"c":true}},"o":{"k":100},"x":{"k":0},"nm":"Mask 1"}],"ef":[{"ty":5,"nm":"Circle","mn":"ADBE Circle","ix":1,"ef":[{"ty":3,"nm":"Center","mn":"ADBE Circle-0001","ix":1,"v":{"k":[100,100]}},{"ty":0,"nm":"Radius","mn":"ADBE Circle-0002","ix":2,"v":{"k":47.4}},{"ty":7,"nm":"Edge","mn":"ADBE Circle-0003","ix":3,"v":{"k":3}},{"ty":0,"nm":"Thickness","mn":"ADBE Circle-0004","ix":4,"v":{"k":0}},{"ty":6,"nm":"Feather","mn":"ADBE Circle-0005","ix":5,"v":0},{"ty":0,"nm":"Feather Outer Edge","mn":"ADBE Circle-0006","ix":6,"v":{"k":0}},{"ty":0,"nm":"Feather Inner Edge","mn":"ADBE Circle-0007","ix":7,"v":{"k":64}},{"ty":6,"nm":"Feather Inner Edge","mn":"ADBE Circle-0008","ix":8,"v":0},{"ty":7,"nm":"Invert Circle","mn":"ADBE Circle-0009","ix":9,"v":{"k":0}},{"ty":2,"nm":"Color","mn":"ADBE Circle-0010","ix":10,"v":{"k":[1,1,1,1]}},{"ty":0,"nm":"Opacity","mn":"ADBE Circle-0011","ix":11,"v":{"k":100}},{"ty":7,"nm":"Blending Mode","mn":"ADBE Circle-0012","ix":12,"v":{"k":1}}]}],"sw":200,"sh":200,"sc":"#ffffff","ip":5,"op":1005,"st":5,"bm":2,"sr":1},{"ddd":0,"ind":1,"ty":4,"nm":"marker","ks":{"o":{"k":[{"i":{"x":[0.833],"y":[0.833]},"o":{"x":[0.167],"y":[0.167]},"n":["0p833_0p833_0p167_0p167"],"t":0,"s":[100],"e":[0]},{"i":{"x":[0.833],"y":[0.833]},"o":{"x":[0.167],"y":[0.167]},"n":["0p833_0p833_0p167_0p167"],"t":1,"s":[0],"e":[100]},{"i":{"x":[0.833],"y":[0.833]},"o":{"x":[0.167],"y":[0.167]},"n":["0p833_0p833_0p167_0p167"],"t":2,"s":[100],"e":[0]},{"i":{"x":[0.833],"y":[0.833]},"o":{"x":[0.167],"y":[0.167]},"n":["0p833_0p833_0p167_0p167"],"t":3,"s":[0],"e":[100]},{"i":{"x":[0.833],"y":[0.833]},"o":{"x":[0.167],"y":[0.167]},"n":["0p833_0p833_0p167_0p167"],"t":4,"s":[100],"e":[0]},{"i":{"x":[0.833],"y":[0.833]},"o":{"x":[0.167],"y":[0.167]},"n":["0p833_0p833_0p167_0p167"],"t":5,"s":[0],"e":[100]},{"i":{"x":[0.833],"y":[0.833]},"o":{"x":[0.167],"y":[0.167]},"n":["0p833_0p833_0p167_0p167"],"t":6,"s":[100],"e":[0]},{"i":{"x":[0.833],"y":[0.833]},"o":{"x":[0.167],"y":[0.167]},"n":["0p833_0p833_0p167_0p167"],"t":7,"s":[0],"e":[100]},{"t":8}]},"r":{"k":0},"p":{"k":[100,100,0]},"a":{"k":[619.5,-0.91,0]},"s":{"k":[123.6,154.216,100]}},"ao":0,"shapes":[{"ty":"gr","it":[{"ind":0,"ty":"sh","ks":{"k":{"i":[[0,0],[0,0],[0,0],[0,0],[0,0],[0,0]],"o":[[0,0],[0,0],[0,0],[0,0],[0,0],[0,0]],"v":[[619.5,-22.149],[614.144,-2.152],[599,20.129],[619.5,0.893],[639.5,20.129],[624.732,-2.487]],"c":true}},"nm":"Path 1","mn":"ADBE Vector Shape - Group"},{"ty":"st","c":{"k":[0,0,0,1]},"o":{"k":100},"w":{"k":10},"lc":1,"lj":1,"ml":4,"nm":"Stroke 1","mn":"ADBE Vector Graphic - Stroke"},{"ty":"tr","p":{"k":[0,0],"ix":2},"a":{"k":[0,0],"ix":1},"s":{"k":[100,100],"ix":3},"r":{"k":0,"ix":6},"o":{"k":100,"ix":7},"sk":{"k":0,"ix":4},"sa":{"k":0,"ix":5},"nm":"Transform"}],"nm":"Shape 1","np":3,"mn":"ADBE Vector Group"}],"ip":0,"op":1000,"st":0,"bm":0,"sr":1},{"ddd":0,"ind":2,"ty":4,"nm":"marker 2","ks":{"o":{"k":[{"i":{"x":[0.833],"y":[0.833]},"o":{"x":[0.167],"y":[0.167]},"n":["0p833_0p833_0p167_0p167"],"t":0,"s":[100],"e":[0]},{"i":{"x":[0.833],"y":[0.833]},"o":{"x":[0.167],"y":[0.167]},"n":["0p833_0p833_0p167_0p167"],"t":1,"s":[0],"e":[100]},{"i":{"x":[0.833],"y":[0.833]},"o":{"x":[0.167],"y":[0.167]},"n":["0p833_0p833_0p167_0p167"],"t":2,"s":[100],"e":[0]},{"i":{"x":[0.833],"y":[0.833]},"o":{"x":[0.167],"y":[0.167]},"n":["0p833_0p833_0p167_0p167"],"t":3,"s":[0],"e":[100]},{"i":{"x":[0.833],"y":[0.833]},"o":{"x":[0.167],"y":[0.167]},"n":["0p833_0p833_0p167_0p167"],"t":4,"s":[100],"e":[0]},{"i":{"x":[0.833],"y":[0.833]},"o":{"x":[0.167],"y":[0.167]},"n":["0p833_0p833_0p167_0p167"],"t":5,"s":[0],"e":[100]},{"i":{"x":[0.833],"y":[0.833]},"o":{"x":[0.167],"y":[0.167]},"n":["0p833_0p833_0p167_0p167"],"t":6,"s":[100],"e":[0]},{"i":{"x":[0.833],"y":[0.833]},"o":{"x":[0.167],"y":[0.167]},"n":["0p833_0p833_0p167_0p167"],"t":7,"s":[0],"e":[100]},{"t":8}]},"r":{"k":0},"p":{"k":[100,100,0]},"a":{"k":[619.5,-0.91,0]},"s":{"k":[86.375,107.77,100]}},"ao":0,"shapes":[{"ty":"gr","it":[{"d":1,"ty":"el","s":{"k":[175,141.861]},"p":{"k":[0,0]},"nm":"Ellipse Path 1","mn":"ADBE Vector Shape - Ellipse"},{"ty":"fl","c":{"k":[0.73,0.84,0.09,1]},"o":{"k":100},"nm":"Fill 1","mn":"ADBE Vector Graphic - Fill"},{"ty":"tr","p":{"k":[619.375,-0.936],"ix":2},"a":{"k":[0,0],"ix":1},"s":{"k":[90.638,90.343],"ix":3},"r":{"k":0,"ix":6},"o":{"k":100,"ix":7},"sk":{"k":0,"ix":4},"sa":{"k":0,"ix":5},"nm":"Transform"}],"nm":"Ellipse 1","np":3,"mn":"ADBE Vector Group"}],"ip":0,"op":1000,"st":0,"bm":0,"sr":1}],"v":"4.5.4","ddd":0,"ip":0,"op":1000,"fr":25,"w":200,"h":200}