{"v":"4.6.6","fr":24,"ip":0,"op":72,"w":500,"h":350,"nm":"Eye 2","ddd":0,"assets":[],"layers":[{"ddd":0,"ind":1,"ty":4,"nm":"Eye Outline","ks":{"o":{"a":0,"k":100},"r":{"a":0,"k":0},"p":{"a":0,"k":[250,175,0]},"a":{"a":0,"k":[0,0,0]},"s":{"a":0,"k":[226,226,100]}},"ao":0,"shapes":[{"ty":"gr","it":[{"ind":0,"ty":"sh","ix":1,"ks":{"a":0,"k":{"i":[[74.969,0],[0,0],[-74.313,0],[0,0]],"o":[[-74.781,0],[0,0],[74.937,0],[0,0]],"v":[[0.031,-50],[-100,0],[0.063,49.813],[100,0]],"c":true}},"nm":"Path 1","mn":"ADBE Vector Shape - Group"},{"ty":"st","c":{"a":0,"k":[0.3176471,0.1019608,0.0901961,1]},"o":{"a":0,"k":100},"w":{"a":0,"k":15},"lc":2,"lj":2,"nm":"Stroke 1","mn":"ADBE Vector Graphic - Stroke"},{"ty":"tr","p":{"a":0,"k":[0,0],"ix":2},"a":{"a":0,"k":[0,0],"ix":1},"s":{"a":0,"k":[100,100],"ix":3},"r":{"a":0,"k":0,"ix":6},"o":{"a":0,"k":100,"ix":7},"sk":{"a":0,"k":0,"ix":4},"sa":{"a":0,"k":0,"ix":5},"nm":"Transform"}],"nm":"Shape 1","np":3,"cix":2,"ix":1,"mn":"ADBE Vector Group"}],"ip":0,"op":72,"st":0,"bm":0,"sr":1},{"ddd":0,"ind":2,"ty":4,"nm":"Eyeball","ks":{"o":{"a":0,"k":100},"r":{"a":0,"k":0},"p":{"a":1,"k":[{"i":{"x":0.35,"y":1},"o":{"x":0.65,"y":0},"n":"0p35_1_0p65_0","t":0,"s":[199,182,0],"e":[327,157,0],"to":[21.3333339691162,-4.16666650772095,0],"ti":[2.33333325386047,-3.83333325386047,0]},{"i":{"x":0.35,"y":1},"o":{"x":0.65,"y":0},"n":"0p35_1_0p65_0","t":19,"s":[327,157,0],"e":[185,205,0],"to":[-2.33333325386047,3.83333325386047,0],"ti":[2.16666674613953,-7.66666650772095,0]},{"i":{"x":0.35,"y":1},"o":{"x":0.65,"y":0},"n":"0p35_1_0p65_0","t":38,"s":[185,205,0],"e":[314,203,0],"to":[-2.16666674613953,7.66666650772095,0],"ti":[-2.33333325386047,3.83333325386047,0]},{"i":{"x":0.35,"y":1},"o":{"x":0.65,"y":0},"n":"0p35_1_0p65_0","t":57,"s":[314,203,0],"e":[199,182,0],"to":[2.33333325386047,-3.83333325386047,0],"ti":[19.1666660308838,3.5,0]},{"t":72}]},"a":{"a":0,"k":[0,0,0]},"s":{"a":0,"k":[226,226,100]}},"ao":0,"shapes":[{"ty":"gr","it":[{"d":1,"ty":"el","s":{"a":0,"k":[25,25]},"p":{"a":0,"k":[25,0]},"nm":"Ellipse Path 1","mn":"ADBE Vector Shape - Ellipse"},{"ty":"st","c":{"a":0,"k":[0.3176471,0.1019608,0.0901961,1]},"o":{"a":0,"k":100},"w":{"a":0,"k":7.5},"lc":1,"lj":1,"ml":4,"nm":"Stroke 1","mn":"ADBE Vector Graphic - Stroke"},{"ty":"fl","c":{"a":0,"k":[0.9764706,0.9019608,0.3607843,1]},"o":{"a":0,"k":100},"r":1,"nm":"Fill 1","mn":"ADBE Vector Graphic - Fill"},{"ty":"tr","p":{"a":0,"k":[0,0],"ix":2},"a":{"a":0,"k":[0,0],"ix":1},"s":{"a":0,"k":[100,100],"ix":3},"r":{"a":1,"k":[{"i":{"x":[0.35],"y":[1]},"o":{"x":[0.65],"y":[0]},"n":["0p35_1_0p65_0"],"t":0,"s":[186],"e":[316.901]},{"i":{"x":[0.35],"y":[1]},"o":{"x":[0.65],"y":[0]},"n":["0p35_1_0p65_0"],"t":19,"s":[316.901],"e":[490.111]},{"i":{"x":[0.35],"y":[1]},"o":{"x":[0.65],"y":[0]},"n":["0p35_1_0p65_0"],"t":38,"s":[490.111],"e":[410.926]},{"i":{"x":[0.35],"y":[1]},"o":{"x":[0.65],"y":[0]},"n":["0p35_1_0p65_0"],"t":57,"s":[410.926],"e":[186]},{"t":72}],"ix":6},"o":{"a":0,"k":100,"ix":7},"sk":{"a":0,"k":0,"ix":4},"sa":{"a":0,"k":0,"ix":5},"nm":"Transform"}],"nm":"Group 5","np":3,"cix":2,"ix":1,"mn":"ADBE Vector Group"},{"ty":"gr","it":[{"d":1,"ty":"el","s":{"a":0,"k":[50,50]},"p":{"a":0,"k":[0,0]},"nm":"Ellipse Path 1","mn":"ADBE Vector Shape - Ellipse"},{"ty":"st","c":{"a":0,"k":[0.3176471,0.1019608,0.0901961,1]},"o":{"a":0,"k":100},"w":{"a":0,"k":15},"lc":1,"lj":1,"ml":4,"nm":"Stroke 1","mn":"ADBE Vector Graphic - Stroke"},{"ty":"fl","c":{"a":0,"k":[0.9764706,0.9019608,0.3607843,1]},"o":{"a":0,"k":100},"r":1,"nm":"Fill 1","mn":"ADBE Vector Graphic - Fill"},{"ty":"tr","p":{"a":0,"k":[0,0],"ix":2},"a":{"a":0,"k":[0,0],"ix":1},"s":{"a":0,"k":[100,100],"ix":3},"r":{"a":0,"k":0,"ix":6},"o":{"a":0,"k":100,"ix":7},"sk":{"a":0,"k":0,"ix":4},"sa":{"a":0,"k":0,"ix":5},"nm":"Transform"}],"nm":"Group 1","np":3,"cix":2,"ix":2,"mn":"ADBE Vector Group"}],"ip":0,"op":72,"st":0,"bm":0,"sr":1},{"ddd":0,"ind":3,"ty":4,"nm":"Eye Back","ks":{"o":{"a":0,"k":100},"r":{"a":0,"k":0},"p":{"a":0,"k":[250,175,0]},"a":{"a":0,"k":[0,0,0]},"s":{"a":0,"k":[226,226,100]}},"ao":0,"shapes":[{"ty":"gr","it":[{"ind":0,"ty":"sh","ix":1,"ks":{"a":0,"k":{"i":[[74.969,0],[0,0],[-74.313,0],[0,0]],"o":[[-74.781,0],[0,0],[74.937,0],[0,0]],"v":[[0.031,-50],[-100,0],[0.063,49.813],[100,0]],"c":true}},"nm":"Path 1","mn":"ADBE Vector Shape - Group"},{"ty":"fl","c":{"a":0,"k":[0.9764706,0.9019608,0.3607843,1]},"o":{"a":0,"k":100},"r":1,"nm":"Fill 1","mn":"ADBE Vector Graphic - Fill"},{"ty":"tr","p":{"a":0,"k":[0,0],"ix":2},"a":{"a":0,"k":[0,0],"ix":1},"s":{"a":0,"k":[100,100],"ix":3},"r":{"a":0,"k":0,"ix":6},"o":{"a":0,"k":100,"ix":7},"sk":{"a":0,"k":0,"ix":4},"sa":{"a":0,"k":0,"ix":5},"nm":"Transform"}],"nm":"Shape 1","np":3,"cix":2,"ix":1,"mn":"ADBE Vector Group"}],"ip":0,"op":72,"st":0,"bm":0,"sr":1}]}