{"v":"4.6.3","fr":30,"ip":0,"op":121,"w":750,"h":750,"nm":"panel 2d text","ddd":0,"assets":[],"layers":[{"ddd":0,"ind":1,"ty":4,"nm":"panel 2d","ks":{"o":{"a":0,"k":100},"r":{"a":0,"k":0},"p":{"a":0,"k":[375,611,0]},"a":{"a":0,"k":[0,0,0]},"s":{"a":0,"k":[100,100,100]}},"ao":0,"shapes":[{"ty":"gr","it":[{"ind":0,"ty":"sh","ix":1,"ks":{"a":0,"k":{"i":[[0,0],[0,0],[0,0],[0,0]],"o":[[0,0],[0,0],[0,0],[0,0]],"v":[[0,-200],[216.001,-102.99],[0,18],[-215.999,-102.99]],"c":true}},"nm":"Path 1","mn":"ADBE Vector Shape - Group"},{"ty":"rd","nm":"Round Corners 1","r":{"a":0,"k":38},"mn":"ADBE Vector Filter - RC"},{"ty":"fl","c":{"a":0,"k":[0,1,0.5882352,1]},"o":{"a":0,"k":100},"r":1,"nm":"Fill 1","mn":"ADBE Vector Graphic - Fill"},{"ty":"tr","p":{"a":0,"k":[0,0],"ix":2},"a":{"a":0,"k":[0,-104],"ix":1},"s":{"a":1,"k":[{"i":{"x":[0.859,0.752],"y":[0.859,1]},"o":{"x":[0.333,0.893],"y":[0.333,0]},"n":["0p859_0p859_0p333_0p333","0p752_1_0p893_0"],"t":0,"s":[100,0],"e":[100,100]},{"i":{"x":[0.5,0.5],"y":[0.5,1]},"o":{"x":[0.001,0.001],"y":[0.001,0]},"n":["0p5_0p5_0p001_0p001","0p5_1_0p001_0"],"t":6,"s":[100,100],"e":[100,109.503]},{"i":{"x":[0.5,0.5],"y":[0.5,1]},"o":{"x":[0.5,0.5],"y":[0.5,0]},"n":["0p5_0p5_0p5_0p5","0p5_1_0p5_0"],"t":11,"s":[100,109.503],"e":[100,98.866]},{"i":{"x":[0.5,0.5],"y":[0.5,1]},"o":{"x":[0.5,0.5],"y":[0.5,0]},"n":["0p5_0p5_0p5_0p5","0p5_1_0p5_0"],"t":21.518,"s":[100,98.866],"e":[100,100.085]},{"t":31.8623046875}],"ix":3},"r":{"a":1,"k":[{"i":{"x":[0.999],"y":[1]},"o":{"x":[0.167],"y":[0.167]},"n":["0p999_1_0p167_0p167"],"t":0.148,"s":[-90],"e":[0]},{"i":{"x":[0.5],"y":[1]},"o":{"x":[0.001],"y":[0]},"n":["0p5_1_0p001_0"],"t":6,"s":[0],"e":[3.987]},{"i":{"x":[0.5],"y":[1]},"o":{"x":[0.5],"y":[0]},"n":["0p5_1_0p5_0"],"t":11,"s":[3.987],"e":[-1.021]},{"i":{"x":[0.5],"y":[1]},"o":{"x":[0.5],"y":[0]},"n":["0p5_1_0p5_0"],"t":21.134,"s":[-1.021],"e":[0.077]},{"i":{"x":[0.5],"y":[1]},"o":{"x":[0.5],"y":[0]},"n":["0p5_1_0p5_0"],"t":31.223,"s":[0.077],"e":[-0.006]},{"i":{"x":[0.5],"y":[1]},"o":{"x":[0.5],"y":[0]},"n":["0p5_1_0p5_0"],"t":41.312,"s":[-0.006],"e":[0]},{"t":51.400390625}],"ix":6},"o":{"a":0,"k":100,"ix":7},"sk":{"a":0,"k":0,"ix":4},"sa":{"a":0,"k":0,"ix":5},"nm":"Transform"}],"nm":"Polystar 1","np":3,"cix":2,"ix":1,"mn":"ADBE Vector Group"}],"ip":0,"op":540,"st":0,"bm":0,"sr":1}]}