{"v":"4.6.6","fr":24,"ip":0,"op":97,"w":1080,"h":1080,"nm":"Main","ddd":0,"assets":[],"layers":[{"ddd":0,"ind":1,"ty":4,"nm":"small pen 05","parent":6,"ks":{"o":{"a":1,"k":[{"i":{"x":[0.667],"y":[1]},"o":{"x":[0.333],"y":[0]},"n":["0p667_1_0p333_0"],"t":81,"s":[100],"e":[0]},{"t":95}]},"r":{"a":1,"k":[{"i":{"x":[0.732],"y":[1]},"o":{"x":[0.59],"y":[0]},"n":["0p732_1_0p59_0"],"t":41,"s":[-74.796],"e":[-103.425]},{"i":{"x":[0.302],"y":[1]},"o":{"x":[0.347],"y":[0]},"n":["0p302_1_0p347_0"],"t":56,"s":[-103.425],"e":[-66.796]},{"i":{"x":[0.872],"y":[1]},"o":{"x":[0.405],"y":[0]},"n":["0p872_1_0p405_0"],"t":72,"s":[-66.796],"e":[-80.796]},{"i":{"x":[0.899],"y":[0.903]},"o":{"x":[0.37],"y":[0]},"n":["0p899_0p903_0p37_0"],"t":81,"s":[-80.796],"e":[-98.623]},{"t":95}]},"p":{"a":1,"k":[{"i":{"x":0.521,"y":1},"o":{"x":0.51,"y":0},"n":"0p521_1_0p51_0","t":41,"s":[-0.063,-295,0],"e":[166.688,18.5,0],"to":[37.0625,101,0],"ti":[-65.0625,-73.5,0]},{"i":{"x":0.521,"y":1},"o":{"x":0,"y":0},"n":"0p521_1_0_0","t":63,"s":[166.688,18.5,0],"e":[166.688,18.5,0],"to":[-3.33256506919861,3.03853511810303,0],"ti":[-65.0625,-73.5,0]},{"i":{"x":0.521,"y":1},"o":{"x":0,"y":0},"n":"0p521_1_0_0","t":64,"s":[166.688,18.5,0],"e":[166.688,18.5,0],"to":[-3.33256506919861,3.03853511810303,0],"ti":[-65.0625,-73.5,0]},{"i":{"x":0.831,"y":1},"o":{"x":0.175,"y":0},"n":"0p831_1_0p175_0","t":65,"s":[166.688,18.5,0],"e":[88,159.063,0],"to":[-3.33256506919861,3.03853511810303,0],"ti":[6.75,-70.0625,0]},{"t":81}]},"a":{"a":1,"k":[{"i":{"x":0.629,"y":1},"o":{"x":0.333,"y":0},"n":"0p629_1_0p333_0","t":81,"s":[-136.125,-9.313,0],"e":[-136.125,-220.313,0],"to":[0,-35.1666679382324,0],"ti":[0,35.1666679382324,0]},{"t":95}]},"s":{"a":1,"k":[{"i":{"x":[0.764,0.764,0.667],"y":[0.765,0.765,0.667]},"o":{"x":[0.398,0.398,0.333],"y":[0.054,0.054,0.333]},"n":["0p764_0p765_0p398_0p054","0p764_0p765_0p398_0p054","0p667_0p667_0p333_0p333"],"t":81,"s":[100,100,100],"e":[56,56,100]},{"t":95}]}},"ao":0,"shapes":[{"ty":"gr","it":[{"ind":0,"ty":"sh","ix":1,"ks":{"a":0,"k":{"i":[[0,0],[0,0]],"o":[[0,0],[0,0]],"v":[[-136.125,10],[-136.125,119]],"c":false}},"nm":"Path 1","mn":"ADBE Vector Shape - Group"},{"ty":"st","c":{"a":0,"k":[0,0.6352941,1,1]},"o":{"a":0,"k":100},"w":{"a":0,"k":12},"lc":1,"lj":1,"ml":4,"nm":"Stroke 1","mn":"ADBE Vector Graphic - Stroke"},{"ty":"tr","p":{"a":0,"k":[0,0],"ix":2},"a":{"a":0,"k":[0,0],"ix":1},"s":{"a":0,"k":[100,100],"ix":3},"r":{"a":0,"k":0,"ix":6},"o":{"a":0,"k":100,"ix":7},"sk":{"a":0,"k":0,"ix":4},"sa":{"a":0,"k":0,"ix":5},"nm":"Transform"}],"nm":"Midline","np":2,"cix":2,"ix":1,"mn":"ADBE Vector Group"},{"ty":"gr","it":[{"d":1,"ty":"el","s":{"a":0,"k":[21,21]},"p":{"a":0,"k":[0,-57]},"nm":"Ellipse Path 2","mn":"ADBE Vector Shape - Ellipse"},{"ty":"rc","d":1,"s":{"a":0,"k":[71,34]},"p":{"a":0,"k":[0,22]},"r":{"a":0,"k":0},"nm":"Rectangle Path 1","mn":"ADBE Vector Shape - Rect"},{"ty":"rc","d":1,"s":{"a":0,"k":[102,12]},"p":{"a":0,"k":[0,-1]},"r":{"a":0,"k":0},"nm":"Rectangle Path 2","mn":"ADBE Vector Shape - Rect"},{"ty":"fl","c":{"a":0,"k":[0.0039216,0.6392157,1,1]},"o":{"a":0,"k":100},"r":1,"nm":"Fill 1","mn":"ADBE Vector Graphic - Fill"},{"ty":"tr","p":{"a":0,"k":[-136.188,176.313],"ix":2},"a":{"a":0,"k":[0,0],"ix":1},"s":{"a":0,"k":[100,100],"ix":3},"r":{"a":0,"k":0,"ix":6},"o":{"a":0,"k":100,"ix":7},"sk":{"a":0,"k":0,"ix":4},"sa":{"a":0,"k":0,"ix":5},"nm":"Transform"}],"nm":"Group 1","np":4,"cix":2,"ix":2,"mn":"ADBE Vector Group"},{"ty":"gr","it":[{"ind":0,"ty":"sh","ix":1,"ks":{"a":0,"k":{"i":[[0,0],[33,-36.25],[0,0],[0,0],[-27.25,24]],"o":[[0,0],[31.25,24],[0,0],[0,0],[-32.25,-36.25]],"v":[[-136.125,9.688],[-194,119],[-166.125,167.75],[-105.5,167.75],[-78.25,119]],"c":true}},"nm":"Path 1","mn":"ADBE Vector Shape - Group"},{"ty":"st","c":{"a":0,"k":[0,0.6352941,1,1]},"o":{"a":0,"k":100},"w":{"a":0,"k":12},"lc":1,"lj":1,"ml":4,"nm":"Stroke 1","mn":"ADBE Vector Graphic - Stroke"},{"ty":"fl","c":{"a":0,"k":[0.945098,1,0.9960784,1]},"o":{"a":0,"k":100},"r":1,"nm":"Fill 1","mn":"ADBE Vector Graphic - Fill"},{"ty":"tr","p":{"a":0,"k":[0,0],"ix":2},"a":{"a":0,"k":[0,0],"ix":1},"s":{"a":0,"k":[100,100],"ix":3},"r":{"a":0,"k":0,"ix":6},"o":{"a":0,"k":100,"ix":7},"sk":{"a":0,"k":0,"ix":4},"sa":{"a":0,"k":0,"ix":5},"nm":"Transform"}],"nm":"tip outline","np":3,"cix":2,"ix":3,"mn":"ADBE Vector Group"}],"ip":41,"op":96,"st":3,"bm":0,"sr":1},{"ddd":0,"ind":2,"ty":4,"nm":"small pen 04","parent":6,"ks":{"o":{"a":1,"k":[{"i":{"x":[0.667],"y":[1]},"o":{"x":[0.333],"y":[0]},"n":["0p667_1_0p333_0"],"t":6,"s":[0],"e":[100]},{"t":12}]},"r":{"a":1,"k":[{"i":{"x":[0.512],"y":[1]},"o":{"x":[0.367],"y":[0]},"n":["0p512_1_0p367_0"],"t":6,"s":[-99.796],"e":[-126.796]},{"i":{"x":[0.667],"y":[1]},"o":{"x":[0.651],"y":[0]},"n":["0p667_1_0p651_0"],"t":13,"s":[-126.796],"e":[-74.796]},{"t":41}]},"p":{"s":true,"x":{"a":0,"k":-0.063},"y":{"a":1,"k":[{"i":{"x":[0.833],"y":[0.833]},"o":{"x":[0.384],"y":[0.384]},"n":["0p833_0p833_0p384_0p384"],"t":14,"s":[20],"e":[20]},{"i":{"x":[0.637],"y":[1]},"o":{"x":[0.365],"y":[0]},"n":["0p637_1_0p365_0"],"t":19,"s":[20],"e":[-295]},{"t":41}]}},"a":{"a":1,"k":[{"i":{"x":0.674,"y":1},"o":{"x":0.16,"y":0},"n":"0p674_1_0p16_0","t":6,"s":[-136.125,-87.313,0],"e":[-136.125,-9.313,0],"to":[0,13,0],"ti":[0,-13,0]},{"t":13}]},"s":{"a":1,"k":[{"i":{"x":[0.333,0.333,0.667],"y":[1,1,0.667]},"o":{"x":[0.333,0.333,0.333],"y":[0,0,0.333]},"n":["0p333_1_0p333_0","0p333_1_0p333_0","0p667_0p667_0p333_0p333"],"t":13,"s":[56,56,100],"e":[100,100,100]},{"t":33}]}},"ao":0,"shapes":[{"ty":"gr","it":[{"ind":0,"ty":"sh","ix":1,"ks":{"a":0,"k":{"i":[[0,0],[0,0]],"o":[[0,0],[0,0]],"v":[[-136.125,10],[-136.125,119]],"c":false}},"nm":"Path 1","mn":"ADBE Vector Shape - Group"},{"ty":"st","c":{"a":0,"k":[0,0.6352941,1,1]},"o":{"a":0,"k":100},"w":{"a":0,"k":12},"lc":1,"lj":1,"ml":4,"nm":"Stroke 1","mn":"ADBE Vector Graphic - Stroke"},{"ty":"tr","p":{"a":0,"k":[0,0],"ix":2},"a":{"a":0,"k":[0,0],"ix":1},"s":{"a":0,"k":[100,100],"ix":3},"r":{"a":0,"k":0,"ix":6},"o":{"a":0,"k":100,"ix":7},"sk":{"a":0,"k":0,"ix":4},"sa":{"a":0,"k":0,"ix":5},"nm":"Transform"}],"nm":"Midline","np":2,"cix":2,"ix":1,"mn":"ADBE Vector Group"},{"ty":"gr","it":[{"d":1,"ty":"el","s":{"a":0,"k":[21,21]},"p":{"a":0,"k":[0,-57]},"nm":"Ellipse Path 2","mn":"ADBE Vector Shape - Ellipse"},{"ty":"rc","d":1,"s":{"a":0,"k":[71,34]},"p":{"a":0,"k":[0,22]},"r":{"a":0,"k":0},"nm":"Rectangle Path 1","mn":"ADBE Vector Shape - Rect"},{"ty":"rc","d":1,"s":{"a":0,"k":[102,12]},"p":{"a":0,"k":[0,-1]},"r":{"a":0,"k":0},"nm":"Rectangle Path 2","mn":"ADBE Vector Shape - Rect"},{"ty":"fl","c":{"a":0,"k":[0.0039216,0.6392157,1,1]},"o":{"a":0,"k":100},"r":1,"nm":"Fill 1","mn":"ADBE Vector Graphic - Fill"},{"ty":"tr","p":{"a":0,"k":[-136.188,176.313],"ix":2},"a":{"a":0,"k":[0,0],"ix":1},"s":{"a":0,"k":[100,100],"ix":3},"r":{"a":0,"k":0,"ix":6},"o":{"a":0,"k":100,"ix":7},"sk":{"a":0,"k":0,"ix":4},"sa":{"a":0,"k":0,"ix":5},"nm":"Transform"}],"nm":"Group 1","np":4,"cix":2,"ix":2,"mn":"ADBE Vector Group"},{"ty":"gr","it":[{"ind":0,"ty":"sh","ix":1,"ks":{"a":0,"k":{"i":[[0,0],[33,-36.25],[0,0],[0,0],[-27.25,24]],"o":[[0,0],[31.25,24],[0,0],[0,0],[-32.25,-36.25]],"v":[[-136.125,9.688],[-194,119],[-166.125,167.75],[-105.5,167.75],[-78.25,119]],"c":true}},"nm":"Path 1","mn":"ADBE Vector Shape - Group"},{"ty":"st","c":{"a":0,"k":[0,0.6352941,1,1]},"o":{"a":0,"k":100},"w":{"a":0,"k":12},"lc":1,"lj":1,"ml":4,"nm":"Stroke 1","mn":"ADBE Vector Graphic - Stroke"},{"ty":"fl","c":{"a":0,"k":[0.945098,1,0.9960784,1]},"o":{"a":0,"k":100},"r":1,"nm":"Fill 1","mn":"ADBE Vector Graphic - Fill"},{"ty":"tr","p":{"a":0,"k":[0,0],"ix":2},"a":{"a":0,"k":[0,0],"ix":1},"s":{"a":0,"k":[100,100],"ix":3},"r":{"a":0,"k":0,"ix":6},"o":{"a":0,"k":100,"ix":7},"sk":{"a":0,"k":0,"ix":4},"sa":{"a":0,"k":0,"ix":5},"nm":"Transform"}],"nm":"tip outline","np":3,"cix":2,"ix":3,"mn":"ADBE Vector Group"}],"ip":6,"op":42,"st":3,"bm":0,"sr":1},{"ddd":0,"ind":3,"ty":4,"nm":"small pen 03","parent":6,"ks":{"o":{"a":1,"k":[{"i":{"x":[0.667],"y":[1]},"o":{"x":[0.333],"y":[0]},"n":["0p667_1_0p333_0"],"t":0,"s":[0],"e":[100]},{"i":{"x":[0.833],"y":[0.833]},"o":{"x":[0.333],"y":[0.333]},"n":["0p833_0p833_0p333_0p333"],"t":9,"s":[100],"e":[100]},{"i":{"x":[0.833],"y":[1]},"o":{"x":[0.167],"y":[0]},"n":["0p833_1_0p167_0"],"t":34,"s":[100],"e":[0]},{"t":43}]},"r":{"a":1,"k":[{"i":{"x":[0.495],"y":[1]},"o":{"x":[0.542],"y":[0]},"n":["0p495_1_0p542_0"],"t":2,"s":[-21.758],"e":[18.242]},{"i":{"x":[0.608],"y":[1]},"o":{"x":[0.462],"y":[0]},"n":["0p608_1_0p462_0"],"t":18.189,"s":[18.242],"e":[11.242]},{"i":{"x":[0.833],"y":[1]},"o":{"x":[0.167],"y":[0]},"n":["0p833_1_0p167_0"],"t":39,"s":[11.242],"e":[-1.758]},{"t":43}]},"p":{"a":1,"k":[{"i":{"x":0.363,"y":1},"o":{"x":0.32,"y":0},"n":"0p363_1_0p32_0","t":9,"s":[146.938,181.75,0],"e":[-148,181.75,0],"to":[0,0,0],"ti":[0,0,0]},{"t":34}]},"a":{"a":1,"k":[{"i":{"x":0.395,"y":1},"o":{"x":0.333,"y":0},"n":"0p395_1_0p333_0","t":0,"s":[-136.125,-151.313,0],"e":[-136.125,-9.313,0],"to":[0,23.6666660308838,0],"ti":[0,-23.6666660308838,0]},{"i":{"x":0.395,"y":0.395},"o":{"x":0.333,"y":0.333},"n":"0p395_0p395_0p333_0p333","t":9,"s":[-136.125,-9.313,0],"e":[-136.125,-9.313,0],"to":[0,0,0],"ti":[0,0,0]},{"i":{"x":0.395,"y":1},"o":{"x":0.236,"y":0},"n":"0p395_1_0p236_0","t":34,"s":[-136.125,-9.313,0],"e":[-136.125,-133.313,0],"to":[0,-20.6666660308838,0],"ti":[0,20.6666660308838,0]},{"t":43}]},"s":{"a":1,"k":[{"i":{"x":[0.557,0.557,0.667],"y":[1,1,0.667]},"o":{"x":[0.409,0.409,0.333],"y":[0,0,0.333]},"n":["0p557_1_0p409_0","0p557_1_0p409_0","0p667_0p667_0p333_0p333"],"t":0,"s":[56,56,100],"e":[100,100,100]},{"i":{"x":[0.557,0.557,0.667],"y":[1,1,0.667]},"o":{"x":[0.333,0.333,0.333],"y":[0,0,0.333]},"n":["0p557_1_0p333_0","0p557_1_0p333_0","0p667_0p667_0p333_0p333"],"t":9,"s":[100,100,100],"e":[100,100,100]},{"i":{"x":[0.573,0.573,0.833],"y":[0.965,0.965,0.833]},"o":{"x":[0.169,0.169,0.333],"y":[0,0,0.333]},"n":["0p573_0p965_0p169_0","0p573_0p965_0p169_0","0p833_0p833_0p333_0p333"],"t":34,"s":[100,100,100],"e":[56,56,100]},{"t":43}]}},"ao":0,"shapes":[{"ty":"gr","it":[{"ind":0,"ty":"sh","ix":1,"ks":{"a":0,"k":{"i":[[0,0],[0,0]],"o":[[0,0],[0,0]],"v":[[-136.125,10],[-136.125,119]],"c":false}},"nm":"Path 1","mn":"ADBE Vector Shape - Group"},{"ty":"st","c":{"a":0,"k":[0,0.6352941,1,1]},"o":{"a":0,"k":100},"w":{"a":0,"k":12},"lc":1,"lj":1,"ml":4,"nm":"Stroke 1","mn":"ADBE Vector Graphic - Stroke"},{"ty":"tr","p":{"a":0,"k":[0,0],"ix":2},"a":{"a":0,"k":[0,0],"ix":1},"s":{"a":0,"k":[100,100],"ix":3},"r":{"a":0,"k":0,"ix":6},"o":{"a":0,"k":100,"ix":7},"sk":{"a":0,"k":0,"ix":4},"sa":{"a":0,"k":0,"ix":5},"nm":"Transform"}],"nm":"Midline","np":2,"cix":2,"ix":1,"mn":"ADBE Vector Group"},{"ty":"gr","it":[{"d":1,"ty":"el","s":{"a":0,"k":[21,21]},"p":{"a":0,"k":[0,-57]},"nm":"Ellipse Path 2","mn":"ADBE Vector Shape - Ellipse"},{"ty":"rc","d":1,"s":{"a":0,"k":[71,34]},"p":{"a":0,"k":[0,22]},"r":{"a":0,"k":0},"nm":"Rectangle Path 1","mn":"ADBE Vector Shape - Rect"},{"ty":"rc","d":1,"s":{"a":0,"k":[102,12]},"p":{"a":0,"k":[0,-1]},"r":{"a":0,"k":0},"nm":"Rectangle Path 2","mn":"ADBE Vector Shape - Rect"},{"ty":"fl","c":{"a":0,"k":[0.0039216,0.6392157,1,1]},"o":{"a":0,"k":100},"r":1,"nm":"Fill 1","mn":"ADBE Vector Graphic - Fill"},{"ty":"tr","p":{"a":0,"k":[-136.188,176.313],"ix":2},"a":{"a":0,"k":[0,0],"ix":1},"s":{"a":0,"k":[100,100],"ix":3},"r":{"a":0,"k":0,"ix":6},"o":{"a":0,"k":100,"ix":7},"sk":{"a":0,"k":0,"ix":4},"sa":{"a":0,"k":0,"ix":5},"nm":"Transform"}],"nm":"Group 1","np":4,"cix":2,"ix":2,"mn":"ADBE Vector Group"},{"ty":"gr","it":[{"ind":0,"ty":"sh","ix":1,"ks":{"a":0,"k":{"i":[[0,0],[33,-36.25],[0,0],[0,0],[-27.25,24]],"o":[[0,0],[31.25,24],[0,0],[0,0],[-32.25,-36.25]],"v":[[-136.125,9.688],[-194,119],[-166.125,167.75],[-105.5,167.75],[-78.25,119]],"c":true}},"nm":"Path 1","mn":"ADBE Vector Shape - Group"},{"ty":"st","c":{"a":0,"k":[0,0.6352941,1,1]},"o":{"a":0,"k":100},"w":{"a":0,"k":12},"lc":1,"lj":1,"ml":4,"nm":"Stroke 1","mn":"ADBE Vector Graphic - Stroke"},{"ty":"fl","c":{"a":0,"k":[0.945098,1,0.9960784,1]},"o":{"a":0,"k":100},"r":1,"nm":"Fill 1","mn":"ADBE Vector Graphic - Fill"},{"ty":"tr","p":{"a":0,"k":[0,0],"ix":2},"a":{"a":0,"k":[0,0],"ix":1},"s":{"a":0,"k":[100,100],"ix":3},"r":{"a":0,"k":0,"ix":6},"o":{"a":0,"k":100,"ix":7},"sk":{"a":0,"k":0,"ix":4},"sa":{"a":0,"k":0,"ix":5},"nm":"Transform"}],"nm":"tip outline","np":3,"cix":2,"ix":3,"mn":"ADBE Vector Group"}],"ip":0,"op":44,"st":3,"bm":0,"sr":1},{"ddd":0,"ind":4,"ty":4,"nm":"small pen 01","parent":6,"ks":{"o":{"a":1,"k":[{"i":{"x":[0.833],"y":[1]},"o":{"x":[0.167],"y":[0]},"n":["0p833_1_0p167_0"],"t":74,"s":[100],"e":[0]},{"t":85}]},"r":{"a":1,"k":[{"i":{"x":[0.549],"y":[1.036]},"o":{"x":[0.192],"y":[0.273]},"n":["0p549_1p036_0p192_0p273"],"t":0,"s":[49.484],"e":[69]},{"i":{"x":[0.73],"y":[1]},"o":{"x":[0.654],"y":[0]},"n":["0p73_1_0p654_0"],"t":12,"s":[69],"e":[121]},{"i":{"x":[0.655],"y":[1]},"o":{"x":[0.258],"y":[0]},"n":["0p655_1_0p258_0"],"t":30,"s":[121],"e":[53]},{"i":{"x":[0.785],"y":[1]},"o":{"x":[0.484],"y":[0]},"n":["0p785_1_0p484_0"],"t":40,"s":[53],"e":[-14]},{"i":{"x":[0.749],"y":[1]},"o":{"x":[0.379],"y":[0]},"n":["0p749_1_0p379_0"],"t":62,"s":[-14],"e":[9]},{"i":{"x":[0.774],"y":[1]},"o":{"x":[0.235],"y":[0]},"n":["0p774_1_0p235_0"],"t":74,"s":[9],"e":[33]},{"t":85}]},"p":{"a":1,"k":[{"i":{"x":0.503,"y":1},"o":{"x":0.703,"y":0},"n":"0p503_1_0p703_0","t":12,"s":[0,-295.563,0],"e":[-166.625,18.5,0],"to":[-15.9373779296875,45,0],"ti":[84.75,-98,0]},{"i":{"x":0.519,"y":1},"o":{"x":0.412,"y":0},"n":"0p519_1_0p412_0","t":37,"s":[-166.625,18.5,0],"e":[-86,159.063,0],"to":[25.375,19.5,0],"ti":[2.50006103515625,-69.0625,0]},{"i":{"x":0.453,"y":1},"o":{"x":0.383,"y":0},"n":"0p453_1_0p383_0","t":58,"s":[-86,159.063,0],"e":[88,159.063,0],"to":[3.5001220703125,0,0],"ti":[-29.0000095367432,0,0]},{"t":74}]},"a":{"a":1,"k":[{"i":{"x":0.542,"y":1},"o":{"x":0.166,"y":0.375},"n":"0p542_1_0p166_0p375","t":0,"s":[-136.125,-367.358,0],"e":[-136.125,-9.313,0],"to":[0,113.601852416992,0],"ti":[0,-56.220401763916,0]},{"i":{"x":0.432,"y":0.432},"o":{"x":0.333,"y":0.333},"n":"0p432_0p432_0p333_0p333","t":12,"s":[-136.125,-9.313,0],"e":[-136.125,-9.313,0],"to":[0,0,0],"ti":[0,0,0]},{"i":{"x":0.928,"y":1},"o":{"x":0.306,"y":0},"n":"0p928_1_0p306_0","t":74,"s":[-136.125,-9.313,0],"e":[-136.125,-186.313,0],"to":[0,-29.5,0],"ti":[0,29.5,0]},{"t":85}]},"s":{"a":1,"k":[{"i":{"x":[0.635,0.635,0.667],"y":[1,1,0.667]},"o":{"x":[0.199,0.199,0.333],"y":[0.218,0.218,0.333]},"n":["0p635_1_0p199_0p218","0p635_1_0p199_0p218","0p667_0p667_0p333_0p333"],"t":0,"s":[57.971,57.971,100],"e":[100,100,100]},{"i":{"x":[0.833,0.833,0.833],"y":[0.833,0.833,0.833]},"o":{"x":[0.167,0.167,0.167],"y":[0.167,0.167,0.167]},"n":["0p833_0p833_0p167_0p167","0p833_0p833_0p167_0p167","0p833_0p833_0p167_0p167"],"t":15,"s":[100,100,100],"e":[100,100,100]},{"i":{"x":[0.833,0.833,0.833],"y":[1,1,0.833]},"o":{"x":[0.167,0.167,0.167],"y":[0,0,0.167]},"n":["0p833_1_0p167_0","0p833_1_0p167_0","0p833_0p833_0p167_0p167"],"t":74,"s":[100,100,100],"e":[56,56,100]},{"t":85}]}},"ao":0,"shapes":[{"ty":"gr","it":[{"ind":0,"ty":"sh","ix":1,"ks":{"a":0,"k":{"i":[[0,0],[0,0]],"o":[[0,0],[0,0]],"v":[[-136.125,10],[-136.125,119]],"c":false}},"nm":"Path 1","mn":"ADBE Vector Shape - Group"},{"ty":"st","c":{"a":0,"k":[0,0.6352941,1,1]},"o":{"a":0,"k":100},"w":{"a":0,"k":12},"lc":1,"lj":1,"ml":4,"nm":"Stroke 1","mn":"ADBE Vector Graphic - Stroke"},{"ty":"tr","p":{"a":0,"k":[0,0],"ix":2},"a":{"a":0,"k":[0,0],"ix":1},"s":{"a":0,"k":[100,100],"ix":3},"r":{"a":0,"k":0,"ix":6},"o":{"a":0,"k":100,"ix":7},"sk":{"a":0,"k":0,"ix":4},"sa":{"a":0,"k":0,"ix":5},"nm":"Transform"}],"nm":"Midline","np":2,"cix":2,"ix":1,"mn":"ADBE Vector Group"},{"ty":"gr","it":[{"d":1,"ty":"el","s":{"a":0,"k":[21,21]},"p":{"a":0,"k":[0,-57]},"nm":"Ellipse Path 2","mn":"ADBE Vector Shape - Ellipse"},{"ty":"rc","d":1,"s":{"a":0,"k":[71,34]},"p":{"a":0,"k":[0,22]},"r":{"a":0,"k":0},"nm":"Rectangle Path 1","mn":"ADBE Vector Shape - Rect"},{"ty":"rc","d":1,"s":{"a":0,"k":[102,12]},"p":{"a":0,"k":[0,-1]},"r":{"a":0,"k":0},"nm":"Rectangle Path 2","mn":"ADBE Vector Shape - Rect"},{"ty":"fl","c":{"a":0,"k":[0.0039216,0.6392157,1,1]},"o":{"a":0,"k":100},"r":1,"nm":"Fill 1","mn":"ADBE Vector Graphic - Fill"},{"ty":"tr","p":{"a":0,"k":[-136.188,176.313],"ix":2},"a":{"a":0,"k":[0,0],"ix":1},"s":{"a":0,"k":[100,100],"ix":3},"r":{"a":0,"k":0,"ix":6},"o":{"a":0,"k":100,"ix":7},"sk":{"a":0,"k":0,"ix":4},"sa":{"a":0,"k":0,"ix":5},"nm":"Transform"}],"nm":"Group 1","np":4,"cix":2,"ix":2,"mn":"ADBE Vector Group"},{"ty":"gr","it":[{"ind":0,"ty":"sh","ix":1,"ks":{"a":0,"k":{"i":[[0,0],[33,-36.25],[0,0],[0,0],[-27.25,24]],"o":[[0,0],[31.25,24],[0,0],[0,0],[-32.25,-36.25]],"v":[[-136.125,9.688],[-194,119],[-166.125,167.75],[-105.5,167.75],[-78.25,119]],"c":true}},"nm":"Path 1","mn":"ADBE Vector Shape - Group"},{"ty":"st","c":{"a":0,"k":[0,0.6352941,1,1]},"o":{"a":0,"k":100},"w":{"a":0,"k":12},"lc":1,"lj":1,"ml":4,"nm":"Stroke 1","mn":"ADBE Vector Graphic - Stroke"},{"ty":"fl","c":{"a":0,"k":[0.945098,1,0.9960784,1]},"o":{"a":0,"k":100},"r":1,"nm":"Fill 1","mn":"ADBE Vector Graphic - Fill"},{"ty":"tr","p":{"a":0,"k":[0,0],"ix":2},"a":{"a":0,"k":[0,0],"ix":1},"s":{"a":0,"k":[100,100],"ix":3},"r":{"a":0,"k":0,"ix":6},"o":{"a":0,"k":100,"ix":7},"sk":{"a":0,"k":0,"ix":4},"sa":{"a":0,"k":0,"ix":5},"nm":"Transform"}],"nm":"tip outline","np":3,"cix":2,"ix":3,"mn":"ADBE Vector Group"}],"ip":0,"op":86,"st":3,"bm":0,"sr":1},{"ddd":0,"ind":5,"ty":4,"nm":"small pen 06","parent":6,"ks":{"o":{"a":1,"k":[{"i":{"x":[0.667],"y":[1]},"o":{"x":[0.333],"y":[0]},"n":["0p667_1_0p333_0"],"t":15,"s":[0],"e":[100]},{"i":{"x":[0.833],"y":[0.833]},"o":{"x":[0.167],"y":[0.167]},"n":["0p833_0p833_0p167_0p167"],"t":27,"s":[100],"e":[100]},{"i":{"x":[0.833],"y":[1]},"o":{"x":[0.167],"y":[0]},"n":["0p833_1_0p167_0"],"t":69,"s":[100],"e":[0]},{"t":81}]},"r":{"a":1,"k":[{"i":{"x":[0.459],"y":[0.927]},"o":{"x":[0.177],"y":[0]},"n":["0p459_0p927_0p177_0"],"t":15,"s":[-98.311],"e":[-72.311]},{"i":{"x":[0.626],"y":[0.619]},"o":{"x":[0.385],"y":[0.072]},"n":["0p626_0p619_0p385_0p072"],"t":25,"s":[-72.311],"e":[-47.859]},{"i":{"x":[0.598],"y":[1]},"o":{"x":[0.504],"y":[0.334]},"n":["0p598_1_0p504_0p334"],"t":41,"s":[-47.859],"e":[13.689]},{"i":{"x":[0.653],"y":[0.919]},"o":{"x":[0.159],"y":[0]},"n":["0p653_0p919_0p159_0"],"t":64,"s":[13.689],"e":[-25.311]},{"t":76}]},"p":{"s":true,"x":{"a":1,"k":[{"i":{"x":[0.594],"y":[0.981]},"o":{"x":[0.156],"y":[0.029]},"n":["0p594_0p981_0p156_0p029"],"t":41,"s":[88],"e":[-86]},{"t":57}]},"y":{"a":1,"k":[{"i":{"x":[0.235],"y":[1]},"o":{"x":[0.421],"y":[0.055]},"n":["0p235_1_0p421_0p055"],"t":25,"s":[196.75],"e":[278.6]},{"i":{"x":[0.833],"y":[0.833]},"o":{"x":[0.167],"y":[0.167]},"n":["0p833_0p833_0p167_0p167"],"t":41,"s":[278.6],"e":[278.6]},{"i":{"x":[0.675],"y":[1]},"o":{"x":[0.612],"y":[0]},"n":["0p675_1_0p612_0"],"t":57,"s":[278.6],"e":[196.75]},{"t":69}]}},"a":{"a":1,"k":[{"i":{"x":0.45,"y":1},"o":{"x":0.177,"y":0},"n":"0p45_1_0p177_0","t":15,"s":[-136.125,-79.313,0],"e":[-136.125,-9.313,0],"to":[0,11.6666669845581,0],"ti":[0,-11.6666669845581,0]},{"i":{"x":0.45,"y":0.45},"o":{"x":0.167,"y":0.167},"n":"0p45_0p45_0p167_0p167","t":25,"s":[-136.125,-9.313,0],"e":[-136.125,-9.313,0],"to":[0,0,0],"ti":[0,0,0]},{"i":{"x":0.45,"y":1},"o":{"x":0.167,"y":0},"n":"0p45_1_0p167_0","t":69,"s":[-136.125,-9.313,0],"e":[-136.125,-126.313,0],"to":[0,-19.5,0],"ti":[0,19.5,0]},{"t":81}]},"s":{"a":1,"k":[{"i":{"x":[0.45,0.45,0.667],"y":[1,1,0.667]},"o":{"x":[0.177,0.177,0.333],"y":[0,0,0.333]},"n":["0p45_1_0p177_0","0p45_1_0p177_0","0p667_0p667_0p333_0p333"],"t":15,"s":[56,56,100],"e":[100,100,100]},{"i":{"x":[0.833,0.833,0.833],"y":[0.833,0.833,0.833]},"o":{"x":[0.167,0.167,0.167],"y":[0.167,0.167,0.167]},"n":["0p833_0p833_0p167_0p167","0p833_0p833_0p167_0p167","0p833_0p833_0p167_0p167"],"t":25,"s":[100,100,100],"e":[100,100,100]},{"i":{"x":[0.833,0.833,0.833],"y":[1,1,0.833]},"o":{"x":[0.477,0.477,0.167],"y":[0,0,0.167]},"n":["0p833_1_0p477_0","0p833_1_0p477_0","0p833_0p833_0p167_0p167"],"t":57,"s":[100,100,100],"e":[56,56,100]},{"t":69}]}},"ao":0,"shapes":[{"ty":"gr","it":[{"ind":0,"ty":"sh","ix":1,"ks":{"a":0,"k":{"i":[[0,0],[0,0]],"o":[[0,0],[0,0]],"v":[[-136.125,10],[-136.125,119]],"c":false}},"nm":"Path 1","mn":"ADBE Vector Shape - Group"},{"ty":"st","c":{"a":0,"k":[0,0.6352941,1,1]},"o":{"a":0,"k":100},"w":{"a":0,"k":12},"lc":1,"lj":1,"ml":4,"nm":"Stroke 1","mn":"ADBE Vector Graphic - Stroke"},{"ty":"tr","p":{"a":0,"k":[0,0],"ix":2},"a":{"a":0,"k":[0,0],"ix":1},"s":{"a":0,"k":[100,100],"ix":3},"r":{"a":0,"k":0,"ix":6},"o":{"a":0,"k":100,"ix":7},"sk":{"a":0,"k":0,"ix":4},"sa":{"a":0,"k":0,"ix":5},"nm":"Transform"}],"nm":"Midline","np":2,"cix":2,"ix":1,"mn":"ADBE Vector Group"},{"ty":"gr","it":[{"d":1,"ty":"el","s":{"a":0,"k":[21,21]},"p":{"a":0,"k":[0,-57]},"nm":"Ellipse Path 2","mn":"ADBE Vector Shape - Ellipse"},{"ty":"rc","d":1,"s":{"a":0,"k":[71,34]},"p":{"a":0,"k":[0,22]},"r":{"a":0,"k":0},"nm":"Rectangle Path 1","mn":"ADBE Vector Shape - Rect"},{"ty":"rc","d":1,"s":{"a":0,"k":[102,12]},"p":{"a":0,"k":[0,-1]},"r":{"a":0,"k":0},"nm":"Rectangle Path 2","mn":"ADBE Vector Shape - Rect"},{"ty":"fl","c":{"a":0,"k":[0.0039216,0.6392157,1,1]},"o":{"a":0,"k":100},"r":1,"nm":"Fill 1","mn":"ADBE Vector Graphic - Fill"},{"ty":"tr","p":{"a":0,"k":[-136.188,176.313],"ix":2},"a":{"a":0,"k":[0,0],"ix":1},"s":{"a":0,"k":[100,100],"ix":3},"r":{"a":0,"k":0,"ix":6},"o":{"a":0,"k":100,"ix":7},"sk":{"a":0,"k":0,"ix":4},"sa":{"a":0,"k":0,"ix":5},"nm":"Transform"}],"nm":"Group 1","np":4,"cix":2,"ix":2,"mn":"ADBE Vector Group"},{"ty":"gr","it":[{"ind":0,"ty":"sh","ix":1,"ks":{"a":0,"k":{"i":[[0,0],[33,-36.25],[0,0],[0,0],[-27.25,24]],"o":[[0,0],[31.25,24],[0,0],[0,0],[-32.25,-36.25]],"v":[[-136.125,9.688],[-194,119],[-166.125,167.75],[-105.5,167.75],[-78.25,119]],"c":true}},"nm":"Path 1","mn":"ADBE Vector Shape - Group"},{"ty":"st","c":{"a":0,"k":[0,0.6352941,1,1]},"o":{"a":0,"k":100},"w":{"a":0,"k":12},"lc":1,"lj":1,"ml":4,"nm":"Stroke 1","mn":"ADBE Vector Graphic - Stroke"},{"ty":"fl","c":{"a":0,"k":[0.945098,1,0.9960784,1]},"o":{"a":0,"k":100},"r":1,"nm":"Fill 1","mn":"ADBE Vector Graphic - Fill"},{"ty":"tr","p":{"a":0,"k":[0,0],"ix":2},"a":{"a":0,"k":[0,0],"ix":1},"s":{"a":0,"k":[100,100],"ix":3},"r":{"a":0,"k":0,"ix":6},"o":{"a":0,"k":100,"ix":7},"sk":{"a":0,"k":0,"ix":4},"sa":{"a":0,"k":0,"ix":5},"nm":"Transform"}],"nm":"tip outline","np":3,"cix":2,"ix":3,"mn":"ADBE Vector Group"}],"ip":15,"op":82,"st":3,"bm":0,"sr":1},{"ddd":0,"ind":6,"ty":3,"nm":"Pen null","ks":{"o":{"a":0,"k":0},"r":{"a":1,"k":[{"i":{"x":[0.451],"y":[1]},"o":{"x":[0.492],"y":[0]},"n":["0p451_1_0p492_0"],"t":58,"s":[0],"e":[-14]},{"i":{"x":[0.986],"y":[0.753]},"o":{"x":[0.58],"y":[0]},"n":["0p986_0p753_0p58_0"],"t":78,"s":[-14],"e":[48]},{"t":96}]},"p":{"a":1,"k":[{"i":{"x":0.636,"y":0.703},"o":{"x":0.528,"y":0},"n":"0p636_0p703_0p528_0","t":58,"s":[540,394,0],"e":[526,574,0],"to":[9.66666698455811,85,0],"ti":[28.6560764312744,-20.6647624969482,0]},{"i":{"x":1,"y":1},"o":{"x":0.771,"y":0.366},"n":"1_1_0p771_0p366","t":78,"s":[526,574,0],"e":[331.5,432.25,0],"to":[-101.75,73.375,0],"ti":[1.75,85.9583358764648,0]},{"t":96}]},"a":{"a":0,"k":[0,-146,0]},"s":{"a":1,"k":[{"i":{"x":[0.329,0.329,0.667],"y":[1,1,0.667]},"o":{"x":[0.646,0.646,0.333],"y":[0,0,0.333]},"n":["0p329_1_0p646_0","0p329_1_0p646_0","0p667_0p667_0p333_0p333"],"t":58,"s":[100,100,100],"e":[19.5,19.5,100]},{"t":96}]}},"ao":0,"ef":[{"ty":5,"nm":"seamless wiggle loop","mn":"seamless wiggle loop","ix":1,"en":1,"ef":[{"ty":0,"nm":"Frequency","mn":"seamless wiggle loop-0001","ix":1,"v":{"a":0,"k":2}},{"ty":0,"nm":"Amplitude","mn":"seamless wiggle loop-0002","ix":2,"v":{"a":0,"k":0}},{"ty":0,"nm":"Loop Time","mn":"seamless wiggle loop-0003","ix":3,"v":{"a":0,"k":4}}]}],"ip":0,"op":97,"st":0,"bm":0,"sr":1},{"ddd":0,"ind":7,"ty":4,"nm":"Pen Tip Top","parent":6,"td":1,"ks":{"o":{"a":0,"k":100},"r":{"a":0,"k":0},"p":{"a":0,"k":[0,0,0]},"a":{"a":0,"k":[0,0,0]},"s":{"a":0,"k":[100,100,100]}},"ao":0,"shapes":[{"ty":"gr","it":[{"ind":0,"ty":"sh","ix":1,"ks":{"a":0,"k":{"i":[[0,0],[0,0],[0,0]],"o":[[0,0],[0,0],[0,0]],"v":[[-0.375,-348.75],[-17.188,-295.625],[17.375,-295.625]],"c":true}},"nm":"Path 1","mn":"ADBE Vector Shape - Group"},{"ty":"fl","c":{"a":0,"k":[0.4033526,0.5475228,0.6196078,1]},"o":{"a":0,"k":100},"r":1,"nm":"Fill 1","mn":"ADBE Vector Graphic - Fill"},{"ty":"tr","p":{"a":0,"k":[0,0],"ix":2},"a":{"a":0,"k":[0,0],"ix":1},"s":{"a":0,"k":[100,100],"ix":3},"r":{"a":0,"k":0,"ix":6},"o":{"a":0,"k":100,"ix":7},"sk":{"a":0,"k":0,"ix":4},"sa":{"a":0,"k":0,"ix":5},"nm":"Transform"}],"nm":"Shape 1","np":3,"cix":2,"ix":1,"mn":"ADBE Vector Group"}],"ip":41,"op":97,"st":0,"bm":0,"sr":1},{"ddd":0,"ind":8,"ty":4,"nm":"Pen Tip Top matte","parent":6,"tt":1,"ks":{"o":{"a":0,"k":100},"r":{"a":0,"k":0},"p":{"a":0,"k":[0,0,0]},"a":{"a":0,"k":[0,0,0]},"s":{"a":0,"k":[100,100,100]}},"ao":0,"shapes":[{"ty":"rc","d":1,"s":{"a":0,"k":[51,64]},"p":{"a":1,"k":[{"i":{"x":0.471,"y":1},"o":{"x":0,"y":0},"n":"0p471_1_0_0","t":41,"s":[0,-264],"e":[0,-317],"to":[0,-8.83333301544189],"ti":[0,8.83333301544189]},{"t":47}]},"r":{"a":0,"k":0},"nm":"Rectangle Path 1","mn":"ADBE Vector Shape - Rect"},{"ty":"fl","c":{"a":0,"k":[0.0039216,0.6392157,1,1]},"o":{"a":0,"k":100},"r":1,"nm":"Fill 1","mn":"ADBE Vector Graphic - Fill"}],"ip":41,"op":97,"st":0,"bm":0,"sr":1},{"ddd":0,"ind":9,"ty":4,"nm":"Pen Middle","parent":6,"ks":{"o":{"a":0,"k":100},"r":{"a":0,"k":0},"p":{"a":0,"k":[0,0,0]},"a":{"a":0,"k":[0,0,0]},"s":{"a":0,"k":[100,100,100]}},"ao":0,"shapes":[{"ty":"gr","it":[{"ind":0,"ty":"sh","ix":1,"ks":{"a":0,"k":{"i":[[0,0],[0,0]],"o":[[0,0],[0,0]],"v":[[-0.063,-295.688],[0,18.5]],"c":false}},"nm":"Path 1","mn":"ADBE Vector Shape - Group"},{"ty":"tm","s":{"a":1,"k":[{"i":{"x":[0.635],"y":[1]},"o":{"x":[0.365],"y":[0]},"n":["0p635_1_0p365_0"],"t":19,"s":[100],"e":[0]},{"t":41}],"ix":1},"e":{"a":0,"k":100,"ix":2},"o":{"a":0,"k":0,"ix":3},"m":1,"ix":2,"nm":"Trim Paths 1","mn":"ADBE Vector Filter - Trim"},{"ty":"st","c":{"a":0,"k":[0.0039216,0.6392157,1,1]},"o":{"a":0,"k":100},"w":{"a":0,"k":33},"lc":1,"lj":1,"ml":4,"nm":"Stroke 1","mn":"ADBE Vector Graphic - Stroke"},{"ty":"tr","p":{"a":0,"k":[0,0],"ix":2},"a":{"a":0,"k":[0,0],"ix":1},"s":{"a":0,"k":[100,100],"ix":3},"r":{"a":0,"k":0,"ix":6},"o":{"a":0,"k":100,"ix":7},"sk":{"a":0,"k":0,"ix":4},"sa":{"a":0,"k":0,"ix":5},"nm":"Transform"}],"nm":"Shape 1","np":4,"cix":2,"ix":1,"mn":"ADBE Vector Group"},{"ty":"gr","it":[{"d":1,"ty":"el","s":{"a":1,"k":[{"i":{"x":[0.515,0.515],"y":[1,1]},"o":{"x":[0.25,0.25],"y":[0.044,0.044]},"n":["0p515_1_0p25_0p044","0p515_1_0p25_0p044"],"t":12,"s":[0,0],"e":[60,60]},{"t":21}]},"p":{"a":0,"k":[0,0]},"nm":"Ellipse Path 1","mn":"ADBE Vector Shape - Ellipse"},{"ty":"fl","c":{"a":0,"k":[0.0039216,0.6392157,1,1]},"o":{"a":0,"k":100},"r":1,"nm":"Fill 1","mn":"ADBE Vector Graphic - Fill"},{"ty":"tr","p":{"a":0,"k":[0,20],"ix":2},"a":{"a":0,"k":[0,0],"ix":1},"s":{"a":0,"k":[100,100],"ix":3},"r":{"a":0,"k":0,"ix":6},"o":{"a":0,"k":100,"ix":7},"sk":{"a":0,"k":0,"ix":4},"sa":{"a":0,"k":0,"ix":5},"nm":"Transform"}],"nm":"Group 1","np":2,"cix":2,"ix":2,"mn":"ADBE Vector Group"}],"ip":12,"op":97,"st":0,"bm":0,"sr":1},{"ddd":0,"ind":10,"ty":4,"nm":"Pen Tip 02","parent":6,"ks":{"o":{"a":0,"k":100},"r":{"a":0,"k":0},"p":{"a":0,"k":[0,0,0]},"a":{"a":0,"k":[0,0,0]},"s":{"a":0,"k":[100,100,100]}},"ao":0,"shapes":[{"ty":"gr","it":[{"ind":0,"ty":"sh","ix":1,"ks":{"a":0,"k":{"i":[[16.5,45.063],[84.75,-98],[2.5,-69.063],[-3.25,0],[-41.188,37.75]],"o":[[-15.937,45],[25.375,19.5],[3.5,0],[6,-58.063],[-84.438,-98]],"v":[[0,-295.563],[-166.625,18.5],[-86,159.063],[88,159.063],[166.688,18.5]],"c":true}},"nm":"Path 1","mn":"ADBE Vector Shape - Group"},{"ty":"tm","s":{"a":1,"k":[{"i":{"x":[0.558],"y":[1]},"o":{"x":[0.485],"y":[0]},"n":["0p558_1_0p485_0"],"t":41,"s":[100],"e":[70]},{"i":{"x":[0.833],"y":[0.833]},"o":{"x":[0.333],"y":[0.333]},"n":["0p833_0p833_0p333_0p333"],"t":63,"s":[70],"e":[70]},{"i":{"x":[0.778],"y":[1]},"o":{"x":[0.167],"y":[0]},"n":["0p778_1_0p167_0"],"t":66,"s":[70],"e":[57.4]},{"t":81}],"ix":1},"e":{"a":0,"k":100,"ix":2},"o":{"a":0,"k":0,"ix":3},"m":1,"ix":2,"nm":"Trim Paths 1","mn":"ADBE Vector Filter - Trim"},{"ty":"st","c":{"a":0,"k":[0.0039216,0.6392157,1,1]},"o":{"a":0,"k":100},"w":{"a":0,"k":33},"lc":1,"lj":1,"ml":4,"nm":"Stroke 1","mn":"ADBE Vector Graphic - Stroke"},{"ty":"tr","p":{"a":0,"k":[0,0],"ix":2},"a":{"a":0,"k":[0,0],"ix":1},"s":{"a":0,"k":[100,100],"ix":3},"r":{"a":0,"k":0,"ix":6},"o":{"a":0,"k":100,"ix":7},"sk":{"a":0,"k":0,"ix":4},"sa":{"a":0,"k":0,"ix":5},"nm":"Transform"}],"nm":"Shape 1","np":3,"cix":2,"ix":1,"mn":"ADBE Vector Group"}],"ip":41,"op":97,"st":0,"bm":0,"sr":1},{"ddd":0,"ind":11,"ty":4,"nm":"Pen Tip 01","parent":6,"ks":{"o":{"a":0,"k":100},"r":{"a":0,"k":0},"p":{"a":0,"k":[0,0,0]},"a":{"a":0,"k":[0,0,0]},"s":{"a":0,"k":[100,100,100]}},"ao":0,"shapes":[{"ty":"gr","it":[{"ind":0,"ty":"sh","ix":1,"ks":{"a":0,"k":{"i":[[16.5,45.063],[84.75,-98],[2.5,-69.063],[-3.25,0],[-41.188,37.75]],"o":[[-15.937,45],[25.375,19.5],[3.5,0],[6,-58.063],[-84.438,-98]],"v":[[0,-295.563],[-166.625,18.5],[-86,159.063],[88,159.063],[166.688,18.5]],"c":true}},"nm":"Path 1","mn":"ADBE Vector Shape - Group"},{"ty":"tm","s":{"a":0,"k":0,"ix":1},"e":{"a":1,"k":[{"i":{"x":[0.532],"y":[1]},"o":{"x":[0.691],"y":[0]},"n":["0p532_1_0p691_0"],"t":12,"s":[0],"e":[30]},{"i":{"x":[0.833],"y":[0.833]},"o":{"x":[0.333],"y":[0.333]},"n":["0p833_0p833_0p333_0p333"],"t":37,"s":[30],"e":[30]},{"i":{"x":[0.557],"y":[1]},"o":{"x":[0.33],"y":[0]},"n":["0p557_1_0p33_0"],"t":39,"s":[30],"e":[44]},{"i":{"x":[0.833],"y":[0.833]},"o":{"x":[0.167],"y":[0.167]},"n":["0p833_0p833_0p167_0p167"],"t":58,"s":[44],"e":[44]},{"i":{"x":[0.474],"y":[1]},"o":{"x":[0.216],"y":[0]},"n":["0p474_1_0p216_0"],"t":60,"s":[44],"e":[57.5]},{"t":74}],"ix":2},"o":{"a":0,"k":0,"ix":3},"m":1,"ix":2,"nm":"Trim Paths 1","mn":"ADBE Vector Filter - Trim"},{"ty":"st","c":{"a":0,"k":[0.0039216,0.6392157,1,1]},"o":{"a":0,"k":100},"w":{"a":0,"k":33},"lc":1,"lj":1,"ml":4,"nm":"Stroke 1","mn":"ADBE Vector Graphic - Stroke"},{"ty":"tr","p":{"a":0,"k":[0,0],"ix":2},"a":{"a":0,"k":[0,0],"ix":1},"s":{"a":0,"k":[100,100],"ix":3},"r":{"a":0,"k":0,"ix":6},"o":{"a":0,"k":100,"ix":7},"sk":{"a":0,"k":0,"ix":4},"sa":{"a":0,"k":0,"ix":5},"nm":"Transform"}],"nm":"Shape 1","np":4,"cix":2,"ix":1,"mn":"ADBE Vector Group"}],"ip":12,"op":97,"st":0,"bm":0,"sr":1},{"ddd":0,"ind":12,"ty":4,"nm":"Pen Tip 03","parent":6,"ks":{"o":{"a":0,"k":100},"r":{"a":0,"k":0},"p":{"a":0,"k":[0,0,0]},"a":{"a":0,"k":[0,0,0]},"s":{"a":0,"k":[100,100,100]}},"ao":0,"shapes":[{"ty":"gr","it":[{"ind":0,"ty":"sh","ix":1,"ks":{"a":0,"k":{"i":[[16.5,45.063],[84.75,-98],[2.5,-69.063],[-3.25,0],[-41.188,37.75]],"o":[[-15.937,45],[25.375,19.5],[3.5,0],[6,-58.063],[-84.438,-98]],"v":[[0,-295.563],[-166.625,18.5],[-86,159.063],[88,159.063],[166.688,18.5]],"c":true}},"nm":"Path 1","mn":"ADBE Vector Shape - Group"},{"ty":"fl","c":{"a":0,"k":[0.945098,1,0.9960784,1]},"o":{"a":1,"k":[{"i":{"x":[0.833],"y":[0.833]},"o":{"x":[0.167],"y":[0.167]},"n":["0p833_0p833_0p167_0p167"],"t":74,"s":[0],"e":[100]},{"t":96}]},"r":1,"nm":"Fill 1","mn":"ADBE Vector Graphic - Fill"},{"ty":"tr","p":{"a":0,"k":[0,0],"ix":2},"a":{"a":0,"k":[0,0],"ix":1},"s":{"a":0,"k":[100,100],"ix":3},"r":{"a":0,"k":0,"ix":6},"o":{"a":0,"k":100,"ix":7},"sk":{"a":0,"k":0,"ix":4},"sa":{"a":0,"k":0,"ix":5},"nm":"Transform"}],"nm":"Shape 1","np":2,"cix":2,"ix":1,"mn":"ADBE Vector Group"}],"ip":74,"op":97,"st":0,"bm":0,"sr":1},{"ddd":0,"ind":13,"ty":4,"nm":"Pen Bottom Lid","parent":6,"ks":{"o":{"a":0,"k":100},"r":{"a":0,"k":0},"p":{"a":0,"k":[0,0,0]},"a":{"a":0,"k":[0,0,0]},"s":{"a":0,"k":[100,100,100]}},"ao":0,"shapes":[{"ty":"gr","it":[{"ind":0,"ty":"sh","ix":1,"ks":{"a":0,"k":{"i":[[0,0],[0,0]],"o":[[0,0],[0,0]],"v":[[-148,181.75],[146.938,181.75]],"c":false}},"nm":"Path 1","mn":"ADBE Vector Shape - Group"},{"ty":"tm","s":{"a":1,"k":[{"i":{"x":[0.366],"y":[1]},"o":{"x":[0.31],"y":[0]},"n":["0p366_1_0p31_0"],"t":9,"s":[100],"e":[0]},{"t":34}],"ix":1},"e":{"a":0,"k":100,"ix":2},"o":{"a":0,"k":0,"ix":3},"m":1,"ix":2,"nm":"Trim Paths 1","mn":"ADBE Vector Filter - Trim"},{"ty":"st","c":{"a":0,"k":[0.0039216,0.6392157,1,1]},"o":{"a":0,"k":100},"w":{"a":0,"k":33},"lc":1,"lj":1,"ml":4,"nm":"Stroke 1","mn":"ADBE Vector Graphic - Stroke"},{"ty":"tr","p":{"a":0,"k":[0,0],"ix":2},"a":{"a":0,"k":[0,0],"ix":1},"s":{"a":0,"k":[100,100],"ix":3},"r":{"a":0,"k":0,"ix":6},"o":{"a":0,"k":100,"ix":7},"sk":{"a":0,"k":0,"ix":4},"sa":{"a":0,"k":0,"ix":5},"nm":"Transform"}],"nm":"Shape 1","np":4,"cix":2,"ix":1,"mn":"ADBE Vector Group"}],"ip":9,"op":97,"st":0,"bm":0,"sr":1},{"ddd":0,"ind":14,"ty":4,"nm":"Pen Bottom Cup Fill","parent":6,"ks":{"o":{"a":0,"k":100},"r":{"a":0,"k":0},"p":{"a":0,"k":[0,0,0]},"a":{"a":0,"k":[0,0,0]},"s":{"a":0,"k":[100,100,100]}},"ao":0,"shapes":[{"ty":"gr","it":[{"ind":0,"ty":"sh","ix":1,"ks":{"a":0,"k":{"i":[[0,0],[0,0]],"o":[[0,0],[0,0]],"v":[[-148,181.75],[146.938,181.75]],"c":false}},"nm":"Path 1","mn":"ADBE Vector Shape - Group"},{"ty":"st","c":{"a":0,"k":[0.0039216,0.6392157,1,1]},"o":{"a":0,"k":100},"w":{"a":0,"k":33},"lc":1,"lj":1,"ml":4,"nm":"Stroke 1","mn":"ADBE Vector Graphic - Stroke"},{"ty":"tr","p":{"a":0,"k":[0,165],"ix":2},"a":{"a":0,"k":[0,165],"ix":1},"s":{"a":1,"k":[{"i":{"x":[0.378,0.466],"y":[0.378,1]},"o":{"x":[0.333,0.333],"y":[0.333,0]},"n":["0p378_0p378_0p333_0p333","0p466_1_0p333_0"],"t":67,"s":[50,100],"e":[50,330]},{"t":82}],"ix":3},"r":{"a":0,"k":0,"ix":6},"o":{"a":0,"k":100,"ix":7},"sk":{"a":0,"k":0,"ix":4},"sa":{"a":0,"k":0,"ix":5},"nm":"Transform"}],"nm":"Shape 1","np":3,"cix":2,"ix":1,"mn":"ADBE Vector Group"}],"ip":67,"op":97,"st":0,"bm":0,"sr":1},{"ddd":0,"ind":15,"ty":4,"nm":"Pen Bottom Cup","parent":6,"ks":{"o":{"a":0,"k":100},"r":{"a":0,"k":0},"p":{"a":0,"k":[0,0,0]},"a":{"a":0,"k":[0,0,0]},"s":{"a":0,"k":[100,100,100]}},"ao":0,"shapes":[{"ty":"gr","it":[{"ind":0,"ty":"sh","ix":1,"ks":{"a":0,"k":{"i":[[0,0],[0,0],[0,0],[0,0]],"o":[[0,0],[0,0],[0,0],[0,0]],"v":[[-86,181.75],[-86,278.625],[87.25,278.625],[87.25,181.75]],"c":false}},"nm":"Path 1","mn":"ADBE Vector Shape - Group"},{"ty":"tm","s":{"a":1,"k":[{"i":{"x":[0.28],"y":[0.945]},"o":{"x":[0.39],"y":[0]},"n":["0p28_0p945_0p39_0"],"t":25,"s":[95.6],"e":[73.704]},{"i":{"x":[0.655],"y":[1]},"o":{"x":[0.322],"y":[0.008]},"n":["0p655_1_0p322_0p008"],"t":40,"s":[73.704],"e":[69.1]},{"i":{"x":[0.666],"y":[0.85]},"o":{"x":[0.12],"y":[0]},"n":["0p666_0p85_0p12_0"],"t":41,"s":[69.1],"e":[68.5]},{"i":{"x":[0.55],"y":[0.956]},"o":{"x":[0.066],"y":[0.019]},"n":["0p55_0p956_0p066_0p019"],"t":43,"s":[68.5],"e":[26.4]},{"i":{"x":[0.833],"y":[1]},"o":{"x":[0.167],"y":[0]},"n":["0p833_1_0p167_0"],"t":57,"s":[26.4],"e":[21.9]},{"i":{"x":[0.833],"y":[0.833]},"o":{"x":[0.836],"y":[0.836]},"n":["0p833_0p833_0p836_0p836"],"t":58,"s":[21.9],"e":[21.9]},{"i":{"x":[0.514],"y":[1]},"o":{"x":[0.112],"y":[0]},"n":["0p514_1_0p112_0"],"t":62,"s":[21.9],"e":[4.4]},{"t":69}],"ix":1},"e":{"a":0,"k":100,"ix":2},"o":{"a":0,"k":0,"ix":3},"m":1,"ix":2,"nm":"Trim Paths 1","mn":"ADBE Vector Filter - Trim"},{"ty":"st","c":{"a":0,"k":[0.0039216,0.6392157,1,1]},"o":{"a":0,"k":100},"w":{"a":0,"k":33},"lc":1,"lj":1,"ml":4,"nm":"Stroke 1","mn":"ADBE Vector Graphic - Stroke"},{"ty":"tr","p":{"a":0,"k":[0,0],"ix":2},"a":{"a":0,"k":[0,0],"ix":1},"s":{"a":0,"k":[100,100],"ix":3},"r":{"a":0,"k":0,"ix":6},"o":{"a":0,"k":100,"ix":7},"sk":{"a":0,"k":0,"ix":4},"sa":{"a":0,"k":0,"ix":5},"nm":"Transform"}],"nm":"Shape 1","np":4,"cix":2,"ix":1,"mn":"ADBE Vector Group"}],"ip":25,"op":97,"st":0,"bm":0,"sr":1}]}