{"v":"4.6.6","fr":29.9700012207031,"ip":0,"op":300.00001221925,"w":600,"h":600,"nm":"pan and skew","ddd":0,"assets":[{"id":"comp_0","layers":[{"ddd":0,"ind":1,"ty":4,"nm":"rocksauce_wordsforlottie-01 Outlines","ks":{"o":{"a":0,"k":100},"r":{"a":0,"k":0},"p":{"a":0,"k":[36.5,60.5,0]},"a":{"a":0,"k":[23.5,37,0]},"s":{"a":0,"k":[100,100,100]}},"ao":0,"shapes":[{"ty":"gr","it":[{"ind":0,"ty":"sh","ix":1,"ks":{"a":0,"k":{"i":[[0,0],[0,0],[0,0],[0,-10.171],[11.384,0],[0,0]],"o":[[0,0],[0,0],[10.171,0],[0,10.171],[0,0],[0,0]],"v":[[-21.083,34.611],[-21.083,-34.611],[-0.333,-34.611],[19.583,-16.675],[-1.417,2.222],[21.083,34.611]],"c":false}},"nm":"Path 1","mn":"ADBE Vector Shape - Group"},{"ty":"st","c":{"a":0,"k":[0.9999999,0.9999999,1,1]},"o":{"a":0,"k":100},"w":{"a":0,"k":5},"lc":1,"lj":1,"ml":10,"nm":"Stroke 1","mn":"ADBE Vector Graphic - Stroke"},{"ty":"tr","p":{"a":0,"k":[23.584,37.111],"ix":2},"a":{"a":0,"k":[0,0],"ix":1},"s":{"a":0,"k":[100,100],"ix":3},"r":{"a":0,"k":0,"ix":6},"o":{"a":0,"k":100,"ix":7},"sk":{"a":0,"k":0,"ix":4},"sa":{"a":0,"k":0,"ix":5},"nm":"Transform"}],"nm":"Group 1","np":2,"cix":2,"ix":1,"mn":"ADBE Vector Group"},{"ty":"tm","s":{"a":1,"k":[{"i":{"x":[0.667],"y":[1]},"o":{"x":[0.333],"y":[0]},"n":["0p667_1_0p333_0"],"t":72,"s":[100],"e":[0]},{"t":94.0000038286985}],"ix":1},"e":{"a":0,"k":100,"ix":2},"o":{"a":0,"k":0,"ix":3},"m":1,"ix":2,"nm":"Trim Paths 1","mn":"ADBE Vector Filter - Trim"}],"ip":0,"op":300.00001221925,"st":0,"bm":0,"sr":1},{"ddd":0,"ind":2,"ty":4,"nm":"rocksauce_wordsforlottie-08 Outlines 2","ks":{"o":{"a":0,"k":100},"r":{"a":0,"k":0},"p":{"a":0,"k":[176,62.5,0]},"a":{"a":0,"k":[31.5,43.5,0]},"s":{"a":0,"k":[100,100,100]}},"ao":0,"shapes":[{"ty":"gr","it":[{"ind":0,"ty":"sh","ix":1,"ks":{"a":0,"k":{"i":[[0,0],[7.483,0],[0,18.779],[-15.968,0],[-5.07,-5.159]],"o":[[-5.135,5.484],[-15.968,0],[0,-18.779],[7.23,0],[0,0]],"v":[[24.175,25.176],[4.739,34.003],[-24.175,0.001],[4.739,-34.003],[23.649,-25.722]],"c":false}},"nm":"Path 1","mn":"ADBE Vector Shape - Group"},{"ty":"st","c":{"a":0,"k":[0.9999999,0.9999999,1,1]},"o":{"a":0,"k":100},"w":{"a":0,"k":5},"lc":1,"lj":1,"ml":10,"nm":"Stroke 1","mn":"ADBE Vector Graphic - Stroke"},{"ty":"tr","p":{"a":0,"k":[28.143,40.076],"ix":2},"a":{"a":0,"k":[0,0],"ix":1},"s":{"a":0,"k":[100,100],"ix":3},"r":{"a":0,"k":0,"ix":6},"o":{"a":0,"k":100,"ix":7},"sk":{"a":0,"k":0,"ix":4},"sa":{"a":0,"k":0,"ix":5},"nm":"Transform"}],"nm":"Group 1","np":2,"cix":2,"ix":1,"mn":"ADBE Vector Group"},{"ty":"tm","s":{"a":1,"k":[{"i":{"x":[0.667],"y":[1]},"o":{"x":[0.167],"y":[0.167]},"n":["0p667_1_0p167_0p167"],"t":72,"s":[45],"e":[0]},{"t":89.0000036250443}],"ix":1},"e":{"a":1,"k":[{"i":{"x":[0.667],"y":[1]},"o":{"x":[0.324],"y":[-0.02]},"n":["0p667_1_0p324_-0p02"],"t":72,"s":[45],"e":[100]},{"t":94.0000038286985}],"ix":2},"o":{"a":0,"k":0,"ix":3},"m":1,"ix":2,"nm":"Trim Paths 1","mn":"ADBE Vector Filter - Trim"},{"ty":"tm","s":{"a":0,"k":0,"ix":1},"e":{"a":0,"k":100,"ix":2},"o":{"a":0,"k":0,"ix":3},"m":1,"ix":3,"nm":"Trim Paths 2","mn":"ADBE Vector Filter - Trim"}],"ip":0,"op":300.00001221925,"st":0,"bm":0,"sr":1},{"ddd":0,"ind":3,"ty":4,"nm":"rocksauce_wordsforlottie-05 Outlines","ks":{"o":{"a":0,"k":100},"r":{"a":0,"k":0},"p":{"a":0,"k":[238.5,60.5,0]},"a":{"a":0,"k":[26,43,0]},"s":{"a":0,"k":[100,100,100]}},"ao":0,"shapes":[{"ty":"gr","it":[{"ind":0,"ty":"sh","ix":1,"ks":{"a":0,"k":{"i":[[0,0],[0,0],[0,0]],"o":[[0,0],[0,0],[0,0]],"v":[[14.965,35.917],[-14.965,0.001],[14.965,-35.917]],"c":false}},"nm":"Path 1","mn":"ADBE Vector Shape - Group"},{"ty":"st","c":{"a":0,"k":[0.9999999,0.9999999,1,1]},"o":{"a":0,"k":100},"w":{"a":0,"k":5},"lc":1,"lj":1,"ml":10,"nm":"Stroke 1","mn":"ADBE Vector Graphic - Stroke"},{"ty":"tr","p":{"a":0,"k":[32.299,42.815],"ix":2},"a":{"a":0,"k":[0,0],"ix":1},"s":{"a":0,"k":[100,100],"ix":3},"r":{"a":0,"k":0,"ix":6},"o":{"a":0,"k":100,"ix":7},"sk":{"a":0,"k":0,"ix":4},"sa":{"a":0,"k":0,"ix":5},"nm":"Transform"}],"nm":"Group 1","np":2,"cix":2,"ix":1,"mn":"ADBE Vector Group"},{"ty":"gr","it":[{"ind":0,"ty":"sh","ix":1,"ks":{"a":0,"k":{"i":[[0,0],[0,0]],"o":[[0,0],[0,0]],"v":[[8.434,6.898],[8.434,78.731]],"c":false}},"nm":"Path 1","mn":"ADBE Vector Shape - Group"},{"ty":"st","c":{"a":0,"k":[0.9999999,0.9999999,1,1]},"o":{"a":0,"k":100},"w":{"a":0,"k":5},"lc":1,"lj":1,"ml":10,"nm":"Stroke 1","mn":"ADBE Vector Graphic - Stroke"},{"ty":"tr","p":{"a":0,"k":[0,0],"ix":2},"a":{"a":0,"k":[0,0],"ix":1},"s":{"a":0,"k":[100,100],"ix":3},"r":{"a":0,"k":0,"ix":6},"o":{"a":0,"k":100,"ix":7},"sk":{"a":0,"k":0,"ix":4},"sa":{"a":0,"k":0,"ix":5},"nm":"Transform"}],"nm":"Group 2","np":2,"cix":2,"ix":2,"mn":"ADBE Vector Group"},{"ty":"tm","s":{"a":1,"k":[{"i":{"x":[0.667],"y":[1]},"o":{"x":[0.333],"y":[0]},"n":["0p667_1_0p333_0"],"t":85.949,"s":[100],"e":[0]},{"t":95.3937538854671}],"ix":1},"e":{"a":0,"k":100,"ix":2},"o":{"a":0,"k":0,"ix":3},"m":1,"ix":3,"nm":"Trim Paths 1","mn":"ADBE Vector Filter - Trim"}],"ip":0,"op":300.00001221925,"st":0,"bm":0,"sr":1},{"ddd":0,"ind":4,"ty":4,"nm":"rocksauce_wordsforlottie-06 Outlines","ks":{"o":{"a":0,"k":100},"r":{"a":0,"k":0},"p":{"a":0,"k":[299,60,0]},"a":{"a":0,"k":[26.5,43,0]},"s":{"a":0,"k":[100,100,100]}},"ao":0,"shapes":[{"ty":"gr","it":[{"ind":0,"ty":"sh","ix":1,"ks":{"a":0,"k":{"i":[[0,0],[12.837,0],[0,-6.5],[0,-22.5],[2.789,0],[7.574,8.422]],"o":[[0,0],[-12.836,0],[0,22.166],[0,17.666],[-2.789,0],[0,0]],"v":[[20.835,-27.59],[0.503,-34.682],[-16.743,-19.485],[20.258,17.016],[2.046,33.324],[-20.835,24.104]],"c":false}},"nm":"Path 1","mn":"ADBE Vector Shape - Group"},{"ty":"st","c":{"a":0,"k":[0.9999999,0.9999999,1,1]},"o":{"a":0,"k":100},"w":{"a":0,"k":5},"lc":1,"lj":1,"ml":10,"nm":"Stroke 1","mn":"ADBE Vector Graphic - Stroke"},{"ty":"tr","p":{"a":0,"k":[25.41,43.494],"ix":2},"a":{"a":0,"k":[0,0],"ix":1},"s":{"a":0,"k":[100,100],"ix":3},"r":{"a":0,"k":0,"ix":6},"o":{"a":0,"k":100,"ix":7},"sk":{"a":0,"k":0,"ix":4},"sa":{"a":0,"k":0,"ix":5},"nm":"Transform"}],"nm":"Group 1","np":2,"cix":2,"ix":1,"mn":"ADBE Vector Group"},{"ty":"tm","s":{"a":1,"k":[{"i":{"x":[0.833],"y":[0.833]},"o":{"x":[0.167],"y":[0.167]},"n":["0p833_0p833_0p167_0p167"],"t":0,"s":[100],"e":[99.27]},{"i":{"x":[0.667],"y":[1]},"o":{"x":[0.333],"y":[0]},"n":["0p667_1_0p333_0"],"t":91.734,"s":[99.27],"e":[0]},{"t":100.297504085201}],"ix":1},"e":{"a":0,"k":100,"ix":2},"o":{"a":0,"k":0,"ix":3},"m":1,"ix":2,"nm":"Trim Paths 1","mn":"ADBE Vector Filter - Trim"}],"ip":0,"op":300.00001221925,"st":0,"bm":0,"sr":1},{"ddd":0,"ind":5,"ty":4,"nm":"rocksauce_wordsforlottie-03 Outlines","ks":{"o":{"a":0,"k":100},"r":{"a":0,"k":0},"p":{"a":0,"k":[360.5,57.5,0]},"a":{"a":0,"k":[27,38.5,0]},"s":{"a":0,"k":[100,100,100]}},"ao":0,"shapes":[{"ty":"gr","it":[{"ind":0,"ty":"sh","ix":1,"ks":{"a":0,"k":{"i":[[0,0],[0,0],[0,0]],"o":[[0,0],[0,0],[0,0]],"v":[[-24.417,34.206],[-0.077,-34.206],[24.417,34.206]],"c":false}},"nm":"Path 1","mn":"ADBE Vector Shape - Group"},{"ty":"st","c":{"a":0,"k":[0.9999999,0.9999999,1,1]},"o":{"a":0,"k":100},"w":{"a":0,"k":5},"lc":1,"lj":1,"ml":10,"nm":"Stroke 1","mn":"ADBE Vector Graphic - Stroke"},{"ty":"tr","p":{"a":0,"k":[26.772,41.644],"ix":2},"a":{"a":0,"k":[0,0],"ix":1},"s":{"a":0,"k":[100,100],"ix":3},"r":{"a":0,"k":0,"ix":6},"o":{"a":0,"k":100,"ix":7},"sk":{"a":0,"k":0,"ix":4},"sa":{"a":0,"k":0,"ix":5},"nm":"Transform"}],"nm":"Group 1","np":2,"cix":2,"ix":1,"mn":"ADBE Vector Group"},{"ty":"tm","s":{"a":0,"k":0,"ix":1},"e":{"a":1,"k":[{"i":{"x":[0.833],"y":[0.833]},"o":{"x":[0.333],"y":[0]},"n":["0p833_0p833_0p333_0"],"t":95.319,"s":[0],"e":[98.906]},{"t":104.008754236363}],"ix":2},"o":{"a":0,"k":0,"ix":3},"m":1,"ix":2,"nm":"Trim Paths 1","mn":"ADBE Vector Filter - Trim"},{"ty":"tm","s":{"a":0,"k":0,"ix":1},"e":{"a":0,"k":100,"ix":2},"o":{"a":0,"k":0,"ix":3},"m":1,"ix":3,"nm":"Trim Paths 2","mn":"ADBE Vector Filter - Trim"}],"ip":0,"op":300.00001221925,"st":0,"bm":0,"sr":1},{"ddd":0,"ind":6,"ty":4,"nm":"rocksauce_wordsforlottie-07 Outlines","ks":{"o":{"a":0,"k":100},"r":{"a":0,"k":0},"p":{"a":0,"k":[423,61,0]},"a":{"a":0,"k":[29.5,48.5,0]},"s":{"a":0,"k":[100,100,100]}},"ao":0,"shapes":[{"ty":"gr","it":[{"ind":0,"ty":"sh","ix":1,"ks":{"a":0,"k":{"i":[[0,0],[0,0],[12.519,0],[0,12.519],[0,0]],"o":[[0,0],[0,12.519],[-12.519,0],[0,0],[0,0]],"v":[[22.667,-34.971],[22.667,12.305],[0.001,34.971],[-22.667,12.305],[-22.667,-34.971]],"c":false}},"nm":"Path 1","mn":"ADBE Vector Shape - Group"},{"ty":"st","c":{"a":0,"k":[0.9999999,0.9999999,1,1]},"o":{"a":0,"k":100},"w":{"a":0,"k":5},"lc":1,"lj":1,"ml":10,"nm":"Stroke 1","mn":"ADBE Vector Graphic - Stroke"},{"ty":"tr","p":{"a":0,"k":[32.333,45.87],"ix":2},"a":{"a":0,"k":[0,0],"ix":1},"s":{"a":0,"k":[100,100],"ix":3},"r":{"a":0,"k":0,"ix":6},"o":{"a":0,"k":100,"ix":7},"sk":{"a":0,"k":0,"ix":4},"sa":{"a":0,"k":0,"ix":5},"nm":"Transform"}],"nm":"Group 1","np":2,"cix":2,"ix":1,"mn":"ADBE Vector Group"},{"ty":"tm","s":{"a":1,"k":[{"i":{"x":[0.833],"y":[0.833]},"o":{"x":[0.167],"y":[0.167]},"n":["0p833_0p833_0p167_0p167"],"t":0,"s":[100],"e":[97.906]},{"i":{"x":[0.667],"y":[1]},"o":{"x":[0.333],"y":[0]},"n":["0p667_1_0p333_0"],"t":99.679,"s":[97.906],"e":[0]},{"t":106.937504355654}],"ix":1},"e":{"a":0,"k":100,"ix":2},"o":{"a":0,"k":0,"ix":3},"m":1,"ix":2,"nm":"Trim Paths 1","mn":"ADBE Vector Filter - Trim"}],"ip":0,"op":300.00001221925,"st":0,"bm":0,"sr":1},{"ddd":0,"ind":7,"ty":4,"nm":"rocksauce_wordsforlottie-08 Outlines","ks":{"o":{"a":0,"k":100},"r":{"a":0,"k":0},"p":{"a":0,"k":[499,62.5,0]},"a":{"a":0,"k":[31.5,43.5,0]},"s":{"a":0,"k":[100,100,100]}},"ao":0,"shapes":[{"ty":"gr","it":[{"ind":0,"ty":"sh","ix":1,"ks":{"a":0,"k":{"i":[[0,0],[7.483,0],[0,18.779],[-15.968,0],[-5.07,-5.159]],"o":[[-5.135,5.484],[-15.968,0],[0,-18.779],[7.23,0],[0,0]],"v":[[24.175,25.176],[4.739,34.003],[-24.175,0.001],[4.739,-34.003],[23.649,-25.722]],"c":false}},"nm":"Path 1","mn":"ADBE Vector Shape - Group"},{"ty":"st","c":{"a":0,"k":[0.9999999,0.9999999,1,1]},"o":{"a":0,"k":100},"w":{"a":0,"k":5},"lc":1,"lj":1,"ml":10,"nm":"Stroke 1","mn":"ADBE Vector Graphic - Stroke"},{"ty":"tr","p":{"a":0,"k":[28.143,40.076],"ix":2},"a":{"a":0,"k":[0,0],"ix":1},"s":{"a":0,"k":[100,100],"ix":3},"r":{"a":0,"k":0,"ix":6},"o":{"a":0,"k":100,"ix":7},"sk":{"a":0,"k":0,"ix":4},"sa":{"a":0,"k":0,"ix":5},"nm":"Transform"}],"nm":"Group 1","np":2,"cix":2,"ix":1,"mn":"ADBE Vector Group"},{"ty":"tm","s":{"a":1,"k":[{"i":{"x":[0.833],"y":[0.833]},"o":{"x":[0.167],"y":[0.167]},"n":["0p833_0p833_0p167_0p167"],"t":0,"s":[100],"e":[98.176]},{"i":{"x":[0.667],"y":[1]},"o":{"x":[0.333],"y":[0]},"n":["0p667_1_0p333_0"],"t":103.845,"s":[98.176],"e":[0]},{"t":110.318754493375}],"ix":1},"e":{"a":0,"k":100,"ix":2},"o":{"a":0,"k":0,"ix":3},"m":1,"ix":2,"nm":"Trim Paths 1","mn":"ADBE Vector Filter - Trim"},{"ty":"tm","s":{"a":0,"k":0,"ix":1},"e":{"a":0,"k":100,"ix":2},"o":{"a":0,"k":0,"ix":3},"m":1,"ix":3,"nm":"Trim Paths 2","mn":"ADBE Vector Filter - Trim"}],"ip":0,"op":300.00001221925,"st":0,"bm":0,"sr":1},{"ddd":0,"ind":8,"ty":4,"nm":"rocksauce_wordsforlottie-09 Outlines","ks":{"o":{"a":0,"k":100},"r":{"a":0,"k":0},"p":{"a":0,"k":[562.5,72.5,0]},"a":{"a":0,"k":[26.5,53.5,0]},"s":{"a":0,"k":[100,100,100]}},"ao":0,"shapes":[{"ty":"gr","it":[{"ind":0,"ty":"sh","ix":1,"ks":{"a":0,"k":{"i":[[0,0],[0,0]],"o":[[0,0],[0,0]],"v":[[41.674,40.076],[8.25,40.076]],"c":false}},"nm":"Path 1","mn":"ADBE Vector Shape - Group"},{"ty":"st","c":{"a":0,"k":[0.9999999,0.9999999,1,1]},"o":{"a":0,"k":100},"w":{"a":0,"k":5},"lc":1,"lj":1,"ml":10,"nm":"Stroke 1","mn":"ADBE Vector Graphic - Stroke"},{"ty":"tr","p":{"a":0,"k":[0,0],"ix":2},"a":{"a":0,"k":[0,0],"ix":1},"s":{"a":0,"k":[100,100],"ix":3},"r":{"a":0,"k":0,"ix":6},"o":{"a":0,"k":100,"ix":7},"sk":{"a":0,"k":0,"ix":4},"sa":{"a":0,"k":0,"ix":5},"nm":"Transform"}],"nm":"Group 1","np":2,"cix":2,"ix":1,"mn":"ADBE Vector Group"},{"ty":"gr","it":[{"ind":0,"ty":"sh","ix":1,"ks":{"a":0,"k":{"i":[[0,0],[0,0],[0,0],[0,0]],"o":[[0,0],[0,0],[0,0],[0,0]],"v":[[20.162,34.014],[-20.162,34.014],[-20.162,-34.014],[20.162,-34.014]],"c":false}},"nm":"Path 1","mn":"ADBE Vector Shape - Group"},{"ty":"st","c":{"a":0,"k":[0.9999999,0.9999999,1,1]},"o":{"a":0,"k":100},"w":{"a":0,"k":5},"lc":1,"lj":1,"ml":10,"nm":"Stroke 1","mn":"ADBE Vector Graphic - Stroke"},{"ty":"tr","p":{"a":0,"k":[28.412,40.088],"ix":2},"a":{"a":0,"k":[0,0],"ix":1},"s":{"a":0,"k":[100,100],"ix":3},"r":{"a":0,"k":0,"ix":6},"o":{"a":0,"k":100,"ix":7},"sk":{"a":0,"k":0,"ix":4},"sa":{"a":0,"k":0,"ix":5},"nm":"Transform"}],"nm":"Group 2","np":2,"cix":2,"ix":2,"mn":"ADBE Vector Group"},{"ty":"tm","s":{"a":0,"k":0,"ix":1},"e":{"a":1,"k":[{"i":{"x":[0.667],"y":[1]},"o":{"x":[0.333],"y":[0]},"n":["0p667_1_0p333_0"],"t":106.353,"s":[0],"e":[98.176]},{"t":111.796254553555}],"ix":2},"o":{"a":0,"k":0,"ix":3},"m":1,"ix":3,"nm":"Trim Paths 1","mn":"ADBE Vector Filter - Trim"}],"ip":0,"op":300.00001221925,"st":0,"bm":0,"sr":1},{"ddd":0,"ind":9,"ty":4,"nm":"rocksauce_wordsforlottie-10 Outlines","ks":{"o":{"a":0,"k":100},"r":{"a":0,"k":0},"p":{"a":0,"k":[310,130.5,0]},"a":{"a":0,"k":[71.5,13,0]},"s":{"a":0,"k":[100,100,100]}},"ao":0,"hasMask":true,"masksProperties":[{"inv":false,"mode":"a","pt":{"a":0,"k":{"i":[[0,0],[0,0],[0,0],[0,0]],"o":[[0,0],[0,0],[0,0],[0,0]],"v":[[4.962,3.538],[4.962,18.899],[133.404,18.899],[133.404,3.538]],"c":true}},"o":{"a":0,"k":100},"x":{"a":1,"k":[{"i":{"x":[0.833],"y":[0.833]},"o":{"x":[0.167],"y":[0.167]},"n":["0p833_0p833_0p167_0p167"],"t":110,"s":[-8],"e":[0]},{"t":122.737504999201}]},"nm":"Mask 1"}],"shapes":[{"ty":"gr","it":[{"ind":0,"ty":"sh","ix":1,"ks":{"a":0,"k":{"i":[[0.777,0.684],[1.668,0.358],[0.505,0.383],[0,0.665],[-0.503,0.394],[-0.854,0],[-1.216,-0.99],[0,0],[0,0],[0,0],[1.942,0],[0.922,-0.774],[0,-1.247],[-0.801,-0.671],[-1.735,-0.372],[-0.488,-0.382],[0,-0.654],[0.53,-0.408],[0.894,0],[0.734,0.312],[0.743,0.667],[0,0],[0,0],[0,0],[-2.243,0],[-0.948,0.78],[0,1.328]],"o":[[-0.754,-0.663],[-1.483,-0.316],[-0.477,-0.359],[0,-0.58],[0.514,-0.403],[1.429,0],[0,0],[0,0],[0,0],[-1.491,-1.239],[-1.414,0],[-0.938,0.784],[0,1.221],[0.773,0.649],[1.406,0.289],[0.462,0.361],[0,0.631],[-0.547,0.417],[-0.925,0],[-0.737,-0.316],[0,0],[0,0],[0,0],[1.743,1.594],[1.474,0],[0.965,-0.79],[0,-1.153]],"v":[[4.473,0.521],[0.822,-1.019],[-2.174,-2.073],[-2.883,-3.577],[-2.135,-5.025],[-0.073,-5.632],[3.913,-4.139],[4.118,-3.972],[5.319,-5.617],[5.139,-5.767],[-0.033,-7.635],[-3.553,-6.47],[-4.967,-3.428],[-3.76,-0.577],[0.019,0.96],[2.874,1.971],[3.561,3.458],[2.772,5.003],[0.6,5.632],[-1.9,5.162],[-4.13,3.68],[-4.321,3.507],[-5.645,5.071],[-5.467,5.233],[0.539,7.635],[4.19,6.461],[5.645,3.289]],"c":true}},"nm":"Path 1","mn":"ADBE Vector Shape - Group"},{"ty":"fl","c":{"a":0,"k":[0.9999999,0.9999999,1,1]},"o":{"a":0,"k":100},"r":1,"nm":"Fill 1","mn":"ADBE Vector Graphic - Fill"},{"ty":"tr","p":{"a":0,"k":[127.76,11.213],"ix":2},"a":{"a":0,"k":[0,0],"ix":1},"s":{"a":0,"k":[100,100],"ix":3},"r":{"a":0,"k":0,"ix":6},"o":{"a":0,"k":100,"ix":7},"sk":{"a":0,"k":0,"ix":4},"sa":{"a":0,"k":0,"ix":5},"nm":"Transform"}],"nm":"Group 1","np":2,"cix":2,"ix":1,"mn":"ADBE Vector Group"},{"ty":"gr","it":[{"ind":0,"ty":"sh","ix":1,"ks":{"a":0,"k":{"i":[[1.014,-1.08],[1.548,0],[1.036,1.106],[0,1.622],[-1.014,1.081],[-1.549,0],[-1.021,-1.09],[0,-1.621]],"o":[[-1.009,1.077],[-1.572,0],[-1.027,-1.095],[0,-1.582],[1.008,-1.078],[1.55,0],[1.028,1.096],[0,1.584]],"v":[[3.875,4.053],[0.021,5.676],[-3.854,4.034],[-5.401,-0.042],[-3.874,-4.055],[-0.02,-5.678],[3.854,-4.036],[5.402,0.038]],"c":true}},"nm":"Path 1","mn":"ADBE Vector Shape - Group"},{"ind":1,"ty":"sh","ix":2,"ks":{"a":0,"k":{"i":[[2.199,0],[1.394,-1.503],[0,-2.131],[-1.375,-1.487],[-2.198,0],[-1.394,1.506],[0,2.134],[1.374,1.484]],"o":[[-2.2,0],[-1.387,1.498],[0,2.093],[1.38,1.493],[2.199,0],[1.387,-1.501],[0,-2.092],[-1.38,-1.489]],"v":[[0.021,-7.68],[-5.394,-5.417],[-7.485,0.033],[-5.413,5.43],[-0.02,7.68],[5.394,5.411],[7.485,-0.046],[5.414,-5.436]],"c":true}},"nm":"Path 2","mn":"ADBE Vector Shape - Group"},{"ty":"mm","mm":1,"nm":"Merge Paths 1","mn":"ADBE Vector Filter - Merge"},{"ty":"fl","c":{"a":0,"k":[0.9999999,0.9999999,1,1]},"o":{"a":0,"k":100},"r":1,"nm":"Fill 1","mn":"ADBE Vector Graphic - Fill"},{"ty":"tr","p":{"a":0,"k":[106.619,11.218],"ix":2},"a":{"a":0,"k":[0,0],"ix":1},"s":{"a":0,"k":[100,100],"ix":3},"r":{"a":0,"k":0,"ix":6},"o":{"a":0,"k":100,"ix":7},"sk":{"a":0,"k":0,"ix":4},"sa":{"a":0,"k":0,"ix":5},"nm":"Transform"}],"nm":"Group 2","np":4,"cix":2,"ix":2,"mn":"ADBE Vector Group"},{"ty":"gr","it":[{"ind":0,"ty":"sh","ix":1,"ks":{"a":0,"k":{"i":[[0,0],[0,0],[0,0],[0,0]],"o":[[0,0],[0,0],[0,0],[0,0]],"v":[[-1.042,7.435],[1.042,7.435],[1.042,-7.435],[-1.042,-7.435]],"c":true}},"nm":"Path 1","mn":"ADBE Vector Shape - Group"},{"ty":"fl","c":{"a":0,"k":[0.9999999,0.9999999,1,1]},"o":{"a":0,"k":100},"r":1,"nm":"Fill 1","mn":"ADBE Vector Graphic - Fill"},{"ty":"tr","p":{"a":0,"k":[89.043,11.212],"ix":2},"a":{"a":0,"k":[0,0],"ix":1},"s":{"a":0,"k":[100,100],"ix":3},"r":{"a":0,"k":0,"ix":6},"o":{"a":0,"k":100,"ix":7},"sk":{"a":0,"k":0,"ix":4},"sa":{"a":0,"k":0,"ix":5},"nm":"Transform"}],"nm":"Group 3","np":2,"cix":2,"ix":3,"mn":"ADBE Vector Group"},{"ty":"gr","it":[{"ind":0,"ty":"sh","ix":1,"ks":{"a":0,"k":{"i":[[1.041,-1.012],[1.704,0],[0,0],[0,0],[0,0],[-1.04,-1.025],[0,-1.592]],"o":[[-1.043,1.015],[0,0],[0,0],[0,0],[1.709,0],[1.039,1.026],[0,1.552]],"v":[[2.84,3.904],[-1.3,5.432],[-4.41,5.432],[-4.41,-5.432],[-1.3,-5.432],[2.844,-3.886],[4.41,0.04]],"c":true}},"nm":"Path 1","mn":"ADBE Vector Shape - Group"},{"ind":1,"ty":"sh","ix":2,"ks":{"a":0,"k":{"i":[[2.264,0],[0,0],[0,0],[0,0],[-1.456,1.41],[0,2.152],[1.459,1.406]],"o":[[0,0],[0,0],[0,0],[2.265,0],[1.459,-1.411],[0,-2.099],[-1.457,-1.403]],"v":[[-1.314,-7.435],[-6.493,-7.435],[-6.493,7.435],[-1.314,7.435],[4.294,5.31],[6.492,-0.04],[4.294,-5.321]],"c":true}},"nm":"Path 2","mn":"ADBE Vector Shape - Group"},{"ty":"mm","mm":1,"nm":"Merge Paths 1","mn":"ADBE Vector Filter - Merge"},{"ty":"fl","c":{"a":0,"k":[0.9999999,0.9999999,1,1]},"o":{"a":0,"k":100},"r":1,"nm":"Fill 1","mn":"ADBE Vector Graphic - Fill"},{"ty":"tr","p":{"a":0,"k":[72.359,11.212],"ix":2},"a":{"a":0,"k":[0,0],"ix":1},"s":{"a":0,"k":[100,100],"ix":3},"r":{"a":0,"k":0,"ix":6},"o":{"a":0,"k":100,"ix":7},"sk":{"a":0,"k":0,"ix":4},"sa":{"a":0,"k":0,"ix":5},"nm":"Transform"}],"nm":"Group 4","np":4,"cix":2,"ix":4,"mn":"ADBE Vector Group"},{"ty":"gr","it":[{"ind":0,"ty":"sh","ix":1,"ks":{"a":0,"k":{"i":[[0,0],[0.717,-0.756],[1.28,0],[0.719,0.784],[0,1.473],[0,0],[0,0],[0,0],[-1.119,-1.132],[-1.868,0],[-1.116,1.141],[0,2.108],[0,0],[0,0]],"o":[[0,1.47],[-0.713,0.753],[-1.305,0],[-0.725,-0.79],[0,0],[0,0],[0,0],[0,2.043],[1.118,1.133],[1.888,0],[1.115,-1.139],[0,0],[0,0],[0,0]],"v":[[4.115,1.057],[3.035,4.412],[0.031,5.547],[-3.021,4.366],[-4.113,0.956],[-4.113,-7.55],[-6.197,-7.55],[-6.197,1.057],[-4.51,5.842],[-0.01,7.55],[4.518,5.831],[6.197,0.937],[6.197,-7.55],[4.115,-7.55]],"c":true}},"nm":"Path 1","mn":"ADBE Vector Shape - Group"},{"ty":"fl","c":{"a":0,"k":[0.9999999,0.9999999,1,1]},"o":{"a":0,"k":100},"r":1,"nm":"Fill 1","mn":"ADBE Vector Graphic - Fill"},{"ty":"tr","p":{"a":0,"k":[50.307,11.328],"ix":2},"a":{"a":0,"k":[0,0],"ix":1},"s":{"a":0,"k":[100,100],"ix":3},"r":{"a":0,"k":0,"ix":6},"o":{"a":0,"k":100,"ix":7},"sk":{"a":0,"k":0,"ix":4},"sa":{"a":0,"k":0,"ix":5},"nm":"Transform"}],"nm":"Group 5","np":2,"cix":2,"ix":5,"mn":"ADBE Vector Group"},{"ty":"gr","it":[{"ind":0,"ty":"sh","ix":1,"ks":{"a":0,"k":{"i":[[0,0],[0,0],[0,0],[0,0],[0,0],[0,0],[0,0],[0,0]],"o":[[0,0],[0,0],[0,0],[0,0],[0,0],[0,0],[0,0],[0,0]],"v":[[-5.922,-5.432],[-1.042,-5.432],[-1.042,7.435],[1.042,7.435],[1.042,-5.432],[5.922,-5.432],[5.922,-7.435],[-5.922,-7.435]],"c":true}},"nm":"Path 1","mn":"ADBE Vector Shape - Group"},{"ty":"fl","c":{"a":0,"k":[0.9999999,0.9999999,1,1]},"o":{"a":0,"k":100},"r":1,"nm":"Fill 1","mn":"ADBE Vector Graphic - Fill"},{"ty":"tr","p":{"a":0,"k":[29.931,11.213],"ix":2},"a":{"a":0,"k":[0,0],"ix":1},"s":{"a":0,"k":[100,100],"ix":3},"r":{"a":0,"k":0,"ix":6},"o":{"a":0,"k":100,"ix":7},"sk":{"a":0,"k":0,"ix":4},"sa":{"a":0,"k":0,"ix":5},"nm":"Transform"}],"nm":"Group 6","np":2,"cix":2,"ix":6,"mn":"ADBE Vector Group"},{"ty":"gr","it":[{"ind":0,"ty":"sh","ix":1,"ks":{"a":0,"k":{"i":[[1.668,0.359],[0.506,0.383],[0,0.665],[-0.502,0.395],[-0.854,0],[-1.216,-0.99],[0,0],[0,0],[0,0],[1.94,0],[0.923,-0.774],[0,-1.248],[-0.8,-0.671],[-1.735,-0.372],[-0.489,-0.382],[0,-0.653],[0.532,-0.408],[0.895,0],[0.734,0.312],[0.742,0.668],[0,0],[0,0],[0,0],[-2.242,0],[-0.95,0.78],[0,1.328],[0.778,0.685]],"o":[[-1.483,-0.316],[-0.477,-0.359],[0,-0.58],[0.515,-0.403],[1.429,0],[0,0],[0,0],[0,0],[-1.49,-1.239],[-1.414,0],[-0.937,0.784],[0,1.222],[0.773,0.649],[1.407,0.289],[0.462,0.361],[0,0.631],[-0.545,0.417],[-0.924,0],[-0.737,-0.316],[0,0],[0,0],[0,0],[1.744,1.594],[1.473,0],[0.965,-0.79],[0,-1.153],[-0.753,-0.663]],"v":[[0.823,-1.019],[-2.175,-2.073],[-2.883,-3.577],[-2.136,-5.025],[-0.073,-5.632],[3.914,-4.139],[4.118,-3.972],[5.32,-5.617],[5.139,-5.767],[-0.032,-7.635],[-3.554,-6.47],[-4.967,-3.428],[-3.76,-0.577],[0.018,0.96],[2.875,1.971],[3.562,3.458],[2.771,5.003],[0.6,5.632],[-1.9,5.162],[-4.129,3.68],[-4.32,3.507],[-5.645,5.071],[-5.467,5.233],[0.54,7.635],[4.191,6.461],[5.645,3.289],[4.472,0.521]],"c":true}},"nm":"Path 1","mn":"ADBE Vector Shape - Group"},{"ty":"fl","c":{"a":0,"k":[0.9999999,0.9999999,1,1]},"o":{"a":0,"k":100},"r":1,"nm":"Fill 1","mn":"ADBE Vector Graphic - Fill"},{"ty":"tr","p":{"a":0,"k":[10.607,11.213],"ix":2},"a":{"a":0,"k":[0,0],"ix":1},"s":{"a":0,"k":[100,100],"ix":3},"r":{"a":0,"k":0,"ix":6},"o":{"a":0,"k":100,"ix":7},"sk":{"a":0,"k":0,"ix":4},"sa":{"a":0,"k":0,"ix":5},"nm":"Transform"}],"nm":"Group 7","np":2,"cix":2,"ix":7,"mn":"ADBE Vector Group"}],"ip":0,"op":300.00001221925,"st":0,"bm":0,"sr":1},{"ddd":0,"ind":19,"ty":0,"nm":"rocksauce drop4-03","refId":"comp_1","ks":{"o":{"a":0,"k":100},"r":{"a":0,"k":0},"p":{"a":0,"k":[102.5,49,0]},"a":{"a":0,"k":[200,200,0]},"s":{"a":0,"k":[30.5,30.5,100]}},"ao":0,"w":400,"h":400,"ip":0,"op":300.00001221925,"st":0,"bm":0,"sr":1}]},{"id":"comp_1","layers":[{"ddd":0,"ind":1,"ty":4,"nm":"rocksauce drop4-04 Outlines","ks":{"o":{"a":0,"k":100},"r":{"a":0,"k":0},"p":{"a":0,"k":[200,200,0]},"a":{"a":0,"k":[200,200,0]},"s":{"a":0,"k":[100,100,100]}},"ao":0,"shapes":[{"ty":"gr","it":[{"ind":0,"ty":"sh","ix":1,"ks":{"a":0,"k":{"i":[[17.299,0],[0,17.299],[-17.299,0],[0,-17.299]],"o":[[-17.299,0],[0,-17.299],[17.299,0],[0,17.299]],"v":[[0,31.323],[-31.323,0],[0,-31.323],[31.323,0]],"c":true}},"nm":"Path 1","mn":"ADBE Vector Shape - Group"},{"ty":"st","c":{"a":0,"k":[0.9999999,0.9999999,1,1]},"o":{"a":0,"k":100},"w":{"a":0,"k":7},"lc":2,"lj":2,"nm":"Stroke 1","mn":"ADBE Vector Graphic - Stroke"},{"ty":"tr","p":{"a":0,"k":[195.015,194.09],"ix":2},"a":{"a":0,"k":[0,0],"ix":1},"s":{"a":0,"k":[100,100],"ix":3},"r":{"a":0,"k":0,"ix":6},"o":{"a":0,"k":100,"ix":7},"sk":{"a":0,"k":0,"ix":4},"sa":{"a":0,"k":0,"ix":5},"nm":"Transform"}],"nm":"Group 1","np":2,"cix":2,"ix":1,"mn":"ADBE Vector Group"},{"ty":"tm","s":{"a":1,"k":[{"i":{"x":[0.833],"y":[0.833]},"o":{"x":[0.333],"y":[0.333]},"n":["0p833_0p833_0p333_0p333"],"t":0,"s":[0],"e":[0]},{"i":{"x":[0.667],"y":[1]},"o":{"x":[0.333],"y":[0]},"n":["0p667_1_0p333_0"],"t":17.424,"s":[0],"e":[100]},{"t":44.3750018074308}],"ix":1},"e":{"a":1,"k":[{"i":{"x":[0.667],"y":[1]},"o":{"x":[0.167],"y":[0.167]},"n":["0p667_1_0p167_0p167"],"t":0,"s":[0],"e":[100]},{"t":17.4237507096839}],"ix":2},"o":{"a":0,"k":0,"ix":3},"m":1,"ix":2,"nm":"Trim Paths 1","mn":"ADBE Vector Filter - Trim"}],"ip":0,"op":306.000012463636,"st":0,"bm":0,"sr":1},{"ddd":0,"ind":2,"ty":4,"nm":"rocksauce drop4-06 Outlines","ks":{"o":{"a":0,"k":100},"r":{"a":0,"k":0},"p":{"a":0,"k":[196.825,252.91,0]},"a":{"a":0,"k":[196.825,252.91,0]},"s":{"a":0,"k":[100,100,100]}},"ao":0,"shapes":[{"ty":"gr","it":[{"ind":0,"ty":"sh","ix":1,"ks":{"a":0,"k":{"i":[[0,0],[0,32.214],[12.321,15.637],[0,0],[2.884,-4.567],[0,0],[0,-21.23],[-47.946,0],[-13.424,8.263],[0,0],[0,9.039],[0,0],[34.132,0],[0,-34.132],[0,0]],"o":[[24.284,-14.947],[0,-21.822],[0,0],[-2.933,-4.535],[0,0],[-11.725,15.442],[0,50.022],[17.068,0],[0,0],[6.811,-5.941],[0,0],[0,-34.132],[-34.133,0],[0,0],[0,0]],"v":[[46.411,109.178],[86.814,35.289],[67.094,-22.189],[5.393,-117.568],[-7.072,-117.5],[-68.085,-20.906],[-86.814,35.289],[0.001,122.103],[46.411,109.178],[49.579,106.414],[60.301,82.836],[60.301,79.586],[-1.501,17.785],[-63.302,79.586],[-63.302,95.499]],"c":false}},"nm":"Path 1","mn":"ADBE Vector Shape - Group"},{"ty":"st","c":{"a":0,"k":[0.9999999,0.9999999,1,1]},"o":{"a":0,"k":100},"w":{"a":0,"k":7},"lc":2,"lj":2,"nm":"Stroke 1","mn":"ADBE Vector Graphic - Stroke"},{"ty":"tr","p":{"a":0,"k":[196.516,233.52],"ix":2},"a":{"a":0,"k":[0,0],"ix":1},"s":{"a":0,"k":[100,100],"ix":3},"r":{"a":0,"k":0,"ix":6},"o":{"a":0,"k":100,"ix":7},"sk":{"a":0,"k":0,"ix":4},"sa":{"a":0,"k":0,"ix":5},"nm":"Transform"}],"nm":"Group 1","np":2,"cix":2,"ix":1,"mn":"ADBE Vector Group"},{"ty":"tm","s":{"a":1,"k":[{"i":{"x":[0.667],"y":[1]},"o":{"x":[0.333],"y":[0]},"n":["0p667_1_0p333_0"],"t":0,"s":[100],"e":[76]},{"i":{"x":[0.674],"y":[0.627]},"o":{"x":[0.312],"y":[0.052]},"n":["0p674_0p627_0p312_0p052"],"t":17.424,"s":[76],"e":[30.412]},{"i":{"x":[0.75],"y":[1.009]},"o":{"x":[0.393],"y":[0.193]},"n":["0p75_1p009_0p393_0p193"],"t":50.726,"s":[30.412],"e":[0]},{"t":60.2550024542365}],"ix":1},"e":{"a":1,"k":[{"i":{"x":[0.833],"y":[0.833]},"o":{"x":[0.167],"y":[0.167]},"n":["0p833_0p833_0p167_0p167"],"t":0,"s":[100],"e":[100]},{"i":{"x":[0.667],"y":[1]},"o":{"x":[0.333],"y":[0]},"n":["0p667_1_0p333_0"],"t":17.424,"s":[100],"e":[73]},{"t":60.2550024542365}],"ix":2},"o":{"a":0,"k":0,"ix":3},"m":1,"ix":2,"nm":"Trim Paths 1","mn":"ADBE Vector Filter - Trim"}],"ip":0,"op":306.000012463636,"st":0,"bm":0,"sr":1},{"ddd":0,"ind":3,"ty":4,"nm":"rocksauce drop4-01 Outlines","ks":{"o":{"a":1,"k":[{"i":{"x":[0.833],"y":[0.833]},"o":{"x":[0.167],"y":[0.167]},"n":["0p833_0p833_0p167_0p167"],"t":62.62,"s":[100],"e":[0]},{"t":63.5375025879354}]},"r":{"a":0,"k":0},"p":{"a":0,"k":[194.709,251.852,0]},"a":{"a":0,"k":[194.709,251.852,0]},"s":{"a":1,"k":[{"i":{"x":[0.667,0.667,0.667],"y":[1,1,0.667]},"o":{"x":[0.167,0.167,0.167],"y":[0.167,0.167,0.167]},"n":["0p667_1_0p167_0p167","0p667_1_0p167_0p167","0p667_0p667_0p167_0p167"],"t":59.764,"s":[100,100,100],"e":[129,129,100]},{"i":{"x":[0.833,0.833,0.833],"y":[0.833,0.833,0.833]},"o":{"x":[0.333,0.333,0.333],"y":[0,0,0.333]},"n":["0p833_0p833_0p333_0","0p833_0p833_0p333_0","0p833_0p833_0p333_0p333"],"t":62.513,"s":[129,129,100],"e":[100,100,100]},{"t":65.2625026581961}]}},"ao":0,"shapes":[{"ty":"gr","it":[{"ind":0,"ty":"sh","ix":1,"ks":{"a":0,"k":{"i":[[0,0],[0,0],[0,0],[0,0]],"o":[[0,0],[0,0],[0,0],[0,0]],"v":[[-5.283,70.791],[6.771,13.703],[-24.692,13.703],[24.692,-70.791]],"c":false}},"nm":"Path 1","mn":"ADBE Vector Shape - Group"},{"ty":"st","c":{"a":0,"k":[0.9999999,0.9999999,1,1]},"o":{"a":0,"k":100},"w":{"a":0,"k":6.21},"lc":2,"lj":2,"nm":"Stroke 1","mn":"ADBE Vector Graphic - Stroke"},{"ty":"tr","p":{"a":0,"k":[186.92,253.088],"ix":2},"a":{"a":0,"k":[0,0],"ix":1},"s":{"a":0,"k":[100,100],"ix":3},"r":{"a":0,"k":0,"ix":6},"o":{"a":0,"k":100,"ix":7},"sk":{"a":0,"k":0,"ix":4},"sa":{"a":0,"k":0,"ix":5},"nm":"Transform"}],"nm":"Group 1","np":2,"cix":2,"ix":1,"mn":"ADBE Vector Group"},{"ty":"tm","s":{"a":1,"k":[{"i":{"x":[0.667],"y":[1]},"o":{"x":[0.333],"y":[0]},"n":["0p667_1_0p333_0"],"t":41.199,"s":[100],"e":[0]},{"t":60.2550024542365}],"ix":1},"e":{"a":0,"k":100,"ix":2},"o":{"a":0,"k":0,"ix":3},"m":1,"ix":2,"nm":"Trim Paths 1","mn":"ADBE Vector Filter - Trim"}],"ip":0,"op":306.000012463636,"st":0,"bm":0,"sr":1},{"ddd":0,"ind":4,"ty":4,"nm":"rocksauce drop4-03 Outlines","ks":{"o":{"a":1,"k":[{"i":{"x":[0.833],"y":[0.833]},"o":{"x":[0.167],"y":[0.167]},"n":["0p833_0p833_0p167_0p167"],"t":62.62,"s":[100],"e":[0]},{"t":63.5375025879354}]},"r":{"a":0,"k":0},"p":{"a":0,"k":[196.825,251.852,0]},"a":{"a":0,"k":[196.825,251.852,0]},"s":{"a":1,"k":[{"i":{"x":[0.667,0.667,0.667],"y":[1,1,0.667]},"o":{"x":[0.167,0.167,0.167],"y":[0.167,0.167,0.167]},"n":["0p667_1_0p167_0p167","0p667_1_0p167_0p167","0p667_0p667_0p167_0p167"],"t":59.764,"s":[100,100,100],"e":[129,129,100]},{"i":{"x":[0.833,0.833,0.833],"y":[0.833,0.833,0.833]},"o":{"x":[0.333,0.333,0.333],"y":[0,0,0.333]},"n":["0p833_0p833_0p333_0","0p833_0p833_0p333_0","0p833_0p833_0p333_0p333"],"t":62.513,"s":[129,129,100],"e":[100,100,100]},{"t":65.2625026581961}]}},"ao":0,"shapes":[{"ty":"gr","it":[{"ind":0,"ty":"sh","ix":1,"ks":{"a":0,"k":{"i":[[0,0],[0,0],[0,0],[0,0],[0,0],[7.487,19.396],[0,0],[-0.15,2.458],[0,0],[3.668,0],[0,0],[-0.222,-3.662],[0,0],[-0.75,-0.998],[0,0],[-1.456,-0.391],[0,-3.731],[4.886,0.567],[0.535,3.529],[-1.851,1.734]],"o":[[0,0],[0,0],[0,0],[0,0],[3.395,-20.513],[0,0],[-0.532,-2.405],[0,0],[0.223,-3.662],[0,0],[-3.668,0],[0,0],[0.075,1.247],[0,0],[0.905,1.206],[3.439,0.923],[0,4.774],[-3.545,-0.412],[-0.428,-2.819],[0,0]],"v":[[-24.692,137.981],[24.692,53.487],[-6.771,53.487],[5.283,-3.6],[5.677,-5.984],[-0.575,-66.939],[-2.233,-71.236],[-2.811,-78.566],[0.379,-131.227],[-5.976,-137.981],[-16.641,-137.981],[-22.997,-131.227],[-19.697,-76.772],[-18.431,-73.33],[-12.964,-66.054],[-9.285,-63.67],[-3.315,-55.877],[-12.346,-47.866],[-19.349,-54.614],[-16.893,-61.766]],"c":false}},"nm":"Path 1","mn":"ADBE Vector Shape - Group"},{"ty":"st","c":{"a":0,"k":[0.9999999,0.9999999,1,1]},"o":{"a":0,"k":100},"w":{"a":0,"k":6.21},"lc":2,"lj":2,"nm":"Stroke 1","mn":"ADBE Vector Graphic - Stroke"},{"ty":"tr","p":{"a":0,"k":[206.329,185.898],"ix":2},"a":{"a":0,"k":[0,0],"ix":1},"s":{"a":0,"k":[100,100],"ix":3},"r":{"a":0,"k":0,"ix":6},"o":{"a":0,"k":100,"ix":7},"sk":{"a":0,"k":0,"ix":4},"sa":{"a":0,"k":0,"ix":5},"nm":"Transform"}],"nm":"Group 1","np":2,"cix":2,"ix":1,"mn":"ADBE Vector Group"},{"ty":"tm","s":{"a":1,"k":[{"i":{"x":[0.667],"y":[1]},"o":{"x":[0.333],"y":[0]},"n":["0p667_1_0p333_0"],"t":17.424,"s":[100],"e":[56]},{"i":{"x":[0.667],"y":[1]},"o":{"x":[0.333],"y":[0]},"n":["0p667_1_0p333_0"],"t":34.848,"s":[56],"e":[0]},{"t":58.6662523895253}],"ix":1},"e":{"a":1,"k":[{"i":{"x":[0.667],"y":[0.667]},"o":{"x":[0.333],"y":[0.333]},"n":["0p667_0p667_0p333_0p333"],"t":17.424,"s":[100],"e":[100]},{"i":{"x":[0.348],"y":[0.959]},"o":{"x":[0.437],"y":[0]},"n":["0p348_0p959_0p437_0"],"t":34.848,"s":[100],"e":[39.866]},{"t":58.6662523895253}],"ix":2},"o":{"a":0,"k":0,"ix":3},"m":1,"ix":2,"nm":"Trim Paths 1","mn":"ADBE Vector Filter - Trim"}],"ip":0,"op":306.000012463636,"st":0,"bm":0,"sr":1},{"ddd":0,"ind":5,"ty":4,"nm":"rocksauce drop4-02 Outlines","ks":{"o":{"a":0,"k":100},"r":{"a":0,"k":0},"p":{"a":0,"k":[196.825,252.91,0]},"a":{"a":0,"k":[196.825,252.91,0]},"s":{"a":1,"k":[{"i":{"x":[0.667,0.667,0.667],"y":[1,1,0.667]},"o":{"x":[0.167,0.167,0.167],"y":[0.167,0.167,0.167]},"n":["0p667_1_0p167_0p167","0p667_1_0p167_0p167","0p667_0p667_0p167_0p167"],"t":59.873,"s":[100,100,100],"e":[129,129,100]},{"i":{"x":[0.833,0.833,0.833],"y":[0.833,0.833,0.833]},"o":{"x":[0.333,0.333,0.333],"y":[0,0,0.333]},"n":["0p833_0p833_0p333_0","0p833_0p833_0p333_0","0p833_0p833_0p333_0p333"],"t":62.62,"s":[129,129,100],"e":[100,100,100]},{"t":65.3700026625747}]}},"ao":0,"shapes":[{"ty":"gr","it":[{"ind":0,"ty":"sh","ix":1,"ks":{"a":0,"k":{"i":[[0,0],[0,0],[0,0],[0,0],[0,0],[0,0]],"o":[[0,0],[0,0],[0,0],[0,0],[0,0],[0,0]],"v":[[14.987,-70.791],[2.933,-13.704],[34.396,-13.704],[-14.988,70.791],[-2.934,13.703],[-34.396,13.703]],"c":true}},"nm":"Path 1","mn":"ADBE Vector Shape - Group"},{"ty":"fl","c":{"a":0,"k":[0.9999999,0.9999999,1,1]},"o":{"a":1,"k":[{"i":{"x":[0.833],"y":[0.833]},"o":{"x":[0.167],"y":[0.167]},"n":["0p833_0p833_0p167_0p167"],"t":62.164,"s":[0],"e":[100]},{"t":66.0000026882351}]},"r":1,"nm":"Fill 1","mn":"ADBE Vector Graphic - Fill"},{"ty":"tr","p":{"a":0,"k":[196.624,253.088],"ix":2},"a":{"a":0,"k":[0,0],"ix":1},"s":{"a":0,"k":[100,100],"ix":3},"r":{"a":0,"k":0,"ix":6},"o":{"a":0,"k":100,"ix":7},"sk":{"a":0,"k":0,"ix":4},"sa":{"a":0,"k":0,"ix":5},"nm":"Transform"}],"nm":"Group 1","np":2,"cix":2,"ix":1,"mn":"ADBE Vector Group"}],"ip":0,"op":306.000012463636,"st":0,"bm":0,"sr":1}]}],"layers":[{"ddd":0,"ind":1,"ty":0,"nm":"animate name","refId":"comp_0","ks":{"o":{"a":0,"k":100},"r":{"a":0,"k":0},"p":{"a":1,"k":[{"i":{"x":0.833,"y":0.827},"o":{"x":0.333,"y":0},"n":"0p833_0p827_0p333_0","t":59,"s":[302,357.195,0],"e":[215.034,321.103,0],"to":[-1.28792655467987,-0.22728115320206,0],"ti":[12.2249755859375,2.1573486328125,0]},{"i":{"x":0.667,"y":1},"o":{"x":0.167,"y":0.159},"n":"0p667_1_0p167_0p159","t":91,"s":[215.034,321.103,0],"e":[147,302,0],"to":[-44.3300094604492,-7.82294273376465,0],"ti":[2.50954937934875,0.44286167621613,0]},{"t":113.147504608592}]},"a":{"a":0,"k":[101,65,0]},"s":{"a":1,"k":[{"i":{"x":[0.63,0.63,0.833],"y":[0.741,0.741,0.833]},"o":{"x":[0.333,0.333,0.333],"y":[0,0,0.333]},"n":["0p63_0p741_0p333_0","0p63_0p741_0p333_0","0p833_0p833_0p333_0p333"],"t":59,"s":[531.205,531.205,100],"e":[169.276,169.276,100]},{"i":{"x":[0.833,0.833,0.833],"y":[0.868,0.868,0.833]},"o":{"x":[0.186,0.186,0.167],"y":[0.276,0.276,0.167]},"n":["0p833_0p868_0p186_0p276","0p833_0p868_0p186_0p276","0p833_0p833_0p167_0p167"],"t":91.009,"s":[169.276,169.276,100],"e":[122.076,122.076,100]},{"i":{"x":[0.833,0.833,0.833],"y":[1,1,0.833]},"o":{"x":[0.167,0.167,0.167],"y":[0.202,0.202,0.167]},"n":["0p833_1_0p167_0p202","0p833_1_0p167_0p202","0p833_0p833_0p167_0p167"],"t":99.865,"s":[122.076,122.076,100],"e":[76,76,100]},{"t":113.147504608592}]}},"ao":0,"w":620,"h":142,"ip":0,"op":300.00001221925,"st":0,"bm":0,"sr":1}]}