{"v":"4.5.7","fr":30,"ip":0,"op":180,"w":600,"h":600,"ddd":0,"assets":[],"layers":[{"ddd":0,"ind":0,"ty":4,"nm":"Bar 4","ks":{"o":{"a":0,"k":100},"r":{"a":0,"k":90},"p":{"a":0,"k":[402.2,281.819,0]},"a":{"a":0,"k":[102.2,17.819,0]},"s":{"a":0,"k":[100,100,100]}},"ao":0,"shapes":[{"ty":"gr","it":[{"ind":0,"ty":"sh","ks":{"a":0,"k":{"i":[[0,0],[0,0]],"o":[[0,0],[0,0]],"v":[[159,-38.5],[100,20]],"c":false}},"nm":"Path 1","mn":"ADBE Vector Shape - Group"},{"ty":"st","c":{"a":0,"k":[0.18,0.8,0.44,1]},"o":{"a":0,"k":100},"w":{"a":0,"k":8},"lc":2,"lj":1,"ml":4,"nm":"Stroke 1","mn":"ADBE Vector Graphic - Stroke"},{"ty":"tr","p":{"a":0,"k":[0,0],"ix":2},"a":{"a":0,"k":[0,0],"ix":1},"s":{"a":0,"k":[100,100],"ix":3},"r":{"a":0,"k":0,"ix":6},"o":{"a":0,"k":100,"ix":7},"sk":{"a":0,"k":0,"ix":4},"sa":{"a":0,"k":0,"ix":5},"nm":"Transform"}],"nm":"Shape 1","np":3,"mn":"ADBE Vector Group"},{"ty":"tm","s":{"a":1,"k":[{"i":{"x":[0.1],"y":[1]},"o":{"x":[0.9],"y":[0]},"n":["0p1_1_0p9_0"],"t":34,"s":[100],"e":[0]},{"t":54}],"ix":1},"e":{"a":1,"k":[{"i":{"x":[0.1],"y":[1]},"o":{"x":[0.9],"y":[0]},"n":["0p1_1_0p9_0"],"t":30,"s":[33],"e":[0]},{"t":50}],"ix":2},"o":{"a":0,"k":0,"ix":3},"m":1,"ix":2,"nm":"Trim Paths 1","mn":"ADBE Vector Filter - Trim"}],"ip":0,"op":46,"st":-173,"bm":0,"sr":1},{"ddd":0,"ind":1,"ty":4,"nm":"Bar 3","ks":{"o":{"a":0,"k":100},"r":{"a":0,"k":0},"p":{"a":0,"k":[440.5,280,0]},"a":{"a":0,"k":[140.5,-20,0]},"s":{"a":0,"k":[100,100,100]}},"ao":0,"shapes":[{"ty":"gr","it":[{"ind":0,"ty":"sh","ks":{"a":0,"k":{"i":[[0,0],[0,0]],"o":[[0,0],[0,0]],"v":[[159,-38.5],[100,20]],"c":false}},"nm":"Path 1","mn":"ADBE Vector Shape - Group"},{"ty":"st","c":{"a":0,"k":[0.18,0.8,0.44,1]},"o":{"a":0,"k":100},"w":{"a":0,"k":8},"lc":2,"lj":1,"ml":4,"nm":"Stroke 1","mn":"ADBE Vector Graphic - Stroke"},{"ty":"tr","p":{"a":0,"k":[0,0],"ix":2},"a":{"a":0,"k":[0,0],"ix":1},"s":{"a":0,"k":[100,100],"ix":3},"r":{"a":0,"k":0,"ix":6},"o":{"a":0,"k":100,"ix":7},"sk":{"a":0,"k":0,"ix":4},"sa":{"a":0,"k":0,"ix":5},"nm":"Transform"}],"nm":"Shape 1","np":3,"mn":"ADBE Vector Group"},{"ty":"tm","s":{"a":1,"k":[{"i":{"x":[0.1],"y":[1]},"o":{"x":[0.9],"y":[0]},"n":["0p1_1_0p9_0"],"t":34,"s":[100],"e":[0]},{"t":54}],"ix":1},"e":{"a":1,"k":[{"i":{"x":[0.1],"y":[1]},"o":{"x":[0.9],"y":[0]},"n":["0p1_1_0p9_0"],"t":30,"s":[33],"e":[0]},{"t":50}],"ix":2},"o":{"a":0,"k":0,"ix":3},"m":1,"ix":2,"nm":"Trim Paths 1","mn":"ADBE Vector Filter - Trim"}],"ip":0,"op":46,"st":-173,"bm":0,"sr":1},{"ddd":0,"ind":2,"ty":4,"nm":"Bar 2","ks":{"o":{"a":0,"k":100},"r":{"a":0,"k":90},"p":{"a":0,"k":[402.2,281.819,0]},"a":{"a":0,"k":[102.2,17.819,0]},"s":{"a":0,"k":[100,100,100]}},"ao":0,"shapes":[{"ty":"gr","it":[{"ind":0,"ty":"sh","ks":{"a":0,"k":{"i":[[0,0],[0,0]],"o":[[0,0],[0,0]],"v":[[159,-38.5],[100,20]],"c":false}},"nm":"Path 1","mn":"ADBE Vector Shape - Group"},{"ty":"st","c":{"a":0,"k":[0.18,0.8,0.44,1]},"o":{"a":0,"k":100},"w":{"a":0,"k":8},"lc":2,"lj":1,"ml":4,"nm":"Stroke 1","mn":"ADBE Vector Graphic - Stroke"},{"ty":"tr","p":{"a":0,"k":[0,0],"ix":2},"a":{"a":0,"k":[0,0],"ix":1},"s":{"a":0,"k":[100,100],"ix":3},"r":{"a":0,"k":0,"ix":6},"o":{"a":0,"k":100,"ix":7},"sk":{"a":0,"k":0,"ix":4},"sa":{"a":0,"k":0,"ix":5},"nm":"Transform"}],"nm":"Shape 1","np":3,"mn":"ADBE Vector Group"},{"ty":"tm","s":{"a":1,"k":[{"i":{"x":[0.1],"y":[1]},"o":{"x":[0.9],"y":[0]},"n":["0p1_1_0p9_0"],"t":128,"s":[0],"e":[100]},{"t":148}],"ix":1},"e":{"a":1,"k":[{"i":{"x":[0.1],"y":[1]},"o":{"x":[0.9],"y":[0]},"n":["0p1_1_0p9_0"],"t":130,"s":[0],"e":[33]},{"t":150}],"ix":2},"o":{"a":0,"k":0,"ix":3},"m":1,"ix":2,"nm":"Trim Paths 1","mn":"ADBE Vector Filter - Trim"}],"ip":135,"op":180,"st":-37,"bm":0,"sr":1},{"ddd":0,"ind":3,"ty":4,"nm":"Bar","ks":{"o":{"a":0,"k":100},"r":{"a":0,"k":0},"p":{"a":0,"k":[440.5,280,0]},"a":{"a":0,"k":[140.5,-20,0]},"s":{"a":0,"k":[100,100,100]}},"ao":0,"shapes":[{"ty":"gr","it":[{"ind":0,"ty":"sh","ks":{"a":0,"k":{"i":[[0,0],[0,0]],"o":[[0,0],[0,0]],"v":[[159,-38.5],[100,20]],"c":false}},"nm":"Path 1","mn":"ADBE Vector Shape - Group"},{"ty":"st","c":{"a":0,"k":[0.18,0.8,0.44,1]},"o":{"a":0,"k":100},"w":{"a":0,"k":8},"lc":2,"lj":1,"ml":4,"nm":"Stroke 1","mn":"ADBE Vector Graphic - Stroke"},{"ty":"tr","p":{"a":0,"k":[0,0],"ix":2},"a":{"a":0,"k":[0,0],"ix":1},"s":{"a":0,"k":[100,100],"ix":3},"r":{"a":0,"k":0,"ix":6},"o":{"a":0,"k":100,"ix":7},"sk":{"a":0,"k":0,"ix":4},"sa":{"a":0,"k":0,"ix":5},"nm":"Transform"}],"nm":"Shape 1","np":3,"mn":"ADBE Vector Group"},{"ty":"tm","s":{"a":1,"k":[{"i":{"x":[0.1],"y":[1]},"o":{"x":[0.9],"y":[0]},"n":["0p1_1_0p9_0"],"t":128,"s":[0],"e":[100]},{"t":148}],"ix":1},"e":{"a":1,"k":[{"i":{"x":[0.1],"y":[1]},"o":{"x":[0.9],"y":[0]},"n":["0p1_1_0p9_0"],"t":130,"s":[0],"e":[33]},{"t":150}],"ix":2},"o":{"a":0,"k":0,"ix":3},"m":1,"ix":2,"nm":"Trim Paths 1","mn":"ADBE Vector Filter - Trim"}],"ip":135,"op":180,"st":-37,"bm":0,"sr":1},{"ddd":0,"ind":4,"ty":4,"nm":"Handle","ks":{"o":{"a":0,"k":100},"r":{"a":0,"k":0},"p":{"a":0,"k":[300,300,0]},"a":{"a":0,"k":[0,0,0]},"s":{"a":0,"k":[100,100,100]}},"ao":0,"ef":[{"ty":5,"nm":"Offset - Trim Paths 1 - Overshoot","mn":"ADBE Slider Control","ix":1,"en":1,"ef":[{"ty":0,"nm":"Slider","mn":"ADBE Slider Control-0001","ix":1,"v":{"a":0,"k":20,"x":"var $bm_rt;\n$bm_rt = clamp(value, 0, 100);"}}]},{"ty":5,"nm":"Offset - Trim Paths 1 - Bounce","mn":"ADBE Slider Control","ix":2,"en":1,"ef":[{"ty":0,"nm":"Slider","mn":"ADBE Slider Control-0001","ix":1,"v":{"a":0,"k":40,"x":"var $bm_rt;\n$bm_rt = clamp(value, 0, 100);"}}]},{"ty":5,"nm":"Offset - Trim Paths 1 - Friction","mn":"ADBE Slider Control","ix":3,"en":1,"ef":[{"ty":0,"nm":"Slider","mn":"ADBE Slider Control-0001","ix":1,"v":{"a":0,"k":40,"x":"var $bm_rt;\n$bm_rt = clamp(value, 0, 100);"}}]},{"ty":5,"nm":"End - Trim Paths 1 - Overshoot","mn":"ADBE Slider Control","ix":4,"en":1,"ef":[{"ty":0,"nm":"Slider","mn":"ADBE Slider Control-0001","ix":1,"v":{"a":0,"k":20,"x":"var $bm_rt;\n$bm_rt = clamp(value, 0, 100);"}}]},{"ty":5,"nm":"End - Trim Paths 1 - Bounce","mn":"ADBE Slider Control","ix":5,"en":1,"ef":[{"ty":0,"nm":"Slider","mn":"ADBE Slider Control-0001","ix":1,"v":{"a":0,"k":40,"x":"var $bm_rt;\n$bm_rt = clamp(value, 0, 100);"}}]},{"ty":5,"nm":"End - Trim Paths 1 - Friction","mn":"ADBE Slider Control","ix":6,"en":1,"ef":[{"ty":0,"nm":"Slider","mn":"ADBE Slider Control-0001","ix":1,"v":{"a":0,"k":40,"x":"var $bm_rt;\n$bm_rt = clamp(value, 0, 100);"}}]}],"shapes":[{"ty":"gr","it":[{"ind":0,"ty":"sh","ks":{"a":0,"k":{"i":[[0,0],[0,0]],"o":[[0,0],[0,0]],"v":[[32.75,32.25],[60.25,59.75]],"c":false}},"nm":"Path 1","mn":"ADBE Vector Shape - Group"},{"ty":"st","c":{"a":0,"k":[0.18,0.8,0.44,1]},"o":{"a":0,"k":100},"w":{"a":0,"k":8},"lc":1,"lj":1,"ml":4,"nm":"Stroke 1","mn":"ADBE Vector Graphic - Stroke"},{"ty":"tr","p":{"a":0,"k":[0,0],"ix":2},"a":{"a":0,"k":[0,0],"ix":1},"s":{"a":0,"k":[100,100],"ix":3},"r":{"a":0,"k":0,"ix":6},"o":{"a":0,"k":100,"ix":7},"sk":{"a":0,"k":0,"ix":4},"sa":{"a":0,"k":0,"ix":5},"nm":"Transform"}],"nm":"Shape 1","np":3,"mn":"ADBE Vector Group"},{"ty":"tm","s":{"a":0,"k":0,"ix":1},"e":{"a":1,"k":[{"i":{"x":[0.1],"y":[1]},"o":{"x":[0.9],"y":[0]},"n":["0p1_1_0p9_0"],"t":44,"s":[0],"e":[100]},{"i":{"x":[0.1],"y":[0.1]},"o":{"x":[0.9],"y":[0.9]},"n":["0p1_0p1_0p9_0p9"],"t":64,"s":[100],"e":[100]},{"i":{"x":[0.1],"y":[1]},"o":{"x":[0.9],"y":[0]},"n":["0p1_1_0p9_0"],"t":116,"s":[100],"e":[0]},{"t":136}],"ix":2},"o":{"a":0,"k":0,"ix":3},"m":1,"ix":2,"nm":"Trim Paths 1","mn":"ADBE Vector Filter - Trim"}],"ip":55,"op":126,"st":5,"bm":0,"sr":1},{"ddd":0,"ind":5,"ty":4,"nm":"Button","ks":{"o":{"a":0,"k":100},"r":{"a":0,"k":0},"p":{"a":0,"k":[300,300,0]},"a":{"a":0,"k":[0,0,0]},"s":{"a":0,"k":[50,50,100]}},"ao":0,"shapes":[{"ty":"gr","it":[{"ind":0,"ty":"sh","ks":{"a":1,"k":[{"i":{"x":0.1,"y":1},"o":{"x":0.9,"y":0},"n":"0p1_1_0p9_0","t":40,"s":[{"i":[[0,0],[0,51.004],[-51.004,0],[0,0],[0,-51.004],[51.005,0]],"o":[[-51.004,0],[0,-51.004],[0,0],[51.005,0],[0,51.004],[0,0]],"v":[[-272,92.5],[-364.5,0],[-272,-92.5],[272,-92.5],[364.5,0],[272,92.5]],"c":true}],"e":[{"i":[[0,0],[0,51.004],[-51.004,0],[0,0],[0,-51.004],[51.005,0]],"o":[[-51.004,0],[0,-51.004],[0,0],[51.005,0],[0,51.004],[0,0]],"v":[[0,92],[-92.5,-0.5],[0,-93],[1,-92.5],[93.5,0],[1,92.5]],"c":true}]},{"i":{"x":0.1,"y":1},"o":{"x":0.9,"y":0},"n":"0p1_1_0p9_0","t":60,"s":[{"i":[[0,0],[0,51.004],[-51.004,0],[0,0],[0,-51.004],[51.005,0]],"o":[[-51.004,0],[0,-51.004],[0,0],[51.005,0],[0,51.004],[0,0]],"v":[[0,92],[-92.5,-0.5],[0,-93],[1,-92.5],[93.5,0],[1,92.5]],"c":true}],"e":[{"i":[[0,0],[0,51.004],[-51.004,0],[0,0],[0,-51.004],[51.005,0]],"o":[[-51.004,0],[0,-51.004],[0,0],[51.005,0],[0,51.004],[0,0]],"v":[[0,92],[-92.5,-0.5],[0,-93],[1,-92.5],[93.5,0],[1,92.5]],"c":true}]},{"i":{"x":0.1,"y":1},"o":{"x":0.9,"y":0},"n":"0p1_1_0p9_0","t":120,"s":[{"i":[[0,0],[0,51.004],[-51.004,0],[0,0],[0,-51.004],[51.005,0]],"o":[[-51.004,0],[0,-51.004],[0,0],[51.005,0],[0,51.004],[0,0]],"v":[[0,92],[-92.5,-0.5],[0,-93],[1,-92.5],[93.5,0],[1,92.5]],"c":true}],"e":[{"i":[[0,0],[0,51.004],[-51.004,0],[0,0],[0,-51.004],[51.005,0]],"o":[[-51.004,0],[0,-51.004],[0,0],[51.005,0],[0,51.004],[0,0]],"v":[[-272,92.5],[-364.5,0],[-272,-92.5],[272,-92.5],[364.5,0],[272,92.5]],"c":true}]},{"t":140}]},"nm":"Path 1","mn":"ADBE Vector Shape - Group"},{"ty":"st","c":{"a":0,"k":[0.18,0.8,0.44,1]},"o":{"a":0,"k":100},"w":{"a":0,"k":16},"lc":1,"lj":1,"ml":4,"nm":"Stroke 1","mn":"ADBE Vector Graphic - Stroke"},{"ty":"tr","p":{"a":0,"k":[0,0],"ix":2},"a":{"a":0,"k":[0,0],"ix":1},"s":{"a":0,"k":[100,100],"ix":3},"r":{"a":0,"k":0,"ix":6},"o":{"a":0,"k":100,"ix":7},"sk":{"a":0,"k":0,"ix":4},"sa":{"a":0,"k":0,"ix":5},"nm":"Transform"}],"nm":"Shape 1","np":3,"mn":"ADBE Vector Group"}],"ip":0,"op":180,"st":5,"bm":0,"sr":1}]}