{"v":"4.6.6","fr":24,"ip":0,"op":72,"w":500,"h":500,"nm":"Comp 2","ddd":0,"assets":[],"layers":[{"ddd":0,"ind":1,"ty":4,"nm":"Shape Layer 2","ks":{"o":{"a":0,"k":100},"r":{"a":1,"k":[{"i":{"x":[0.833],"y":[0.833]},"o":{"x":[0.167],"y":[0.167]},"n":["0p833_0p833_0p167_0p167"],"t":0,"s":[0],"e":[1080]},{"t":72}]},"p":{"a":0,"k":[250,250,0]},"a":{"a":0,"k":[0,0,0]},"s":{"a":0,"k":[100,100,100]}},"ao":0,"shapes":[{"ty":"rc","d":1,"s":{"a":0,"k":[150,50]},"p":{"a":0,"k":[50,0]},"r":{"a":0,"k":170},"nm":"Rectangle Path 2","mn":"ADBE Vector Shape - Rect"},{"ty":"fl","c":{"a":0,"k":[0.372549,0.9254902,0.6717879,1]},"o":{"a":0,"k":100},"r":1,"nm":"Fill 1","mn":"ADBE Vector Graphic - Fill"}],"ip":0,"op":73,"st":0,"bm":0,"sr":1},{"ddd":0,"ind":2,"ty":4,"nm":"Shape Layer 3","ks":{"o":{"a":0,"k":100},"r":{"a":1,"k":[{"i":{"x":[0.833],"y":[0.833]},"o":{"x":[0.167],"y":[0.167]},"n":["0p833_0p833_0p167_0p167"],"t":0,"s":[0],"e":[360]},{"t":72}]},"p":{"a":0,"k":[250,250,0]},"a":{"a":0,"k":[0,0,0]},"s":{"a":0,"k":[100,100,100]}},"ao":0,"shapes":[{"ty":"rc","d":1,"s":{"a":0,"k":[50,50]},"p":{"a":0,"k":[0,0]},"r":{"a":0,"k":170},"nm":"Rectangle Path 1","mn":"ADBE Vector Shape - Rect"},{"ty":"rc","d":1,"s":{"a":0,"k":[250,50]},"p":{"a":0,"k":[100,0]},"r":{"a":0,"k":170},"nm":"Rectangle Path 2","mn":"ADBE Vector Shape - Rect"},{"ty":"fl","c":{"a":0,"k":[0.9254902,0.372549,0.372549,1]},"o":{"a":0,"k":100},"r":1,"nm":"Fill 1","mn":"ADBE Vector Graphic - Fill"}],"ip":0,"op":73,"st":0,"bm":0,"sr":1},{"ddd":0,"ind":3,"ty":4,"nm":"Shape Layer 1","ks":{"o":{"a":0,"k":100},"r":{"a":0,"k":0},"p":{"a":0,"k":[250,250,0]},"a":{"a":0,"k":[0,0,0]},"s":{"a":0,"k":[100,100,100]}},"ao":0,"shapes":[{"d":1,"ty":"el","s":{"a":0,"k":[470,470]},"p":{"a":0,"k":[0,0]},"nm":"Ellipse Path 1","mn":"ADBE Vector Shape - Ellipse"},{"ty":"st","c":{"a":0,"k":[0.9254902,0.3738254,0.3738254,1]},"o":{"a":0,"k":100},"w":{"a":0,"k":25},"lc":1,"lj":1,"ml":4,"nm":"Stroke 1","mn":"ADBE Vector Graphic - Stroke"}],"ip":0,"op":73,"st":0,"bm":0,"sr":1}]}