{"assets":[],"fonts":{"list":[{"fName":"OpenSans-Bold","fFamily":"Open Sans","fStyle":"Bold","ascent":75.9994506835938}]},"layers":[{"ddd":0,"ind":0,"ty":5,"nm":"OFF","ks":{"o":{"k":[{"i":{"x":[0],"y":[1]},"o":{"x":[1],"y":[0]},"n":["0_1_1_0"],"t":67,"s":[30],"e":[100]},{"i":{"x":[0.833],"y":[0.833]},"o":{"x":[0.167],"y":[0.167]},"n":["0p833_0p833_0p167_0p167"],"t":77,"s":[100],"e":[100]},{"i":{"x":[0],"y":[1]},"o":{"x":[1],"y":[0]},"n":["0_1_1_0"],"t":127,"s":[100],"e":[30]},{"t":137}]},"r":{"k":0},"p":{"k":[488,154,0]},"a":{"k":[0.116,-8.235,0]},"s":{"k":[100,100,100]}},"ao":0,"t":{"d":{"k":[{"s":{"sz":[278,39],"ps":[-139,-19.5],"s":28,"f":"OpenSans-Bold","t":"OFF","j":2,"tr":0,"lh":33.6,"fc":[1,1,1]},"t":0}]},"p":{},"m":{"g":1,"a":{"k":[0,0]}},"a":[]},"ip":0,"op":1800,"st":0,"bm":0,"sr":1},{"ddd":0,"ind":1,"ty":5,"nm":"ON","ks":{"o":{"k":[{"i":{"x":[0],"y":[1]},"o":{"x":[1],"y":[0]},"n":["0_1_1_0"],"t":67,"s":[100],"e":[30]},{"i":{"x":[0.833],"y":[0.833]},"o":{"x":[0.167],"y":[0.167]},"n":["0p833_0p833_0p167_0p167"],"t":77,"s":[30],"e":[30]},{"i":{"x":[0],"y":[1]},"o":{"x":[1],"y":[0]},"n":["0_1_1_0"],"t":127,"s":[30],"e":[100]},{"t":137}]},"r":{"k":0},"p":{"k":[211,154,0]},"a":{"k":[0.116,-8.235,0]},"s":{"k":[100,100,100]}},"ao":0,"t":{"d":{"k":[{"s":{"sz":[278,39],"ps":[-139,-19.5],"s":28,"f":"OpenSans-Bold","t":"ON","j":2,"tr":0,"lh":33.6,"fc":[1,1,1]},"t":0}]},"p":{},"m":{"g":1,"a":{"k":[0,0]}},"a":[]},"ip":0,"op":1800,"st":0,"bm":0,"sr":1},{"ddd":0,"ind":2,"ty":4,"nm":"button","ks":{"o":{"k":100},"r":{"k":0},"p":{"s":true,"x":{"k":[{"i":{"x":[0.736],"y":[1]},"o":{"x":[0.409],"y":[0]},"n":["0p736_1_0p409_0"],"t":60,"s":[211.5],"e":[212.116]},{"i":{"x":[0.925],"y":[0.317]},"o":{"x":[1],"y":[0]},"n":["0p925_0p317_1_0"],"t":67,"s":[212.116],"e":[349]},{"i":{"x":[0],"y":[1]},"o":{"x":[0.063],"y":[0.691]},"n":["0_1_0p063_0p691"],"t":75,"s":[349],"e":[491]},{"i":{"x":[0.833],"y":[1]},"o":{"x":[0.333],"y":[0]},"n":["0p833_1_0p333_0"],"t":85,"s":[491],"e":[488]},{"i":{"x":[1],"y":[1]},"o":{"x":[0.167],"y":[0.167]},"n":["1_1_0p167_0p167"],"t":95,"s":[488],"e":[488]},{"i":{"x":[0.736],"y":[1]},"o":{"x":[0.409],"y":[0]},"n":["0p736_1_0p409_0"],"t":120,"s":[488],"e":[488.5]},{"i":{"x":[0.925],"y":[0.308]},"o":{"x":[1],"y":[0]},"n":["0p925_0p308_1_0"],"t":127,"s":[488.5],"e":[349]},{"i":{"x":[0],"y":[1]},"o":{"x":[0.059],"y":[0.682]},"n":["0_1_0p059_0p682"],"t":135,"s":[349],"e":[209]},{"i":{"x":[0.833],"y":[1]},"o":{"x":[0.333],"y":[0]},"n":["0p833_1_0p333_0"],"t":145,"s":[209],"e":[211.5]},{"t":155}]},"y":{"k":154}},"a":{"k":[69.75,19.25,0]},"s":{"k":[200,200,100]}},"ao":0,"shapes":[{"ty":"gr","it":[{"ind":0,"ty":"sh","ks":{"k":{"i":[[2.209,0],[0,0],[0,-2.209],[0,0],[-2.209,0],[0,0],[0,2.209],[0,0]],"o":[[0,0],[-2.209,0],[0,0],[0,2.209],[0,0],[2.209,0],[0,0],[0,-2.209]],"v":[[65.5,-19],[-65.5,-19],[-69.5,-15],[-69.5,15],[-65.5,19],[65.5,19],[69.5,15],[69.5,-15]],"c":true}},"nm":"Path 1","mn":"ADBE Vector Shape - Group"},{"ind":1,"ty":"sh","ks":{"k":{"i":[[0,0],[0,-1.654],[0,0],[1.654,0],[0,0],[0,1.654],[0,0],[-1.654,0]],"o":[[1.654,0],[0,0],[0,1.654],[0,0],[-1.654,0],[0,0],[0,-1.654],[0,0]],"v":[[65.5,-18],[68.5,-15],[68.5,15],[65.5,18],[-65.5,18],[-68.5,15],[-68.5,-15],[-65.5,-18]],"c":true}},"nm":"Path 2","mn":"ADBE Vector Shape - Group"},{"ty":"mm","mm":1,"nm":"Merge Paths 1","mn":"ADBE Vector Filter - Merge"},{"ty":"fl","fillEnabled":true,"c":{"k":[0.4,0.4,0.4,1]},"o":{"k":100},"nm":"Fill 1","mn":"ADBE Vector Graphic - Fill"},{"ty":"tr","p":{"k":[69.75,19.25],"ix":2},"a":{"k":[0,0],"ix":1},"s":{"k":[100,100],"ix":3},"r":{"k":0,"ix":6},"o":{"k":40,"ix":7},"sk":{"k":0,"ix":4},"sa":{"k":0,"ix":5},"nm":"Transform"}],"nm":"Group 1","np":4,"mn":"ADBE Vector Group"},{"ty":"gr","it":[{"ind":0,"ty":"sh","ks":{"k":{"i":[[-2.209,0],[0,0],[0,-2.209],[0,0],[2.209,0],[0,0],[0,2.209],[0,0]],"o":[[0,0],[2.209,0],[0,0],[0,2.209],[0,0],[-2.209,0],[0,0],[0,-2.209]],"v":[[-65.5,-19],[65.5,-19],[69.5,-15],[69.5,15],[65.5,19],[-65.5,19],[-69.5,15],[-69.5,-15]],"c":true}},"nm":"Path 1","mn":"ADBE Vector Shape - Group"},{"ty":"fl","fillEnabled":true,"c":{"k":[0.2,0.37,0.76,1]},"o":{"k":100},"nm":"Fill 1","mn":"ADBE Vector Graphic - Fill"},{"ty":"tr","p":{"k":[69.75,19.25],"ix":2},"a":{"k":[0,0],"ix":1},"s":{"k":[100,100],"ix":3},"r":{"k":0,"ix":6},"o":{"k":100,"ix":7},"sk":{"k":0,"ix":4},"sa":{"k":0,"ix":5},"nm":"Transform"}],"nm":"Group 2","np":2,"mn":"ADBE Vector Group"}],"ip":0,"op":1800,"st":0,"bm":0,"sr":1},{"ddd":0,"ind":3,"ty":4,"nm":"base","ks":{"o":{"k":100},"r":{"k":0},"p":{"k":[350,154.75,0]},"a":{"k":[140,20,0]},"s":{"k":[200,200,100]}},"ao":0,"shapes":[{"ty":"gr","it":[{"ind":0,"ty":"sh","ks":{"k":{"i":[[2.209,0],[0,0],[0,-2.209],[0,0],[-2.209,0],[0,0],[0,2.209],[0,0]],"o":[[0,0],[-2.209,0],[0,0],[0,2.209],[0,0],[2.209,0],[0,0],[0,-2.209]],"v":[[136,-20],[-136,-20],[-140,-16],[-140,16],[-136,20],[136,20],[140,16],[140,-16]],"c":true}},"nm":"Path 1","mn":"ADBE Vector Shape - Group"},{"ind":1,"ty":"sh","ks":{"k":{"i":[[0,0],[0,-1.654],[0,0],[1.654,0],[0,0],[0,1.654],[0,0],[-1.654,0]],"o":[[1.654,0],[0,0],[0,1.654],[0,0],[-1.654,0],[0,0],[0,-1.654],[0,0]],"v":[[136,-19],[139,-16],[139,16],[136,19],[-136,19],[-139,16],[-139,-16],[-136,-19]],"c":true}},"nm":"Path 2","mn":"ADBE Vector Shape - Group"},{"ty":"mm","mm":1,"nm":"Merge Paths 1","mn":"ADBE Vector Filter - Merge"},{"ty":"fl","fillEnabled":true,"c":{"k":[1,1,1,1]},"o":{"k":100},"nm":"Fill 1","mn":"ADBE Vector Graphic - Fill"},{"ty":"tr","p":{"k":[140,20],"ix":2},"a":{"k":[0,0],"ix":1},"s":{"k":[100,100],"ix":3},"r":{"k":0,"ix":6},"o":{"k":100,"ix":7},"sk":{"k":0,"ix":4},"sa":{"k":0,"ix":5},"nm":"Transform"}],"nm":"Group 1","np":4,"mn":"ADBE Vector Group"},{"ty":"gr","it":[{"ind":0,"ty":"sh","ks":{"k":{"i":[[0,0],[0,1.93],[0,0],[-1.93,0],[0,0],[0,-1.93],[0,0],[1.93,0]],"o":[[-1.93,0],[0,0],[0,-1.93],[0,0],[1.93,0],[0,0],[0,1.93],[0,0]],"v":[[-136,19.5],[-139.5,16],[-139.5,-16],[-136,-19.5],[136,-19.5],[139.5,-16],[139.5,16],[136,19.5]],"c":true}},"nm":"Path 1","mn":"ADBE Vector Shape - Group"},{"ty":"fl","fillEnabled":true,"c":{"k":[0.93,0.93,0.93,1]},"o":{"k":100},"nm":"Fill 1","mn":"ADBE Vector Graphic - Fill"},{"ty":"tr","p":{"k":[140,20],"ix":2},"a":{"k":[0,0],"ix":1},"s":{"k":[100,100],"ix":3},"r":{"k":0,"ix":6},"o":{"k":100,"ix":7},"sk":{"k":0,"ix":4},"sa":{"k":0,"ix":5},"nm":"Transform"}],"nm":"Group 2","np":2,"mn":"ADBE Vector Group"}],"ip":0,"op":1800,"st":0,"bm":0,"sr":1}],"v":"4.5.3","ddd":0,"ip":50,"op":170,"fr":60,"w":700,"h":300,"chars":[{"ch":"O","size":28,"style":"Bold","w":79.59,"data":{"shapes":[{"ty":"gr","it":[{"ind":0,"ty":"sh","ks":{"k":{"i":[[70.874,-56.721],[50.863,-72.51],[20.499,-69.376],[5.811,-47.77],[8.741,-14.893],[28.857,0.977],[59.131,-2.197],[73.779,-23.975]],"o":[[59.252,-69.352],[28.923,-72.51],[8.748,-56.843],[5.811,-24.007],[20.459,-2.197],[50.733,0.977],[70.849,-14.893],[73.779,-47.639]],"v":[[65.063,-63.037],[39.893,-72.51],[14.624,-63.11],[5.811,-35.889],[14.6,-8.545],[39.795,0.977],[64.99,-8.545],[73.779,-35.791]],"c":true}},"nm":"O","mn":"ADBE Vector Shape - Group"},{"ind":1,"ty":"sh","ks":{"k":{"i":[[23.21,-49.78],[33.87,-59.912],[57.91,-51.871],[51.872,-11.719],[29.248,-13.736],[21.68,-27.815]],"o":[[29.329,-57.886],[51.905,-59.912],[57.91,-19.743],[33.772,-11.719],[23.194,-21.809],[21.68,-43.766]],"v":[[26.27,-53.833],[39.893,-59.912],[57.91,-35.791],[39.795,-11.719],[26.221,-17.773],[21.68,-35.791]],"c":true}},"nm":"O","mn":"ADBE Vector Shape - Group"}],"nm":"O","np":5,"mn":"ADBE Vector Group"},{"ty":"gr","it":[{"ind":0,"ty":"sh","ks":{"k":{"i":[[5.811,6.316],[10.97,0],[5.875,-6.266],[0,-11.881],[-5.859,-6.348],[-10.938,0],[-5.859,6.348],[0,11.816]],"o":[[-5.811,-6.315],[-10.97,0],[-5.876,6.267],[0,11.882],[5.859,6.348],[10.938,0],[5.859,-6.348],[0,-11.848]],"v":[[144.653,-63.037],[119.482,-72.51],[94.214,-63.11],[85.4,-35.889],[94.189,-8.545],[119.385,0.977],[144.58,-8.545],[153.369,-35.791]],"c":true}},"nm":"O","mn":"ADBE Vector Shape - Group"},{"ind":1,"ty":"sh","ks":{"k":{"i":[[-3.06,4.053],[-6.023,0],[0,-16.08],[12.077,0],[3.027,4.037],[0,7.976]],"o":[[3.059,-4.053],[12.012,0],[0,16.048],[-6.023,0],[-3.027,-4.036],[0,-7.975]],"v":[[105.859,-53.833],[119.482,-59.912],[137.5,-35.791],[119.385,-11.719],[105.811,-17.773],[101.27,-35.791]],"c":true}},"nm":"O","mn":"ADBE Vector Shape - Group"},{"ty":"mm","mm":1,"nm":"Merge Paths 1","mn":"ADBE Vector Filter - Merge"}],"nm":"O","np":5,"mn":"ADBE Vector Group"}]},"fFamily":"Open Sans"},{"ch":"N","size":28,"style":"Bold","w":81.3,"data":{"shapes":[{"ty":"gr","it":[{"ind":0,"ty":"sh","ks":{"k":{"i":[[72.314,-71.387],[58.691,-71.387],[58.691,-37.598],[58.936,-27.197],[59.082,-17.92],[28.076,-71.387],[8.984,-71.387],[8.984,0],[22.51,0],[22.51,-33.594],[22.2,-44.466],[22.021,-54.004],[53.076,0],[72.314,0]],"o":[[72.314,-71.387],[58.691,-71.387],[58.691,-33.757],[59.424,-17.92],[59.082,-17.92],[28.076,-71.387],[8.984,-71.387],[8.984,0],[22.51,0],[22.51,-37.663],[21.582,-54.004],[22.021,-54.004],[53.076,0],[72.314,0]],"v":[[72.314,-71.387],[58.691,-71.387],[58.691,-37.598],[59.424,-17.92],[59.082,-17.92],[28.076,-71.387],[8.984,-71.387],[8.984,0],[22.51,0],[22.51,-33.594],[21.582,-54.004],[22.021,-54.004],[53.076,0],[72.314,0]],"c":true}},"nm":"N","mn":"ADBE Vector Shape - Group"}],"nm":"N","np":3,"mn":"ADBE Vector Group"},{"ty":"gr","it":[{"ind":0,"ty":"sh","ks":{"k":{"i":[[0,0],[0,0],[0,0],[-0.488,-9.277],[0,0],[0,0],[0,0],[0,0],[0,0],[0,0],[0.618,9.538],[0,0],[0,0],[0,0]],"o":[[0,0],[0,0],[0,3.841],[0,0],[0,0],[0,0],[0,0],[0,0],[0,0],[0,-4.069],[0,0],[0,0],[0,0],[0,0]],"v":[[153.613,-71.387],[139.99,-71.387],[139.99,-37.598],[140.723,-17.92],[140.381,-17.92],[109.375,-71.387],[90.283,-71.387],[90.283,0],[103.809,0],[103.809,-33.594],[102.881,-54.004],[103.32,-54.004],[134.375,0],[153.613,0]],"c":true}},"nm":"N","mn":"ADBE Vector Shape - Group"}],"nm":"N","np":3,"mn":"ADBE Vector Group"}]},"fFamily":"Open Sans"},{"ch":"F","size":28,"style":"Bold","w":54.88,"data":{"shapes":[{"ty":"gr","it":[{"ind":0,"ty":"sh","ks":{"k":{"i":[[23.877,-28.223],[48.096,-28.223],[48.096,-40.576],[23.877,-40.576],[23.877,-58.984],[49.902,-58.984],[49.902,-71.387],[8.984,-71.387],[8.984,0],[23.877,0]],"o":[[23.877,-28.223],[48.096,-28.223],[48.096,-40.576],[23.877,-40.576],[23.877,-58.984],[49.902,-58.984],[49.902,-71.387],[8.984,-71.387],[8.984,0],[23.877,0]],"v":[[23.877,-28.223],[48.096,-28.223],[48.096,-40.576],[23.877,-40.576],[23.877,-58.984],[49.902,-58.984],[49.902,-71.387],[8.984,-71.387],[8.984,0],[23.877,0]],"c":true}},"nm":"F","mn":"ADBE Vector Shape - Group"}],"nm":"F","np":3,"mn":"ADBE Vector Group"},{"ty":"gr","it":[{"ind":0,"ty":"sh","ks":{"k":{"i":[[0,0],[0,0],[0,0],[0,0],[0,0],[0,0],[0,0],[0,0],[0,0],[0,0]],"o":[[0,0],[0,0],[0,0],[0,0],[0,0],[0,0],[0,0],[0,0],[0,0],[0,0]],"v":[[78.76,-28.223],[102.979,-28.223],[102.979,-40.576],[78.76,-40.576],[78.76,-58.984],[104.785,-58.984],[104.785,-71.387],[63.867,-71.387],[63.867,0],[78.76,0]],"c":true}},"nm":"F","mn":"ADBE Vector Shape - Group"}],"nm":"F","np":3,"mn":"ADBE Vector Group"}]},"fFamily":"Open Sans"}]}