{"v":"4.6.9","fr":59.9400024414062,"ip":0,"op":638.000025986273,"w":240,"h":160,"nm":"Comp 9","ddd":0,"assets":[],"layers":[{"ddd":0,"ind":1,"ty":4,"nm":"Shape Layer 8","ks":{"o":{"a":0,"k":100},"r":{"a":0,"k":0},"p":{"a":1,"k":[{"i":{"x":0.667,"y":1},"o":{"x":0.333,"y":0},"n":"0p667_1_0p333_0","t":605,"s":[165.75,100.5,0],"e":[181.75,100.5,0],"to":[2.66666674613953,0,0],"ti":[-2.66666674613953,0,0]},{"t":619.000025212387}]},"a":{"a":0,"k":[0,0,0]},"s":{"a":1,"k":[{"i":{"x":[0.667,0.667,0.667],"y":[1,1,0.667]},"o":{"x":[0.333,0.333,0.333],"y":[0,0,0.333]},"n":["0p667_1_0p333_0","0p667_1_0p333_0","0p667_0p667_0p333_0p333"],"t":605,"s":[0,0,100],"e":[60,60,100]},{"t":619.000025212387}]}},"ao":0,"shapes":[{"ty":"gr","it":[{"ind":0,"ty":"sh","ix":1,"ks":{"a":0,"k":{"i":[[0,0],[0,0],[0,0],[0,0],[0,0],[0,0],[0,0],[0,0]],"o":[[0,0],[0,0],[0,0],[0,0],[0,0],[0,0],[0,0],[0,0]],"v":[[3,-3],[0,-16.97],[-3,-3],[-16.97,0],[-3,3],[0,16.971],[3,3],[16.971,0]],"c":true}},"nm":"Path 1","mn":"ADBE Vector Shape - Group"},{"ty":"st","c":{"a":0,"k":[0,0,0,1]},"o":{"a":0,"k":100},"w":{"a":0,"k":0},"lc":1,"lj":1,"ml":4,"nm":"Stroke 1","mn":"ADBE Vector Graphic - Stroke"},{"ty":"fl","c":{"a":0,"k":[0,0.85098,1,1]},"o":{"a":0,"k":100},"r":1,"nm":"Fill 1","mn":"ADBE Vector Graphic - Fill"},{"ty":"tr","p":{"a":0,"k":[0,0],"ix":2},"a":{"a":0,"k":[0,0],"ix":1},"s":{"a":0,"k":[100,100],"ix":3},"r":{"a":0,"k":0,"ix":6},"o":{"a":0,"k":100,"ix":7},"sk":{"a":0,"k":0,"ix":4},"sa":{"a":0,"k":0,"ix":5},"nm":"Transform"}],"nm":"Shape 1","np":3,"cix":2,"ix":1,"mn":"ADBE Vector Group"}],"ip":0,"op":69843.0028447637,"st":0,"bm":0,"sr":1},{"ddd":0,"ind":2,"ty":4,"nm":"Shape Layer 7","ks":{"o":{"a":0,"k":100},"r":{"a":0,"k":0},"p":{"a":1,"k":[{"i":{"x":0.667,"y":1},"o":{"x":0.333,"y":0},"n":"0p667_1_0p333_0","t":602,"s":[163.25,35.75,0],"e":[181.25,35.75,0],"to":[3,0,0],"ti":[-3,0,0]},{"t":616.000025090194}]},"a":{"a":0,"k":[0,0,0]},"s":{"a":1,"k":[{"i":{"x":[0.667,0.667,0.667],"y":[1,1,0.667]},"o":{"x":[0.333,0.333,0.333],"y":[0,0,0.333]},"n":["0p667_1_0p333_0","0p667_1_0p333_0","0p667_0p667_0p333_0p333"],"t":602,"s":[0,0,100],"e":[78,78,100]},{"t":616.000025090194}]}},"ao":0,"shapes":[{"ty":"gr","it":[{"ind":0,"ty":"sh","ix":1,"ks":{"a":0,"k":{"i":[[0,0],[0,0],[0,0],[0,0],[0,0],[0,0],[0,0],[0,0]],"o":[[0,0],[0,0],[0,0],[0,0],[0,0],[0,0],[0,0],[0,0]],"v":[[3,-3],[0,-16.97],[-3,-3],[-16.97,0],[-3,3],[0,16.971],[3,3],[16.971,0]],"c":true}},"nm":"Path 1","mn":"ADBE Vector Shape - Group"},{"ty":"st","c":{"a":0,"k":[0,0,0,1]},"o":{"a":0,"k":100},"w":{"a":0,"k":0},"lc":1,"lj":1,"ml":4,"nm":"Stroke 1","mn":"ADBE Vector Graphic - Stroke"},{"ty":"fl","c":{"a":0,"k":[0,0.85098,1,1]},"o":{"a":0,"k":100},"r":1,"nm":"Fill 1","mn":"ADBE Vector Graphic - Fill"},{"ty":"tr","p":{"a":0,"k":[0,0],"ix":2},"a":{"a":0,"k":[0,0],"ix":1},"s":{"a":0,"k":[100,100],"ix":3},"r":{"a":0,"k":0,"ix":6},"o":{"a":0,"k":100,"ix":7},"sk":{"a":0,"k":0,"ix":4},"sa":{"a":0,"k":0,"ix":5},"nm":"Transform"}],"nm":"Shape 1","np":3,"cix":2,"ix":1,"mn":"ADBE Vector Group"}],"ip":0,"op":69843.0028447637,"st":0,"bm":0,"sr":1},{"ddd":0,"ind":3,"ty":4,"nm":"Shape Layer 6","ks":{"o":{"a":0,"k":100},"r":{"a":0,"k":0},"p":{"a":1,"k":[{"i":{"x":0.667,"y":1},"o":{"x":0.333,"y":0},"n":"0p667_1_0p333_0","t":606,"s":[76.5,80,0],"e":[51.5,80,0],"to":[-4.16666650772095,0,0],"ti":[4.16666650772095,0,0]},{"t":620.000025253118}]},"a":{"a":0,"k":[0,0,0]},"s":{"a":1,"k":[{"i":{"x":[0.667,0.667,0.667],"y":[1,1,0.667]},"o":{"x":[0.333,0.333,0.333],"y":[0,0,0.333]},"n":["0p667_1_0p333_0","0p667_1_0p333_0","0p667_0p667_0p333_0p333"],"t":606,"s":[0,0,100],"e":[100,100,100]},{"t":620.000025253118}]}},"ao":0,"shapes":[{"ty":"gr","it":[{"ind":0,"ty":"sh","ix":1,"ks":{"a":0,"k":{"i":[[0,0],[0,0],[0,0],[0,0],[0,0],[0,0],[0,0],[0,0]],"o":[[0,0],[0,0],[0,0],[0,0],[0,0],[0,0],[0,0],[0,0]],"v":[[3,-3],[0,-16.97],[-3,-3],[-16.97,0],[-3,3],[0,16.971],[3,3],[16.971,0]],"c":true}},"nm":"Path 1","mn":"ADBE Vector Shape - Group"},{"ty":"st","c":{"a":0,"k":[0,0,0,1]},"o":{"a":0,"k":100},"w":{"a":0,"k":0},"lc":1,"lj":1,"ml":4,"nm":"Stroke 1","mn":"ADBE Vector Graphic - Stroke"},{"ty":"fl","c":{"a":0,"k":[0,0.85098,1,1]},"o":{"a":0,"k":100},"r":1,"nm":"Fill 1","mn":"ADBE Vector Graphic - Fill"},{"ty":"tr","p":{"a":0,"k":[0,0],"ix":2},"a":{"a":0,"k":[0,0],"ix":1},"s":{"a":0,"k":[100,100],"ix":3},"r":{"a":0,"k":0,"ix":6},"o":{"a":0,"k":100,"ix":7},"sk":{"a":0,"k":0,"ix":4},"sa":{"a":0,"k":0,"ix":5},"nm":"Transform"}],"nm":"Shape 1","np":3,"cix":2,"ix":1,"mn":"ADBE Vector Group"}],"ip":0,"op":69843.0028447637,"st":0,"bm":0,"sr":1},{"ddd":0,"ind":4,"ty":4,"nm":"Shape Layer 16","ks":{"o":{"a":1,"k":[{"i":{"x":[0.833],"y":[0.833]},"o":{"x":[0.167],"y":[0.167]},"n":["0p833_0p833_0p167_0p167"],"t":594,"s":[100],"e":[0]},{"t":603.000024560694}]},"r":{"a":1,"k":[{"i":{"x":[0.667],"y":[1]},"o":{"x":[0.333],"y":[0]},"n":["0p667_1_0p333_0"],"t":57,"s":[-45],"e":[-206]},{"i":{"x":[0.667],"y":[0.667]},"o":{"x":[0.333],"y":[0.333]},"n":["0p667_0p667_0p333_0p333"],"t":84.078,"s":[-206],"e":[-206]},{"i":{"x":[0.667],"y":[1]},"o":{"x":[0.333],"y":[0]},"n":["0p667_1_0p333_0"],"t":220,"s":[-206],"e":[0]},{"i":{"x":[0.667],"y":[0.667]},"o":{"x":[0.333],"y":[0.333]},"n":["0p667_0p667_0p333_0p333"],"t":272,"s":[0],"e":[0]},{"i":{"x":[0.667],"y":[1]},"o":{"x":[0.333],"y":[0]},"n":["0p667_1_0p333_0"],"t":562,"s":[0],"e":[-45]},{"t":594.000024194116}]},"p":{"a":1,"k":[{"i":{"x":0.667,"y":1},"o":{"x":0.333,"y":0},"n":"0p667_1_0p333_0","t":57,"s":[178.75,80,0],"e":[94.5,35,0],"to":[-14.0416669845581,-7.5,0],"ti":[3.58333325386047,6.54166650772095,0]},{"i":{"x":0.667,"y":1},"o":{"x":0.333,"y":0},"n":"0p667_1_0p333_0","t":84.078,"s":[94.5,35,0],"e":[157.25,40.75,0],"to":[-3.58333325386047,-6.54166650772095,0],"ti":[1,-3.29166674613953,0]},{"i":{"x":0.667,"y":1},"o":{"x":0.333,"y":0},"n":"0p667_1_0p333_0","t":110.095,"s":[157.25,40.75,0],"e":[88.5,54.75,0],"to":[-1,3.29166674613953,0],"ti":[-1.08333337306976,-3.29166674613953,0]},{"i":{"x":0.667,"y":1},"o":{"x":0.333,"y":0},"n":"0p667_1_0p333_0","t":133.988,"s":[88.5,54.75,0],"e":[163.75,60.5,0],"to":[1.08333337306976,3.29166674613953,0],"ti":[-0.125,-3,0]},{"i":{"x":0.667,"y":1},"o":{"x":0.333,"y":0},"n":"0p667_1_0p333_0","t":154.695,"s":[163.75,60.5,0],"e":[89.25,72.75,0],"to":[0.125,3,0],"ti":[0.66666668653488,-3.20833325386047,0]},{"i":{"x":0.667,"y":1},"o":{"x":0.333,"y":0},"n":"0p667_1_0p333_0","t":176.993,"s":[89.25,72.75,0],"e":[159.75,79.75,0],"to":[-0.66666668653488,3.20833325386047,0],"ti":[-1.125,-2.45833325386047,0]},{"i":{"x":0.667,"y":1},"o":{"x":0.333,"y":0},"n":"0p667_1_0p333_0","t":198.763,"s":[159.75,79.75,0],"e":[96,87.5,0],"to":[1.125,2.45833325386047,0],"ti":[8.79166698455811,2.54166674613953,0]},{"i":{"x":0.667,"y":1},"o":{"x":0.333,"y":0},"n":"0p667_1_0p333_0","t":220,"s":[96,87.5,0],"e":[107,64.5,0],"to":[-8.79166698455811,-2.54166674613953,0],"ti":[-1.875,4,0]},{"i":{"x":0.667,"y":1},"o":{"x":0.333,"y":0},"n":"0p667_1_0p333_0","t":272,"s":[107,64.5,0],"e":[107.25,63.5,0],"to":[1.875,-4,0],"ti":[-11.6666669845581,3.16666674613953,0]},{"i":{"x":0.667,"y":1},"o":{"x":0.333,"y":0},"n":"0p667_1_0p333_0","t":309,"s":[107.25,63.5,0],"e":[178.881,43.726,0],"to":[10.32004737854,-2.80115556716919,0],"ti":[-12.9098224639893,4.93331670761108,0]},{"i":{"x":0.667,"y":1},"o":{"x":0.333,"y":0},"n":"0p667_1_0p333_0","t":345,"s":[178.881,43.726,0],"e":[177,45.5,0],"to":[1.68454873561859,-0.64372783899307,0],"ti":[-0.51460111141205,0.50017303228378,0]},{"i":{"x":0.667,"y":1},"o":{"x":0.333,"y":0},"n":"0p667_1_0p333_0","t":347,"s":[177,45.5,0],"e":[133.25,36.75,0],"to":[4.45833349227905,-4.33333349227905,0],"ti":[5,-6.83333349227905,0]},{"i":{"x":0.667,"y":1},"o":{"x":0.333,"y":0},"n":"0p667_1_0p333_0","t":369,"s":[133.25,36.75,0],"e":[147,86.5,0],"to":[-5,6.83333349227905,0],"ti":[-2.95833325386047,0.66666668653488,0]},{"i":{"x":0.667,"y":1},"o":{"x":0.333,"y":0},"n":"0p667_1_0p333_0","t":404,"s":[147,86.5,0],"e":[151,32.75,0],"to":[2.95833325386047,-0.66666668653488,0],"ti":[-3.125,0.75,0]},{"i":{"x":0.667,"y":1},"o":{"x":0.333,"y":0},"n":"0p667_1_0p333_0","t":429,"s":[151,32.75,0],"e":[165.75,82,0],"to":[3.125,-0.75,0],"ti":[6.83333349227905,-0.16666667163372,0]},{"i":{"x":0.667,"y":1},"o":{"x":0.333,"y":0},"n":"0p667_1_0p333_0","t":460,"s":[165.75,82,0],"e":[110,33.75,0],"to":[-6.83333349227905,0.16666667163372,0],"ti":[6.79166650772095,0.5,0]},{"i":{"x":0.667,"y":1},"o":{"x":0.333,"y":0},"n":"0p667_1_0p333_0","t":497,"s":[110,33.75,0],"e":[125,79,0],"to":[-6.79166650772095,-0.5,0],"ti":[-10.9583330154419,-5.375,0]},{"i":{"x":0.667,"y":1},"o":{"x":0.333,"y":0},"n":"0p667_1_0p333_0","t":526,"s":[125,79,0],"e":[178.13,64.405,0],"to":[10.432692527771,5.11717653274536,0],"ti":[-10.0471067428589,3.26716446876526,0]},{"i":{"x":0.667,"y":1},"o":{"x":0.333,"y":0},"n":"0p667_1_0p333_0","t":562,"s":[178.13,64.405,0],"e":[175.75,66,0],"to":[0.50621300935745,-0.1646126806736,0],"ti":[-0.40572240948677,0.10392889380455,0]},{"i":{"x":0.667,"y":1},"o":{"x":0.333,"y":0},"n":"0p667_1_0p333_0","t":563,"s":[175.75,66,0],"e":[178.75,80,0],"to":[8.45833301544189,-2.16666674613953,0],"ti":[-0.5,-2.33333325386047,0]},{"t":594.000024194116}]},"a":{"a":0,"k":[0,0,0]},"s":{"a":0,"k":[76,76,100]}},"ao":0,"shapes":[{"ty":"gr","it":[{"ind":0,"ty":"sh","ix":1,"ks":{"a":0,"k":{"i":[[3.306,3.307],[-1.072,1.122],[-0.002,0.003],[0.434,-3.956],[-2.196,0.24],[-1.745,1.744],[0,0]],"o":[[-3.297,-3.297],[0.003,-0.003],[-1.781,1.781],[-0.24,2.196],[3.956,-0.434],[0,0],[-1.114,1.089]],"v":[[-20.487,20.486],[-24.5,12.505],[-24.495,12.495],[-29.239,25.504],[-25.504,29.239],[-12.495,24.495],[-12.496,24.494]],"c":true}},"nm":"Path 1","mn":"ADBE Vector Shape - Group"},{"ind":1,"ty":"sh","ix":2,"ks":{"a":0,"k":{"i":[[3.313,3.312],[1.104,-1.105],[0,0],[0,0],[-3.271,-3.271],[-1.152,1.02],[0,0],[0,0],[-0.001,0.001],[-0.001,0.001],[0,0]],"o":[[-3.315,-3.315],[0,0],[0,0],[-1.018,1.152],[3.273,3.273],[0,0],[0,0],[0.001,-0.001],[0.001,-0.001],[0,0],[1.105,-1.105]],"v":[[15.206,-15.204],[7.205,-19.205],[-21.495,9.495],[-21.488,9.502],[-17.453,17.453],[-9.501,21.489],[-9.495,21.495],[-9.457,21.457],[-9.453,21.454],[-9.45,21.45],[19.205,-7.205]],"c":true}},"nm":"Path 2","mn":"ADBE Vector Shape - Group"},{"ind":2,"ty":"sh","ix":3,"ks":{"a":0,"k":{"i":[[3.313,3.312],[1.104,-1.106],[0,0],[-1.262,-1.263],[-0.943,-1.885],[-0.144,-0.386],[0,0]],"o":[[-3.314,-3.315],[0,0],[3.015,1.13],[1.899,1.898],[0.211,0.421],[0,0],[1.106,-1.106]],"v":[[24.375,-24.373],[16.374,-28.374],[10.964,-22.964],[18.034,-18.033],[22.441,-12.166],[22.962,-10.962],[28.374,-16.374]],"c":true}},"nm":"Path 3","mn":"ADBE Vector Shape - Group"},{"ty":"fl","c":{"a":0,"k":[0,0.85098,1,1]},"o":{"a":0,"k":100},"r":1,"nm":"Fill 1","mn":"ADBE Vector Graphic - Fill"},{"ty":"tr","p":{"a":0,"k":[0,0],"ix":2},"a":{"a":0,"k":[0,0],"ix":1},"s":{"a":0,"k":[100,100],"ix":3},"r":{"a":0,"k":0,"ix":6},"o":{"a":0,"k":100,"ix":7},"sk":{"a":0,"k":0,"ix":4},"sa":{"a":0,"k":0,"ix":5},"nm":"Transform"}],"nm":"Shape 1","np":5,"cix":2,"ix":1,"mn":"ADBE Vector Group"}],"ip":0,"op":69843.0028447637,"st":0,"bm":0,"sr":1},{"ddd":0,"ind":5,"ty":3,"nm":"Shape Layer 3","ks":{"o":{"a":1,"k":[{"i":{"x":[0.833],"y":[0.833]},"o":{"x":[0.167],"y":[0.167]},"n":["0p833_0p833_0p167_0p167"],"t":594,"s":[100],"e":[0]},{"t":603.000024560694}]},"r":{"a":1,"k":[{"i":{"x":[0.667],"y":[1]},"o":{"x":[0.333],"y":[0]},"n":["0p667_1_0p333_0"],"t":57,"s":[-45],"e":[-206]},{"i":{"x":[0.667],"y":[0.667]},"o":{"x":[0.333],"y":[0.333]},"n":["0p667_0p667_0p333_0p333"],"t":84.078,"s":[-206],"e":[-206]},{"i":{"x":[0.667],"y":[1]},"o":{"x":[0.333],"y":[0]},"n":["0p667_1_0p333_0"],"t":220,"s":[-206],"e":[0]},{"i":{"x":[0.667],"y":[0.667]},"o":{"x":[0.333],"y":[0.333]},"n":["0p667_0p667_0p333_0p333"],"t":272,"s":[0],"e":[0]},{"i":{"x":[0.667],"y":[1]},"o":{"x":[0.333],"y":[0]},"n":["0p667_1_0p333_0"],"t":562,"s":[0],"e":[-45]},{"t":594.000024194116}]},"p":{"a":1,"k":[{"i":{"x":0.667,"y":1},"o":{"x":0.333,"y":0},"n":"0p667_1_0p333_0","t":57,"s":[178.75,80,0],"e":[94.5,35,0],"to":[-14.0416669845581,-7.5,0],"ti":[3.58333325386047,6.54166650772095,0]},{"i":{"x":0.667,"y":1},"o":{"x":0.333,"y":0},"n":"0p667_1_0p333_0","t":84.078,"s":[94.5,35,0],"e":[157.25,40.75,0],"to":[-3.58333325386047,-6.54166650772095,0],"ti":[1,-3.29166674613953,0]},{"i":{"x":0.667,"y":1},"o":{"x":0.333,"y":0},"n":"0p667_1_0p333_0","t":110.095,"s":[157.25,40.75,0],"e":[88.5,54.75,0],"to":[-1,3.29166674613953,0],"ti":[-1.08333337306976,-3.29166674613953,0]},{"i":{"x":0.667,"y":1},"o":{"x":0.333,"y":0},"n":"0p667_1_0p333_0","t":133.988,"s":[88.5,54.75,0],"e":[163.75,60.5,0],"to":[1.08333337306976,3.29166674613953,0],"ti":[-0.125,-3,0]},{"i":{"x":0.667,"y":1},"o":{"x":0.333,"y":0},"n":"0p667_1_0p333_0","t":154.695,"s":[163.75,60.5,0],"e":[89.25,72.75,0],"to":[0.125,3,0],"ti":[0.66666668653488,-3.20833325386047,0]},{"i":{"x":0.667,"y":1},"o":{"x":0.333,"y":0},"n":"0p667_1_0p333_0","t":176.993,"s":[89.25,72.75,0],"e":[159.75,79.75,0],"to":[-0.66666668653488,3.20833325386047,0],"ti":[-1.125,-2.45833325386047,0]},{"i":{"x":0.667,"y":1},"o":{"x":0.333,"y":0},"n":"0p667_1_0p333_0","t":198.763,"s":[159.75,79.75,0],"e":[96,87.5,0],"to":[1.125,2.45833325386047,0],"ti":[8.79166698455811,2.54166674613953,0]},{"i":{"x":0.667,"y":1},"o":{"x":0.333,"y":0},"n":"0p667_1_0p333_0","t":220,"s":[96,87.5,0],"e":[107,64.5,0],"to":[-8.79166698455811,-2.54166674613953,0],"ti":[-1.875,4,0]},{"i":{"x":0.667,"y":1},"o":{"x":0.333,"y":0},"n":"0p667_1_0p333_0","t":272,"s":[107,64.5,0],"e":[107.25,63.5,0],"to":[1.875,-4,0],"ti":[-11.6666669845581,3.16666674613953,0]},{"i":{"x":0.667,"y":1},"o":{"x":0.333,"y":0},"n":"0p667_1_0p333_0","t":309,"s":[107.25,63.5,0],"e":[178.881,43.726,0],"to":[10.32004737854,-2.80115556716919,0],"ti":[-12.9098224639893,4.93331670761108,0]},{"i":{"x":0.667,"y":1},"o":{"x":0.333,"y":0},"n":"0p667_1_0p333_0","t":345,"s":[178.881,43.726,0],"e":[177,45.5,0],"to":[1.68454873561859,-0.64372783899307,0],"ti":[-0.51460111141205,0.50017303228378,0]},{"i":{"x":0.667,"y":1},"o":{"x":0.333,"y":0},"n":"0p667_1_0p333_0","t":347,"s":[177,45.5,0],"e":[133.25,36.75,0],"to":[4.45833349227905,-4.33333349227905,0],"ti":[5,-6.83333349227905,0]},{"i":{"x":0.667,"y":1},"o":{"x":0.333,"y":0},"n":"0p667_1_0p333_0","t":369,"s":[133.25,36.75,0],"e":[147,86.5,0],"to":[-5,6.83333349227905,0],"ti":[-2.95833325386047,0.66666668653488,0]},{"i":{"x":0.667,"y":1},"o":{"x":0.333,"y":0},"n":"0p667_1_0p333_0","t":404,"s":[147,86.5,0],"e":[151,32.75,0],"to":[2.95833325386047,-0.66666668653488,0],"ti":[-3.125,0.75,0]},{"i":{"x":0.667,"y":1},"o":{"x":0.333,"y":0},"n":"0p667_1_0p333_0","t":429,"s":[151,32.75,0],"e":[165.75,82,0],"to":[3.125,-0.75,0],"ti":[6.83333349227905,-0.16666667163372,0]},{"i":{"x":0.667,"y":1},"o":{"x":0.333,"y":0},"n":"0p667_1_0p333_0","t":460,"s":[165.75,82,0],"e":[110,33.75,0],"to":[-6.83333349227905,0.16666667163372,0],"ti":[6.79166650772095,0.5,0]},{"i":{"x":0.667,"y":1},"o":{"x":0.333,"y":0},"n":"0p667_1_0p333_0","t":497,"s":[110,33.75,0],"e":[125,79,0],"to":[-6.79166650772095,-0.5,0],"ti":[-10.9583330154419,-5.375,0]},{"i":{"x":0.667,"y":1},"o":{"x":0.333,"y":0},"n":"0p667_1_0p333_0","t":526,"s":[125,79,0],"e":[178.13,64.405,0],"to":[10.432692527771,5.11717653274536,0],"ti":[-10.0471067428589,3.26716446876526,0]},{"i":{"x":0.667,"y":1},"o":{"x":0.333,"y":0},"n":"0p667_1_0p333_0","t":562,"s":[178.13,64.405,0],"e":[175.75,66,0],"to":[0.50621300935745,-0.1646126806736,0],"ti":[-0.40572240948677,0.10392889380455,0]},{"i":{"x":0.667,"y":1},"o":{"x":0.333,"y":0},"n":"0p667_1_0p333_0","t":563,"s":[175.75,66,0],"e":[178.75,80,0],"to":[8.45833301544189,-2.16666674613953,0],"ti":[-0.5,-2.33333325386047,0]},{"t":594.000024194116}]},"a":{"a":0,"k":[0,0,0]},"s":{"a":0,"k":[76,76,100]}},"ao":0,"ip":0,"op":69843.0028447637,"st":0,"bm":0,"sr":1},{"ddd":0,"ind":6,"ty":4,"nm":"Shape Layer 4","parent":5,"td":1,"ks":{"o":{"a":1,"k":[{"i":{"x":[0.833],"y":[0.833]},"o":{"x":[0.167],"y":[0.167]},"n":["0p833_0p833_0p167_0p167"],"t":563,"s":[100],"e":[0]},{"t":595.000024234847}]},"r":{"a":0,"k":0},"p":{"a":0,"k":[0,0,0]},"a":{"a":0,"k":[0,0,0]},"s":{"a":0,"k":[100,100,100]}},"ao":0,"shapes":[{"ty":"gr","it":[{"ty":"st","c":{"a":0,"k":[1,1,1,1]},"o":{"a":0,"k":100},"w":{"a":0,"k":8},"lc":1,"lj":1,"ml":4,"nm":"Stroke 1","mn":"ADBE Vector Graphic - Stroke"},{"ty":"fl","c":{"a":0,"k":[1,1,1,1]},"o":{"a":0,"k":100},"r":1,"nm":"Fill 1","mn":"ADBE Vector Graphic - Fill"},{"ty":"tr","p":{"a":0,"k":[0,0],"ix":2},"a":{"a":0,"k":[0,0],"ix":1},"s":{"a":0,"k":[100,100],"ix":3},"r":{"a":0,"k":0,"ix":6},"o":{"a":0,"k":100,"ix":7},"sk":{"a":0,"k":0,"ix":4},"sa":{"a":0,"k":0,"ix":5},"nm":"Transform"}],"nm":"Shape 2","np":2,"cix":2,"ix":1,"mn":"ADBE Vector Group"},{"ty":"gr","it":[{"ind":0,"ty":"sh","ix":1,"ks":{"a":0,"k":{"i":[[3.306,3.307],[-1.072,1.122],[-0.002,0.003],[0.434,-3.956],[-2.196,0.24],[-1.745,1.744],[0,0]],"o":[[-3.297,-3.297],[0.003,-0.003],[-1.781,1.781],[-0.24,2.196],[3.956,-0.434],[0,0],[-1.114,1.089]],"v":[[-20.487,20.486],[-24.5,12.505],[-24.495,12.495],[-29.239,25.504],[-25.504,29.239],[-12.495,24.495],[-12.496,24.494]],"c":true}},"nm":"Path 1","mn":"ADBE Vector Shape - Group"},{"ind":1,"ty":"sh","ix":2,"ks":{"a":0,"k":{"i":[[3.313,3.312],[1.104,-1.105],[0,0],[0,0],[-3.271,-3.271],[-1.152,1.02],[0,0],[0,0],[-0.001,0.001],[-0.001,0.001],[0,0]],"o":[[-3.315,-3.315],[0,0],[0,0],[-1.018,1.152],[3.273,3.273],[0,0],[0,0],[0.001,-0.001],[0.001,-0.001],[0,0],[1.105,-1.105]],"v":[[15.206,-15.204],[7.205,-19.205],[-21.495,9.495],[-21.488,9.502],[-17.453,17.453],[-9.501,21.489],[-9.495,21.495],[-9.457,21.457],[-9.453,21.454],[-9.45,21.45],[19.205,-7.205]],"c":true}},"nm":"Path 2","mn":"ADBE Vector Shape - Group"},{"ind":2,"ty":"sh","ix":3,"ks":{"a":0,"k":{"i":[[3.313,3.312],[1.104,-1.106],[0,0],[-1.262,-1.263],[-0.943,-1.885],[-0.144,-0.386],[0,0]],"o":[[-3.314,-3.315],[0,0],[3.015,1.13],[1.899,1.898],[0.211,0.421],[0,0],[1.106,-1.106]],"v":[[24.375,-24.373],[16.374,-28.374],[10.964,-22.964],[18.034,-18.033],[22.441,-12.166],[22.962,-10.962],[28.374,-16.374]],"c":true}},"nm":"Path 3","mn":"ADBE Vector Shape - Group"},{"ty":"st","c":{"a":0,"k":[1,1,1,1]},"o":{"a":0,"k":100},"w":{"a":0,"k":8},"lc":1,"lj":1,"ml":4,"nm":"Stroke 1","mn":"ADBE Vector Graphic - Stroke"},{"ty":"fl","c":{"a":0,"k":[1,1,1,1]},"o":{"a":0,"k":100},"r":1,"nm":"Fill 1","mn":"ADBE Vector Graphic - Fill"},{"ty":"tr","p":{"a":0,"k":[0,0],"ix":2},"a":{"a":0,"k":[0,0],"ix":1},"s":{"a":0,"k":[100,100],"ix":3},"r":{"a":0,"k":0,"ix":6},"o":{"a":0,"k":100,"ix":7},"sk":{"a":0,"k":0,"ix":4},"sa":{"a":0,"k":0,"ix":5},"nm":"Transform"}],"nm":"Shape 1","np":5,"cix":2,"ix":2,"mn":"ADBE Vector Group"}],"ip":0,"op":69843.0028447637,"st":0,"bm":0,"sr":1},{"ddd":0,"ind":7,"ty":4,"nm":"Shape Layer 15","parent":9,"tt":2,"ks":{"o":{"a":0,"k":100},"r":{"a":0,"k":0},"p":{"a":0,"k":[0.5,0,0]},"a":{"a":0,"k":[0,0,0]},"s":{"a":0,"k":[100,100,100]}},"ao":0,"hasMask":true,"masksProperties":[{"inv":false,"mode":"a","pt":{"a":1,"k":[{"i":{"x":0.667,"y":1},"o":{"x":0.333,"y":0},"n":"0p667_1_0p333_0","t":303,"s":[{"i":[[0,0],[0,0],[0,0],[0,0]],"o":[[0,0],[0,0],[0,0],[0,0]],"v":[[-36.625,2.25],[-39.125,3],[-38.125,7],[-36.875,6.625]],"c":true}],"e":[{"i":[[0,0],[0,0],[0,0],[0,0]],"o":[[0,0],[0,0],[0,0],[0,0]],"v":[[37.875,-17],[-37.75,3.281],[-37.75,7.375],[39.25,-13.375]],"c":true}]},{"i":{"x":0.833,"y":0.833},"o":{"x":0.167,"y":0},"n":"0p833_0p833_0p167_0","t":344,"s":[{"i":[[0,0],[0,0],[0,0],[0,0]],"o":[[0,0],[0,0],[0,0],[0,0]],"v":[[37.875,-17],[-37.75,3.281],[-37.75,7.375],[39.25,-13.375]],"c":true}],"e":[{"i":[[0,0],[0,0],[0,0],[0,0]],"o":[[0,0],[0,0],[0,0],[0,0]],"v":[[38,-16.5],[-37.625,3.175],[-37.625,7.125],[39.125,-13.375]],"c":true}]},{"i":{"x":0.833,"y":1},"o":{"x":0.167,"y":0.167},"n":"0p833_1_0p167_0p167","t":460,"s":[{"i":[[0,0],[0,0],[0,0],[0,0]],"o":[[0,0],[0,0],[0,0],[0,0]],"v":[[38,-16.5],[-37.625,3.175],[-37.625,7.125],[39.125,-13.375]],"c":true}],"e":[{"i":[[0,0],[0,0],[0,0],[0,0]],"o":[[0,0],[0,0],[0,0],[0,0]],"v":[[37.875,-17],[-37.75,3.062],[-37.75,7.625],[39.25,-13.375]],"c":true}]},{"t":543.000022116843}]},"o":{"a":0,"k":100},"x":{"a":0,"k":0},"nm":"Mask 1"},{"inv":false,"mode":"a","pt":{"a":1,"k":[{"i":{"x":0.667,"y":1},"o":{"x":0.167,"y":0},"n":"0p667_1_0p167_0","t":369,"s":[{"i":[[0,0],[0,0],[0,0],[0,0]],"o":[[0,0],[0,0],[0,0],[0,0]],"v":[[-9.406,-25.75],[-13.562,-25],[-12.406,-24.125],[-9.344,-24.375]],"c":true}],"e":[{"i":[[0,0],[0,0],[0,0],[0,0]],"o":[[0,0],[0,0],[0,0],[0,0]],"v":[[-9.406,-25.75],[-13.562,-25],[1.469,29.25],[5.031,27.375]],"c":true}]},{"t":404.000016455257}]},"o":{"a":0,"k":100},"x":{"a":0,"k":0},"nm":"Mask 2"},{"inv":false,"mode":"a","pt":{"a":1,"k":[{"i":{"x":0.667,"y":1},"o":{"x":0.167,"y":0},"n":"0p667_1_0p167_0","t":431,"s":[{"i":[[0.625,-0.5],[0,0],[0,0],[0,0]],"o":[[-0.625,0.5],[0,0],[0,0],[0,0]],"v":[[10.719,-30.125],[7.219,-30],[8.562,-29.625],[10.469,-29.375]],"c":true}],"e":[{"i":[[0.625,-0.5],[0,0],[0,0],[0,0]],"o":[[-0.625,0.5],[0,0],[0,0],[0,0]],"v":[[10.719,-30.125],[7.219,-30],[22.812,28.875],[26.719,29]],"c":true}]},{"t":460.000018736184}]},"o":{"a":0,"k":100},"x":{"a":0,"k":0},"nm":"Mask 3"},{"inv":false,"mode":"a","pt":{"a":1,"k":[{"i":{"x":0.667,"y":1},"o":{"x":0.333,"y":0},"n":"0p667_1_0p333_0","t":490.675,"s":[{"i":[[0.75,0.25],[0,0],[0,0],[-0.375,0],[0,0],[0,0],[0,0],[0,0]],"o":[[-0.75,-0.25],[0,0],[0,0],[0.375,0],[0,0],[0,0],[0,0],[0,0]],"v":[[-36,-28.5],[-35.938,-28.688],[-35.938,-28.5],[-36.062,-28.562],[-28.625,-27.188],[-28.625,-27.25],[-28.625,-27.125],[-28.625,-27.125]],"c":true}],"e":[{"i":[[0.75,0.25],[0,0],[0,0],[-0.375,0],[0,0],[0,0],[0,0],[0,0]],"o":[[-0.75,-0.25],[0,0],[0,0],[0.375,0],[0,0],[0,0],[0,0],[0,0]],"v":[[-36.001,-28.5],[-27.313,15.157],[-16.625,25.375],[-16.236,24.246],[-13.737,17.121],[-13.375,15.5],[-15.376,11.875],[-28.625,-27.125]],"c":true}]},{"i":{"x":0.833,"y":1},"o":{"x":0.333,"y":0},"n":"0p833_1_0p333_0","t":529,"s":[{"i":[[0.75,0.25],[0,0],[0,0],[-0.375,0],[0,0],[0,0],[0,0],[0,0]],"o":[[-0.75,-0.25],[0,0],[0,0],[0.375,0],[0,0],[0,0],[0,0],[0,0]],"v":[[-36.001,-28.5],[-27.313,15.157],[-16.625,25.375],[-16.236,24.246],[-13.737,17.121],[-13.375,15.5],[-15.376,11.875],[-28.625,-27.125]],"c":true}],"e":[{"i":[[0.75,0.25],[0,0],[0,0],[-0.375,0],[0,0],[0,0],[0,0],[0,0]],"o":[[-0.75,-0.25],[0,0],[0,0],[0.375,0],[0,0],[0,0],[0,0],[0,0]],"v":[[-38.125,-29],[-27.25,16.625],[-16.25,25.125],[36.875,9.625],[37.75,0.625],[-12.625,14.375],[-18.375,11.625],[-28.625,-27.125]],"c":true}]},{"t":563.00002293146}]},"o":{"a":0,"k":100},"x":{"a":0,"k":0},"nm":"Mask 4"},{"inv":false,"mode":"a","pt":{"a":1,"k":[{"i":{"x":0.833,"y":0.833},"o":{"x":0.167,"y":0.167},"n":"0p833_0p833_0p167_0p167","t":56,"s":[{"i":[[0.639,-0.213],[3.876,-1.113],[0.446,-0.149],[4.61,0.45],[0,0],[-1.25,0],[-7.302,-1.3],[0,0],[0,0],[0,0],[0,0],[0,0],[0.75,0],[7.592,1.941]],"o":[[-0.608,0.202],[-5.694,1.635],[-0.252,0.084],[-9.108,-0.89],[0,0],[0.651,0],[6.71,1.195],[0,0],[0,0],[0,0],[0,0],[0,0],[-0.431,0],[-5.63,-1.439]],"v":[[10.75,-32.75],[2.87,-30.453],[-10,-26.75],[-18.417,-27.428],[-40.75,-29.75],[-40.25,26.25],[-24.516,28.908],[-11.5,31.25],[6.797,28.322],[19.75,26.25],[31.359,28.876],[40.75,31],[38.75,-26],[22.054,-30.331]],"c":true}],"e":[{"i":[[0.639,-0.213],[3.876,-1.113],[0.446,-0.149],[4.54,0.341],[0,0],[-1.25,0],[-7.302,-1.3],[0,0],[0,0],[0,0],[0,0],[0,0],[0.75,0],[7.592,1.941]],"o":[[-0.608,0.202],[-5.694,1.635],[-0.252,0.084],[-8.971,-0.673],[0,0],[0.651,0],[6.71,1.195],[0,0],[0,0],[0,0],[0,0],[0,0],[-0.431,0],[-5.63,-1.439]],"v":[[10.75,-32.75],[2.87,-30.453],[-10,-26.75],[-18.295,-27.235],[-40.288,-29.019],[-40.25,26.25],[-24.516,28.908],[-11.5,31.25],[6.797,28.322],[19.75,26.25],[31.359,28.876],[40.75,31],[38.75,-26],[22.054,-30.331]],"c":true}]},{"i":{"x":0.833,"y":0.833},"o":{"x":0.167,"y":0.167},"n":"0p833_0p833_0p167_0p167","t":76,"s":[{"i":[[0.639,-0.213],[3.876,-1.113],[0.446,-0.149],[4.54,0.341],[0,0],[-1.25,0],[-7.302,-1.3],[0,0],[0,0],[0,0],[0,0],[0,0],[0.75,0],[7.592,1.941]],"o":[[-0.608,0.202],[-5.694,1.635],[-0.252,0.084],[-8.971,-0.673],[0,0],[0.651,0],[6.71,1.195],[0,0],[0,0],[0,0],[0,0],[0,0],[-0.431,0],[-5.63,-1.439]],"v":[[10.75,-32.75],[2.87,-30.453],[-10,-26.75],[-18.295,-27.235],[-40.288,-29.019],[-40.25,26.25],[-24.516,28.908],[-11.5,31.25],[6.797,28.322],[19.75,26.25],[31.359,28.876],[40.75,31],[38.75,-26],[22.054,-30.331]],"c":true}],"e":[{"i":[[0.664,-0.221],[4.143,-1.329],[0.433,-0.144],[5.319,-1.069],[0,0],[-1.25,0],[-7.079,-1.259],[0,0],[0,0],[0,0],[0,0],[0,0],[0.75,0],[7.423,1.907]],"o":[[-0.635,0.212],[-5.645,1.811],[-0.286,0.095],[-8.646,1.738],[0,0],[0.629,0],[6.978,1.241],[0,0],[0,0],[0,0],[0,0],[0,0],[-0.418,0],[-5.896,-1.515]],"v":[[10.75,-32.75],[2.246,-30.012],[-10.25,-26],[-20.238,-17.442],[-40,-20],[-40.25,26.25],[-25.255,28.777],[-11.5,31.25],[5.914,28.464],[19.75,26.25],[30.99,28.792],[40.75,31],[38.75,-26],[22.727,-30.159]],"c":true}]},{"i":{"x":0.833,"y":0.833},"o":{"x":0.167,"y":0.167},"n":"0p833_0p833_0p167_0p167","t":83,"s":[{"i":[[0.664,-0.221],[4.143,-1.329],[0.433,-0.144],[5.319,-1.069],[0,0],[-1.25,0],[-7.079,-1.259],[0,0],[0,0],[0,0],[0,0],[0,0],[0.75,0],[7.423,1.907]],"o":[[-0.635,0.212],[-5.645,1.811],[-0.286,0.095],[-8.646,1.738],[0,0],[0.629,0],[6.978,1.241],[0,0],[0,0],[0,0],[0,0],[0,0],[-0.418,0],[-5.896,-1.515]],"v":[[10.75,-32.75],[2.246,-30.012],[-10.25,-26],[-20.238,-17.442],[-40,-20],[-40.25,26.25],[-25.255,28.777],[-11.5,31.25],[5.914,28.464],[19.75,26.25],[30.99,28.792],[40.75,31],[38.75,-26],[22.727,-30.159]],"c":true}],"e":[{"i":[[0.664,-0.221],[4.143,-1.329],[0.433,-0.144],[5.319,-1.069],[0,0],[-1.25,0],[-7.079,-1.259],[0,0],[0,0],[0,0],[0,0],[0,0],[0.75,0],[7.423,1.907]],"o":[[-0.635,0.212],[-5.645,1.811],[-0.286,0.095],[-8.646,1.738],[0,0],[0.629,0],[6.978,1.241],[0,0],[0,0],[0,0],[0,0],[0,0],[-0.418,0],[-5.896,-1.515]],"v":[[10.75,-32.75],[2.246,-30.012],[-7.5,-19.5],[-20.238,-17.442],[-40,-20],[-40.25,26.25],[-25.255,28.777],[-11.5,31.25],[5.914,28.464],[19.75,26.25],[30.99,28.792],[40.75,31],[38.75,-26],[22.727,-30.159]],"c":true}]},{"i":{"x":0.833,"y":0.833},"o":{"x":0.167,"y":0.167},"n":"0p833_0p833_0p167_0p167","t":93,"s":[{"i":[[0.664,-0.221],[4.143,-1.329],[0.433,-0.144],[5.319,-1.069],[0,0],[-1.25,0],[-7.079,-1.259],[0,0],[0,0],[0,0],[0,0],[0,0],[0.75,0],[7.423,1.907]],"o":[[-0.635,0.212],[-5.645,1.811],[-0.286,0.095],[-8.646,1.738],[0,0],[0.629,0],[6.978,1.241],[0,0],[0,0],[0,0],[0,0],[0,0],[-0.418,0],[-5.896,-1.515]],"v":[[10.75,-32.75],[2.246,-30.012],[-7.5,-19.5],[-20.238,-17.442],[-40,-20],[-40.25,26.25],[-25.255,28.777],[-11.5,31.25],[5.914,28.464],[19.75,26.25],[30.99,28.792],[40.75,31],[38.75,-26],[22.727,-30.159]],"c":true}],"e":[{"i":[[0.664,-0.221],[4.143,-1.329],[0.433,-0.144],[5.319,-1.069],[0,0],[-1.25,0],[-7.079,-1.259],[0,0],[0,0],[0,0],[0,0],[0,0],[0.75,0],[7.423,1.907]],"o":[[-0.635,0.212],[-5.645,1.811],[-0.286,0.095],[-8.646,1.738],[0,0],[0.629,0],[6.978,1.241],[0,0],[0,0],[0,0],[0,0],[0,0],[-0.418,0],[-5.896,-1.515]],"v":[[19.75,-16],[6.996,-16.512],[-7.5,-19.5],[-20.238,-17.442],[-40,-20],[-40.25,26.25],[-25.255,28.777],[-11.5,31.25],[5.914,28.464],[19.75,26.25],[30.99,28.792],[40.75,31],[39.25,-15],[29.477,-15.159]],"c":true}]},{"i":{"x":0.833,"y":0.833},"o":{"x":0.167,"y":0.167},"n":"0p833_0p833_0p167_0p167","t":102,"s":[{"i":[[0.664,-0.221],[4.143,-1.329],[0.433,-0.144],[5.319,-1.069],[0,0],[-1.25,0],[-7.079,-1.259],[0,0],[0,0],[0,0],[0,0],[0,0],[0.75,0],[7.423,1.907]],"o":[[-0.635,0.212],[-5.645,1.811],[-0.286,0.095],[-8.646,1.738],[0,0],[0.629,0],[6.978,1.241],[0,0],[0,0],[0,0],[0,0],[0,0],[-0.418,0],[-5.896,-1.515]],"v":[[19.75,-16],[6.996,-16.512],[-7.5,-19.5],[-20.238,-17.442],[-40,-20],[-40.25,26.25],[-25.255,28.777],[-11.5,31.25],[5.914,28.464],[19.75,26.25],[30.99,28.792],[40.75,31],[39.25,-15],[29.477,-15.159]],"c":true}],"e":[{"i":[[0.664,-0.221],[4.504,2.012],[0.433,-0.144],[5.319,-1.069],[0,0],[-1.25,0],[-7.079,-1.259],[0,0],[0,0],[0,0],[0,0],[0,0],[0.75,0],[7.552,-1.301]],"o":[[-0.635,0.212],[-5.413,-2.418],[-0.286,0.095],[-8.646,1.738],[0,0],[0.629,0],[6.978,1.241],[0,0],[0,0],[0,0],[0,0],[0,0],[-0.418,0],[-6.727,1.159]],"v":[[16.25,-7.75],[5.746,-10.012],[-7.5,-19.5],[-20.238,-17.442],[-40,-20],[-40.25,26.25],[-25.255,28.777],[-11.5,31.25],[5.914,28.464],[19.75,26.25],[30.99,28.792],[40.75,31],[40,-11.75],[29.727,-9.909]],"c":true}]},{"i":{"x":0.833,"y":0.833},"o":{"x":0.167,"y":0.167},"n":"0p833_0p833_0p167_0p167","t":116,"s":[{"i":[[0.664,-0.221],[4.504,2.012],[0.433,-0.144],[5.319,-1.069],[0,0],[-1.25,0],[-7.079,-1.259],[0,0],[0,0],[0,0],[0,0],[0,0],[0.75,0],[7.552,-1.301]],"o":[[-0.635,0.212],[-5.413,-2.418],[-0.286,0.095],[-8.646,1.738],[0,0],[0.629,0],[6.978,1.241],[0,0],[0,0],[0,0],[0,0],[0,0],[-0.418,0],[-6.727,1.159]],"v":[[16.25,-7.75],[5.746,-10.012],[-7.5,-19.5],[-20.238,-17.442],[-40,-20],[-40.25,26.25],[-25.255,28.777],[-11.5,31.25],[5.914,28.464],[19.75,26.25],[30.99,28.792],[40.75,31],[40,-11.75],[29.727,-9.909]],"c":true}],"e":[{"i":[[0.664,-0.221],[4.504,2.012],[0.433,-0.144],[5.319,-1.069],[0,0],[-1.25,0],[-7.079,-1.259],[0,0],[0,0],[0,0],[0,0],[0,0],[0.75,0],[7.552,-1.301]],"o":[[-0.635,0.212],[-5.413,-2.418],[-0.286,0.095],[-8.646,1.738],[0,0],[0.629,0],[6.978,1.241],[0,0],[0,0],[0,0],[0,0],[0,0],[-0.418,0],[-6.727,1.159]],"v":[[16.25,-7.75],[0.496,-5.012],[-6.75,-6.5],[-20.238,-17.442],[-40,-20],[-40.25,26.25],[-25.255,28.777],[-11.5,31.25],[5.914,28.464],[19.75,26.25],[30.99,28.792],[40.75,31],[40,-11.75],[29.727,-9.909]],"c":true}]},{"i":{"x":0.833,"y":0.833},"o":{"x":0.167,"y":0.167},"n":"0p833_0p833_0p167_0p167","t":121,"s":[{"i":[[0.664,-0.221],[4.504,2.012],[0.433,-0.144],[5.319,-1.069],[0,0],[-1.25,0],[-7.079,-1.259],[0,0],[0,0],[0,0],[0,0],[0,0],[0.75,0],[7.552,-1.301]],"o":[[-0.635,0.212],[-5.413,-2.418],[-0.286,0.095],[-8.646,1.738],[0,0],[0.629,0],[6.978,1.241],[0,0],[0,0],[0,0],[0,0],[0,0],[-0.418,0],[-6.727,1.159]],"v":[[16.25,-7.75],[0.496,-5.012],[-6.75,-6.5],[-20.238,-17.442],[-40,-20],[-40.25,26.25],[-25.255,28.777],[-11.5,31.25],[5.914,28.464],[19.75,26.25],[30.99,28.792],[40.75,31],[40,-11.75],[29.727,-9.909]],"c":true}],"e":[{"i":[[0.664,-0.221],[4.504,2.012],[0.433,-0.144],[5.319,-1.069],[0,0],[-1.25,0],[-7.079,-1.259],[0,0],[0,0],[0,0],[0,0],[0,0],[0.75,0],[7.552,-1.301]],"o":[[-0.635,0.212],[-5.413,-2.418],[-0.286,0.095],[-8.646,1.738],[0,0],[0.629,0],[6.978,1.241],[0,0],[0,0],[0,0],[0,0],[0,0],[-0.418,0],[-6.727,1.159]],"v":[[16.25,-7.75],[0.496,-5.012],[-6.75,-6.5],[-24.238,-0.692],[-39.75,0.25],[-40.25,26.25],[-25.255,28.777],[-11.5,31.25],[5.914,28.464],[19.75,26.25],[30.99,28.792],[40.75,31],[40,-11.75],[29.727,-9.909]],"c":true}]},{"i":{"x":0.833,"y":0.833},"o":{"x":0.167,"y":0.167},"n":"0p833_0p833_0p167_0p167","t":129,"s":[{"i":[[0.664,-0.221],[4.504,2.012],[0.433,-0.144],[5.319,-1.069],[0,0],[-1.25,0],[-7.079,-1.259],[0,0],[0,0],[0,0],[0,0],[0,0],[0.75,0],[7.552,-1.301]],"o":[[-0.635,0.212],[-5.413,-2.418],[-0.286,0.095],[-8.646,1.738],[0,0],[0.629,0],[6.978,1.241],[0,0],[0,0],[0,0],[0,0],[0,0],[-0.418,0],[-6.727,1.159]],"v":[[16.25,-7.75],[0.496,-5.012],[-6.75,-6.5],[-24.238,-0.692],[-39.75,0.25],[-40.25,26.25],[-25.255,28.777],[-11.5,31.25],[5.914,28.464],[19.75,26.25],[30.99,28.792],[40.75,31],[40,-11.75],[29.727,-9.909]],"c":true}],"e":[{"i":[[0.664,-0.221],[4.504,2.012],[0.433,-0.144],[5.416,0.309],[0,0],[-1.25,0],[-7.079,-1.259],[0,0],[0,0],[0,0],[0,0],[0,0],[0.75,0],[7.552,-1.301]],"o":[[-0.635,0.212],[-5.413,-2.418],[-0.286,0.095],[-9.762,-0.558],[0,0],[0.629,0],[6.978,1.241],[0,0],[0,0],[0,0],[0,0],[0,0],[-0.418,0],[-6.727,1.159]],"v":[[16.25,-7.75],[0.496,-5.012],[-16.25,-7.25],[-23.488,3.058],[-39.75,0.25],[-40.25,26.25],[-25.255,28.777],[-11.5,31.25],[5.914,28.464],[19.75,26.25],[30.99,28.792],[40.75,31],[40,-11.75],[29.727,-9.909]],"c":true}]},{"i":{"x":0.833,"y":0.833},"o":{"x":0.167,"y":0.167},"n":"0p833_0p833_0p167_0p167","t":137,"s":[{"i":[[0.664,-0.221],[4.504,2.012],[0.433,-0.144],[5.416,0.309],[0,0],[-1.25,0],[-7.079,-1.259],[0,0],[0,0],[0,0],[0,0],[0,0],[0.75,0],[7.552,-1.301]],"o":[[-0.635,0.212],[-5.413,-2.418],[-0.286,0.095],[-9.762,-0.558],[0,0],[0.629,0],[6.978,1.241],[0,0],[0,0],[0,0],[0,0],[0,0],[-0.418,0],[-6.727,1.159]],"v":[[16.25,-7.75],[0.496,-5.012],[-16.25,-7.25],[-23.488,3.058],[-39.75,0.25],[-40.25,26.25],[-25.255,28.777],[-11.5,31.25],[5.914,28.464],[19.75,26.25],[30.99,28.792],[40.75,31],[40,-11.75],[29.727,-9.909]],"c":true}],"e":[{"i":[[0.664,-0.221],[4.504,2.012],[0.433,-0.144],[5.416,0.309],[0,0],[-1.25,0],[-7.079,-1.259],[0,0],[0,0],[0,0],[0,0],[0,0],[0.75,0],[7.552,-1.301]],"o":[[-0.635,0.212],[-5.413,-2.418],[-0.286,0.095],[-9.762,-0.558],[0,0],[0.629,0],[6.978,1.241],[0,0],[0,0],[0,0],[0,0],[0,0],[-0.418,0],[-6.727,1.159]],"v":[[16.25,-7.75],[0.496,-5.012],[-5.75,1.25],[-23.488,3.058],[-39.75,0.25],[-40.25,26.25],[-25.255,28.777],[-11.5,31.25],[5.914,28.464],[19.75,26.25],[30.99,28.792],[40.75,31],[40,-11.75],[29.727,-9.909]],"c":true}]},{"i":{"x":0.833,"y":0.833},"o":{"x":0.167,"y":0.167},"n":"0p833_0p833_0p167_0p167","t":142,"s":[{"i":[[0.664,-0.221],[4.504,2.012],[0.433,-0.144],[5.416,0.309],[0,0],[-1.25,0],[-7.079,-1.259],[0,0],[0,0],[0,0],[0,0],[0,0],[0.75,0],[7.552,-1.301]],"o":[[-0.635,0.212],[-5.413,-2.418],[-0.286,0.095],[-9.762,-0.558],[0,0],[0.629,0],[6.978,1.241],[0,0],[0,0],[0,0],[0,0],[0,0],[-0.418,0],[-6.727,1.159]],"v":[[16.25,-7.75],[0.496,-5.012],[-5.75,1.25],[-23.488,3.058],[-39.75,0.25],[-40.25,26.25],[-25.255,28.777],[-11.5,31.25],[5.914,28.464],[19.75,26.25],[30.99,28.792],[40.75,31],[40,-11.75],[29.727,-9.909]],"c":true}],"e":[{"i":[[0.664,-0.221],[4.881,-0.715],[0.433,-0.144],[5.416,0.309],[0,0],[-1.25,0],[-7.079,-1.259],[0,0],[0,0],[0,0],[0,0],[0,0],[0.75,0],[7.552,-1.301]],"o":[[-0.635,0.212],[-3.496,0.512],[-0.286,0.095],[-9.762,-0.558],[0,0],[0.629,0],[6.978,1.241],[0,0],[0,0],[0,0],[0,0],[0,0],[-0.418,0],[-6.727,1.159]],"v":[[16.25,-7.75],[2.121,2.863],[-5.75,3],[-23.488,3.058],[-39.75,0.25],[-40.25,26.25],[-25.255,28.777],[-11.5,31.25],[5.914,28.464],[19.75,26.25],[30.99,28.792],[40.75,31],[40,-11.75],[29.727,-9.909]],"c":true}]},{"i":{"x":0.833,"y":0.833},"o":{"x":0.167,"y":0.167},"n":"0p833_0p833_0p167_0p167","t":144,"s":[{"i":[[0.664,-0.221],[4.881,-0.715],[0.433,-0.144],[5.416,0.309],[0,0],[-1.25,0],[-7.079,-1.259],[0,0],[0,0],[0,0],[0,0],[0,0],[0.75,0],[7.552,-1.301]],"o":[[-0.635,0.212],[-3.496,0.512],[-0.286,0.095],[-9.762,-0.558],[0,0],[0.629,0],[6.978,1.241],[0,0],[0,0],[0,0],[0,0],[0,0],[-0.418,0],[-6.727,1.159]],"v":[[16.25,-7.75],[2.121,2.863],[-5.75,3],[-23.488,3.058],[-39.75,0.25],[-40.25,26.25],[-25.255,28.777],[-11.5,31.25],[5.914,28.464],[19.75,26.25],[30.99,28.792],[40.75,31],[40,-11.75],[29.727,-9.909]],"c":true}],"e":[{"i":[[0.664,-0.221],[4.881,-0.715],[0.433,-0.144],[5.416,0.309],[0,0],[-1.25,0],[-7.079,-1.259],[0,0],[0,0],[0,0],[0,0],[0,0],[0.75,0],[7.552,-1.301]],"o":[[-0.635,0.212],[-3.496,0.512],[-0.286,0.095],[-9.762,-0.558],[0,0],[0.629,0],[6.978,1.241],[0,0],[0,0],[0,0],[0,0],[0,0],[-0.418,0],[-6.727,1.159]],"v":[[16.25,-7.75],[2.121,2.863],[-5.75,3],[-23.488,3.058],[-39.75,0.25],[-40.25,26.25],[-25.255,28.777],[-11.5,31.25],[5.914,28.464],[19.75,26.25],[30.99,28.792],[40.75,31],[40,-11.75],[29.727,-9.909]],"c":true}]},{"i":{"x":0.833,"y":0.833},"o":{"x":0.167,"y":0.167},"n":"0p833_0p833_0p167_0p167","t":148,"s":[{"i":[[0.664,-0.221],[4.881,-0.715],[0.433,-0.144],[5.416,0.309],[0,0],[-1.25,0],[-7.079,-1.259],[0,0],[0,0],[0,0],[0,0],[0,0],[0.75,0],[7.552,-1.301]],"o":[[-0.635,0.212],[-3.496,0.512],[-0.286,0.095],[-9.762,-0.558],[0,0],[0.629,0],[6.978,1.241],[0,0],[0,0],[0,0],[0,0],[0,0],[-0.418,0],[-6.727,1.159]],"v":[[16.25,-7.75],[2.121,2.863],[-5.75,3],[-23.488,3.058],[-39.75,0.25],[-40.25,26.25],[-25.255,28.777],[-11.5,31.25],[5.914,28.464],[19.75,26.25],[30.99,28.792],[40.75,31],[40,-11.75],[29.727,-9.909]],"c":true}],"e":[{"i":[[0.664,-0.221],[4.881,-0.715],[0.433,-0.144],[5.416,0.309],[0,0],[-1.25,0],[-7.079,-1.259],[0,0],[0,0],[0,0],[0,0],[0,0],[0.75,0],[7.552,-1.301]],"o":[[-0.635,0.212],[-3.496,0.512],[-0.286,0.095],[-9.762,-0.558],[0,0],[0.629,0],[6.978,1.241],[0,0],[0,0],[0,0],[0,0],[0,0],[-0.418,0],[-6.727,1.159]],"v":[[21.375,5.375],[2.121,2.863],[-5.75,3],[-23.488,3.058],[-39.75,0.25],[-40.25,26.25],[-25.255,28.777],[-11.5,31.25],[5.914,28.464],[19.75,26.25],[30.99,28.792],[40.75,31],[39.5,1.125],[29.977,2.966]],"c":true}]},{"i":{"x":0.833,"y":0.833},"o":{"x":0.167,"y":0.167},"n":"0p833_0p833_0p167_0p167","t":149,"s":[{"i":[[0.664,-0.221],[4.881,-0.715],[0.433,-0.144],[5.416,0.309],[0,0],[-1.25,0],[-7.079,-1.259],[0,0],[0,0],[0,0],[0,0],[0,0],[0.75,0],[7.552,-1.301]],"o":[[-0.635,0.212],[-3.496,0.512],[-0.286,0.095],[-9.762,-0.558],[0,0],[0.629,0],[6.978,1.241],[0,0],[0,0],[0,0],[0,0],[0,0],[-0.418,0],[-6.727,1.159]],"v":[[21.375,5.375],[2.121,2.863],[-5.75,3],[-23.488,3.058],[-39.75,0.25],[-40.25,26.25],[-25.255,28.777],[-11.5,31.25],[5.914,28.464],[19.75,26.25],[30.99,28.792],[40.75,31],[39.5,1.125],[29.977,2.966]],"c":true}],"e":[{"i":[[0.664,-0.221],[4.881,-0.715],[0.433,-0.144],[5.416,0.309],[0,0],[-1.25,0],[-7.079,-1.259],[0,0],[0,0],[0,0],[0,0],[0,0],[0.75,0],[4.273,0.909]],"o":[[-0.635,0.212],[-3.496,0.512],[-0.286,0.095],[-9.762,-0.558],[0,0],[0.629,0],[6.978,1.241],[0,0],[0,0],[0,0],[0,0],[0,0],[-0.418,0],[-6.676,-1.42]],"v":[[21.375,5.375],[2.121,2.863],[-5.75,3],[-23.488,3.058],[-39.75,0.25],[-40.25,26.25],[-25.255,28.777],[-11.5,31.25],[5.914,28.464],[19.75,26.25],[30.99,28.792],[40.75,31],[38.125,7.625],[29.977,4.216]],"c":true}]},{"i":{"x":0.833,"y":0.833},"o":{"x":0.167,"y":0.167},"n":"0p833_0p833_0p167_0p167","t":154,"s":[{"i":[[0.664,-0.221],[4.881,-0.715],[0.433,-0.144],[5.416,0.309],[0,0],[-1.25,0],[-7.079,-1.259],[0,0],[0,0],[0,0],[0,0],[0,0],[0.75,0],[4.273,0.909]],"o":[[-0.635,0.212],[-3.496,0.512],[-0.286,0.095],[-9.762,-0.558],[0,0],[0.629,0],[6.978,1.241],[0,0],[0,0],[0,0],[0,0],[0,0],[-0.418,0],[-6.676,-1.42]],"v":[[21.375,5.375],[2.121,2.863],[-5.75,3],[-23.488,3.058],[-39.75,0.25],[-40.25,26.25],[-25.255,28.777],[-11.5,31.25],[5.914,28.464],[19.75,26.25],[30.99,28.792],[40.75,31],[38.125,7.625],[29.977,4.216]],"c":true}],"e":[{"i":[[0.664,-0.221],[4.881,-0.715],[0.433,-0.144],[5.416,0.309],[0,0],[-1.25,0],[-7.079,-1.259],[0,0],[0,0],[0,0],[0,0],[0,0],[0.75,0],[0.148,0.409]],"o":[[-0.635,0.212],[-3.496,0.512],[-0.286,0.095],[-9.762,-0.558],[0,0],[0.629,0],[6.978,1.241],[0,0],[0,0],[0,0],[0,0],[0,0],[-0.418,0],[-0.227,-0.341]],"v":[[17.75,5.25],[2.121,2.863],[-5.75,3],[-23.488,3.058],[-39.75,0.25],[-40.25,26.25],[-25.255,28.777],[-11.5,31.25],[5.914,28.464],[19.75,26.25],[30.99,28.792],[40.75,31],[23.75,10.375],[22.852,8.091]],"c":true}]},{"i":{"x":0.833,"y":0.833},"o":{"x":0.167,"y":0.167},"n":"0p833_0p833_0p167_0p167","t":159,"s":[{"i":[[0.664,-0.221],[4.881,-0.715],[0.433,-0.144],[5.416,0.309],[0,0],[-1.25,0],[-7.079,-1.259],[0,0],[0,0],[0,0],[0,0],[0,0],[0.75,0],[0.148,0.409]],"o":[[-0.635,0.212],[-3.496,0.512],[-0.286,0.095],[-9.762,-0.558],[0,0],[0.629,0],[6.978,1.241],[0,0],[0,0],[0,0],[0,0],[0,0],[-0.418,0],[-0.227,-0.341]],"v":[[17.75,5.25],[2.121,2.863],[-5.75,3],[-23.488,3.058],[-39.75,0.25],[-40.25,26.25],[-25.255,28.777],[-11.5,31.25],[5.914,28.464],[19.75,26.25],[30.99,28.792],[40.75,31],[23.75,10.375],[22.852,8.091]],"c":true}],"e":[{"i":[[0.664,-0.221],[4.881,-0.715],[0.433,-0.144],[5.416,0.309],[0,0],[-1.25,0],[-7.079,-1.259],[0,0],[0,0],[0,0],[0,0],[0,0],[0.75,0],[0.148,0.409]],"o":[[-0.635,0.212],[-3.496,0.512],[-0.286,0.095],[-9.762,-0.558],[0,0],[0.629,0],[6.978,1.241],[0,0],[0,0],[0,0],[0,0],[0,0],[-0.418,0],[-0.227,-0.341]],"v":[[8.625,4],[2.121,2.863],[-5.75,3],[-23.488,3.058],[-39.75,0.25],[-40.25,26.25],[-25.255,28.777],[-11.5,31.25],[5.914,28.464],[19.75,26.25],[30.99,28.792],[40.75,31],[23.75,10.75],[3.102,14.716]],"c":true}]},{"i":{"x":0.833,"y":0.833},"o":{"x":0.167,"y":0.167},"n":"0p833_0p833_0p167_0p167","t":165,"s":[{"i":[[0.664,-0.221],[4.881,-0.715],[0.433,-0.144],[5.416,0.309],[0,0],[-1.25,0],[-7.079,-1.259],[0,0],[0,0],[0,0],[0,0],[0,0],[0.75,0],[0.148,0.409]],"o":[[-0.635,0.212],[-3.496,0.512],[-0.286,0.095],[-9.762,-0.558],[0,0],[0.629,0],[6.978,1.241],[0,0],[0,0],[0,0],[0,0],[0,0],[-0.418,0],[-0.227,-0.341]],"v":[[8.625,4],[2.121,2.863],[-5.75,3],[-23.488,3.058],[-39.75,0.25],[-40.25,26.25],[-25.255,28.777],[-11.5,31.25],[5.914,28.464],[19.75,26.25],[30.99,28.792],[40.75,31],[23.75,10.75],[3.102,14.716]],"c":true}],"e":[{"i":[[0.664,-0.221],[4.881,-0.715],[0.433,-0.144],[5.416,0.309],[0,0],[-1.25,0],[-7.079,-1.259],[0,0],[0,0],[0,0],[0,0],[0,0],[0.75,0],[0.148,0.409]],"o":[[-0.635,0.212],[-3.496,0.512],[-0.286,0.095],[-9.762,-0.558],[0,0],[0.629,0],[6.978,1.241],[0,0],[0,0],[0,0],[0,0],[0,0],[-0.418,0],[-0.227,-0.341]],"v":[[-16.625,6.25],[-15.379,3.113],[-18.5,0.625],[-23.488,3.058],[-39.75,0.25],[-40.25,26.25],[-25.255,28.777],[-11.5,31.25],[5.914,28.464],[19.75,26.25],[30.99,28.792],[40.75,31],[23.75,10.75],[-19.273,16.591]],"c":true}]},{"i":{"x":0.833,"y":0.833},"o":{"x":0.167,"y":0.167},"n":"0p833_0p833_0p167_0p167","t":171,"s":[{"i":[[0.664,-0.221],[4.881,-0.715],[0.433,-0.144],[5.416,0.309],[0,0],[-1.25,0],[-7.079,-1.259],[0,0],[0,0],[0,0],[0,0],[0,0],[0.75,0],[0.148,0.409]],"o":[[-0.635,0.212],[-3.496,0.512],[-0.286,0.095],[-9.762,-0.558],[0,0],[0.629,0],[6.978,1.241],[0,0],[0,0],[0,0],[0,0],[0,0],[-0.418,0],[-0.227,-0.341]],"v":[[-16.625,6.25],[-15.379,3.113],[-18.5,0.625],[-23.488,3.058],[-39.75,0.25],[-40.25,26.25],[-25.255,28.777],[-11.5,31.25],[5.914,28.464],[19.75,26.25],[30.99,28.792],[40.75,31],[23.75,10.75],[-19.273,16.591]],"c":true}],"e":[{"i":[[0,0],[0,0],[0,0],[0,0],[0,0],[0,0],[-7.079,-1.259],[0,0],[0,0],[0,0],[0,0],[0,0],[0,0],[0,0]],"o":[[0,0],[0,0],[0,0],[0,0],[0,0],[0,0],[6.978,1.241],[0,0],[0,0],[0,0],[0,0],[0,0],[0,0],[0,0]],"v":[[-27,16.5],[-29.254,15.238],[-32.375,14],[-34.988,11.683],[-39.75,0.25],[-40.25,26.25],[-25.255,28.777],[-11.5,31.25],[5.914,28.464],[19.75,26.25],[30.99,28.792],[40.75,31],[23.75,10.75],[-19.273,16.591]],"c":true}]},{"i":{"x":0.833,"y":0.833},"o":{"x":0.167,"y":0.167},"n":"0p833_0p833_0p167_0p167","t":173,"s":[{"i":[[0,0],[0,0],[0,0],[0,0],[0,0],[0,0],[-7.079,-1.259],[0,0],[0,0],[0,0],[0,0],[0,0],[0,0],[0,0]],"o":[[0,0],[0,0],[0,0],[0,0],[0,0],[0,0],[6.978,1.241],[0,0],[0,0],[0,0],[0,0],[0,0],[0,0],[0,0]],"v":[[-27,16.5],[-29.254,15.238],[-32.375,14],[-34.988,11.683],[-39.75,0.25],[-40.25,26.25],[-25.255,28.777],[-11.5,31.25],[5.914,28.464],[19.75,26.25],[30.99,28.792],[40.75,31],[23.75,10.75],[-19.273,16.591]],"c":true}],"e":[{"i":[[0,0],[0,0],[0,0],[0,0],[0,0],[0,0],[-7.079,-1.259],[0,0],[0,0],[0,0],[0,0],[0,0],[0,0],[0,0]],"o":[[0,0],[0,0],[0,0],[0,0],[0,0],[0,0],[6.978,1.241],[0,0],[0,0],[0,0],[0,0],[0,0],[0,0],[0,0]],"v":[[-27,16.5],[-29.254,15.238],[-32.375,14],[-34.988,11.683],[-39.75,16],[-40.25,26.25],[-25.255,28.777],[-11.5,31.25],[5.914,28.464],[19.75,26.25],[30.99,28.792],[40.75,31],[23.75,10.75],[-19.273,16.591]],"c":true}]},{"i":{"x":0.833,"y":0.833},"o":{"x":0.167,"y":0.167},"n":"0p833_0p833_0p167_0p167","t":176,"s":[{"i":[[0,0],[0,0],[0,0],[0,0],[0,0],[0,0],[-7.079,-1.259],[0,0],[0,0],[0,0],[0,0],[0,0],[0,0],[0,0]],"o":[[0,0],[0,0],[0,0],[0,0],[0,0],[0,0],[6.978,1.241],[0,0],[0,0],[0,0],[0,0],[0,0],[0,0],[0,0]],"v":[[-27,16.5],[-29.254,15.238],[-32.375,14],[-34.988,11.683],[-39.75,16],[-40.25,26.25],[-25.255,28.777],[-11.5,31.25],[5.914,28.464],[19.75,26.25],[30.99,28.792],[40.75,31],[23.75,10.75],[-19.273,16.591]],"c":true}],"e":[{"i":[[0,0],[0,0],[0,0],[0,0],[0,0],[0,0],[-7.079,-1.259],[0,0],[0,0],[0,0],[0,0],[0,0],[0,0],[0,0]],"o":[[0,0],[0,0],[0,0],[0,0],[0,0],[0,0],[6.978,1.241],[0,0],[0,0],[0,0],[0,0],[0,0],[0,0],[0,0]],"v":[[-27,16.5],[-29.254,15.238],[-32.375,14],[-34.988,11.683],[-39.75,16],[-40.25,26.25],[-25.255,28.777],[-11.5,31.25],[5.914,28.464],[19.75,26.25],[30.99,28.792],[40.75,31],[23.75,10.75],[-19.273,16.591]],"c":true}]},{"i":{"x":0.833,"y":0.833},"o":{"x":0.167,"y":0.167},"n":"0p833_0p833_0p167_0p167","t":180,"s":[{"i":[[0,0],[0,0],[0,0],[0,0],[0,0],[0,0],[-7.079,-1.259],[0,0],[0,0],[0,0],[0,0],[0,0],[0,0],[0,0]],"o":[[0,0],[0,0],[0,0],[0,0],[0,0],[0,0],[6.978,1.241],[0,0],[0,0],[0,0],[0,0],[0,0],[0,0],[0,0]],"v":[[-27,16.5],[-29.254,15.238],[-32.375,14],[-34.988,11.683],[-39.75,16],[-40.25,26.25],[-25.255,28.777],[-11.5,31.25],[5.914,28.464],[19.75,26.25],[30.99,28.792],[40.75,31],[23.75,10.75],[-19.273,16.591]],"c":true}],"e":[{"i":[[0,0],[0,0],[0,0],[0,0],[0,0],[0,0],[-7.079,-1.259],[0,0],[0,0],[0,0],[0,0],[0,0],[0,0],[0,0]],"o":[[0,0],[0,0],[0,0],[0,0],[0,0],[0,0],[6.978,1.241],[0,0],[0,0],[0,0],[0,0],[0,0],[0,0],[0,0]],"v":[[-14.375,23.25],[-20.879,21.613],[-32.375,14],[-34.988,11.683],[-39.75,16],[-40.25,26.25],[-25.255,28.777],[-11.5,31.25],[5.914,28.464],[19.75,26.25],[30.99,28.792],[40.75,31],[23.75,10.75],[-11.398,15.716]],"c":true}]},{"i":{"x":0.833,"y":0.833},"o":{"x":0.167,"y":0.167},"n":"0p833_0p833_0p167_0p167","t":182,"s":[{"i":[[0,0],[0,0],[0,0],[0,0],[0,0],[0,0],[-7.079,-1.259],[0,0],[0,0],[0,0],[0,0],[0,0],[0,0],[0,0]],"o":[[0,0],[0,0],[0,0],[0,0],[0,0],[0,0],[6.978,1.241],[0,0],[0,0],[0,0],[0,0],[0,0],[0,0],[0,0]],"v":[[-14.375,23.25],[-20.879,21.613],[-32.375,14],[-34.988,11.683],[-39.75,16],[-40.25,26.25],[-25.255,28.777],[-11.5,31.25],[5.914,28.464],[19.75,26.25],[30.99,28.792],[40.75,31],[23.75,10.75],[-11.398,15.716]],"c":true}],"e":[{"i":[[0,0],[0,0],[0,0],[0,0],[0,0],[0,0],[-7.079,-1.259],[0,0],[0,0],[0,0],[0,0],[0,0],[0,0],[0,0]],"o":[[0,0],[0,0],[0,0],[0,0],[0,0],[0,0],[6.978,1.241],[0,0],[0,0],[0,0],[0,0],[0,0],[0,0],[0,0]],"v":[[5.25,23.75],[-20.879,21.613],[-32.375,14],[-34.988,11.683],[-39.75,16],[-40.25,26.25],[-25.255,28.777],[-11.5,31.25],[5.914,28.464],[19.75,26.25],[30.99,28.792],[40.75,31],[23.75,10.75],[8.352,13.341]],"c":true}]},{"i":{"x":0.833,"y":0.833},"o":{"x":0.167,"y":0.167},"n":"0p833_0p833_0p167_0p167","t":188,"s":[{"i":[[0,0],[0,0],[0,0],[0,0],[0,0],[0,0],[-7.079,-1.259],[0,0],[0,0],[0,0],[0,0],[0,0],[0,0],[0,0]],"o":[[0,0],[0,0],[0,0],[0,0],[0,0],[0,0],[6.978,1.241],[0,0],[0,0],[0,0],[0,0],[0,0],[0,0],[0,0]],"v":[[5.25,23.75],[-20.879,21.613],[-32.375,14],[-34.988,11.683],[-39.75,16],[-40.25,26.25],[-25.255,28.777],[-11.5,31.25],[5.914,28.464],[19.75,26.25],[30.99,28.792],[40.75,31],[23.75,10.75],[8.352,13.341]],"c":true}],"e":[{"i":[[0,0],[0,0],[0,0],[0,0],[0,0],[0,0],[-7.079,-1.259],[0,0],[0,0],[0,0],[0,0],[0,0],[0,0],[0,0]],"o":[[0,0],[0,0],[0,0],[0,0],[0,0],[0,0],[6.978,1.241],[0,0],[0,0],[0,0],[0,0],[0,0],[0,0],[0,0]],"v":[[5.25,23.75],[-20.879,21.613],[-32.375,14],[-34.988,11.683],[-39.75,16],[-40.25,26.25],[-25.255,28.777],[-11.5,31.25],[5.914,28.464],[19.75,26.25],[30.99,28.792],[40.75,31],[23.75,10.75],[23.852,25.341]],"c":true}]},{"i":{"x":0.833,"y":0.833},"o":{"x":0.167,"y":0.167},"n":"0p833_0p833_0p167_0p167","t":193,"s":[{"i":[[0,0],[0,0],[0,0],[0,0],[0,0],[0,0],[-7.079,-1.259],[0,0],[0,0],[0,0],[0,0],[0,0],[0,0],[0,0]],"o":[[0,0],[0,0],[0,0],[0,0],[0,0],[0,0],[6.978,1.241],[0,0],[0,0],[0,0],[0,0],[0,0],[0,0],[0,0]],"v":[[5.25,23.75],[-20.879,21.613],[-32.375,14],[-34.988,11.683],[-39.75,16],[-40.25,26.25],[-25.255,28.777],[-11.5,31.25],[5.914,28.464],[19.75,26.25],[30.99,28.792],[40.75,31],[23.75,10.75],[23.852,25.341]],"c":true}],"e":[{"i":[[0,0],[0,0],[0,0],[0,0],[0,0],[0,0],[-7.079,-1.259],[0,0],[0,0],[0,0],[0,0],[0,0],[0,0],[0,0]],"o":[[0,0],[0,0],[0,0],[0,0],[0,0],[0,0],[6.978,1.241],[0,0],[0,0],[0,0],[0,0],[0,0],[0,0],[0,0]],"v":[[5.25,23.75],[-20.879,21.613],[-32.375,14],[-34.988,11.683],[-39.75,16],[-40.25,26.25],[-25.255,28.777],[-11.5,31.25],[5.914,28.464],[19.75,26.25],[30.99,28.792],[40.75,31],[28.25,15.5],[28.352,26.091]],"c":true}]},{"i":{"x":0.833,"y":0.833},"o":{"x":0.167,"y":0.167},"n":"0p833_0p833_0p167_0p167","t":196,"s":[{"i":[[0,0],[0,0],[0,0],[0,0],[0,0],[0,0],[-7.079,-1.259],[0,0],[0,0],[0,0],[0,0],[0,0],[0,0],[0,0]],"o":[[0,0],[0,0],[0,0],[0,0],[0,0],[0,0],[6.978,1.241],[0,0],[0,0],[0,0],[0,0],[0,0],[0,0],[0,0]],"v":[[5.25,23.75],[-20.879,21.613],[-32.375,14],[-34.988,11.683],[-39.75,16],[-40.25,26.25],[-25.255,28.777],[-11.5,31.25],[5.914,28.464],[19.75,26.25],[30.99,28.792],[40.75,31],[28.25,15.5],[28.352,26.091]],"c":true}],"e":[{"i":[[0,0],[0,0],[0,0],[0,0],[0,0],[0,0],[-7.079,-1.259],[0,0],[0,0],[0,0],[0,0],[0,0],[0,0],[0,0]],"o":[[0,0],[0,0],[0,0],[0,0],[0,0],[0,0],[6.978,1.241],[0,0],[0,0],[0,0],[0,0],[0,0],[0,0],[0,0]],"v":[[5.25,23.75],[-20.879,21.613],[-32.375,14],[-34.988,11.683],[-39.75,16],[-40.25,26.25],[-25.255,28.777],[-11.5,31.25],[5.914,28.464],[19.75,26.25],[30.99,28.792],[40.75,31],[28.25,15.5],[28.352,26.091]],"c":true}]},{"i":{"x":0.833,"y":0.833},"o":{"x":0.167,"y":0.167},"n":"0p833_0p833_0p167_0p167","t":199,"s":[{"i":[[0,0],[0,0],[0,0],[0,0],[0,0],[0,0],[-7.079,-1.259],[0,0],[0,0],[0,0],[0,0],[0,0],[0,0],[0,0]],"o":[[0,0],[0,0],[0,0],[0,0],[0,0],[0,0],[6.978,1.241],[0,0],[0,0],[0,0],[0,0],[0,0],[0,0],[0,0]],"v":[[5.25,23.75],[-20.879,21.613],[-32.375,14],[-34.988,11.683],[-39.75,16],[-40.25,26.25],[-25.255,28.777],[-11.5,31.25],[5.914,28.464],[19.75,26.25],[30.99,28.792],[40.75,31],[28.25,15.5],[28.352,26.091]],"c":true}],"e":[{"i":[[0,0],[0,0],[0,0],[0,0],[0,0],[0,0],[-7.079,-1.259],[0,0],[0,0],[0,0],[0,0],[0,0],[0,0],[0,0]],"o":[[0,0],[0,0],[0,0],[0,0],[0,0],[0,0],[6.978,1.241],[0,0],[0,0],[0,0],[0,0],[0,0],[0,0],[0,0]],"v":[[5.25,23.75],[-20.879,21.613],[-32.375,14],[-34.988,11.683],[-39.75,16],[-40.25,26.25],[-25.255,28.777],[-11.5,31.25],[5.914,28.464],[19.75,26.25],[30.99,28.792],[40.75,31],[32.875,28.25],[28.352,26.091]],"c":true}]},{"i":{"x":0.833,"y":0.833},"o":{"x":0.167,"y":0.167},"n":"0p833_0p833_0p167_0p167","t":207,"s":[{"i":[[0,0],[0,0],[0,0],[0,0],[0,0],[0,0],[-7.079,-1.259],[0,0],[0,0],[0,0],[0,0],[0,0],[0,0],[0,0]],"o":[[0,0],[0,0],[0,0],[0,0],[0,0],[0,0],[6.978,1.241],[0,0],[0,0],[0,0],[0,0],[0,0],[0,0],[0,0]],"v":[[5.25,23.75],[-20.879,21.613],[-32.375,14],[-34.988,11.683],[-39.75,16],[-40.25,26.25],[-25.255,28.777],[-11.5,31.25],[5.914,28.464],[19.75,26.25],[30.99,28.792],[40.75,31],[32.875,28.25],[28.352,26.091]],"c":true}],"e":[{"i":[[0,0],[0,0],[0,0],[0,0],[0,0],[0,0],[-7.079,-1.259],[0,0],[0,0],[0,0],[0,0],[0,0],[0,0],[0,0]],"o":[[0,0],[0,0],[0,0],[0,0],[0,0],[0,0],[6.978,1.241],[0,0],[0,0],[0,0],[0,0],[0,0],[0,0],[0,0]],"v":[[-4.75,23],[-20.879,21.613],[-32.375,14],[-34.988,11.683],[-39.75,16],[-40.25,26.25],[-25.255,28.777],[-11.5,31.25],[5.914,28.464],[19.75,26.25],[30.99,28.792],[40.75,31],[32.875,28.25],[0.602,27.466]],"c":true}]},{"i":{"x":0.833,"y":0.833},"o":{"x":0.167,"y":0.167},"n":"0p833_0p833_0p167_0p167","t":215,"s":[{"i":[[0,0],[0,0],[0,0],[0,0],[0,0],[0,0],[-7.079,-1.259],[0,0],[0,0],[0,0],[0,0],[0,0],[0,0],[0,0]],"o":[[0,0],[0,0],[0,0],[0,0],[0,0],[0,0],[6.978,1.241],[0,0],[0,0],[0,0],[0,0],[0,0],[0,0],[0,0]],"v":[[-4.75,23],[-20.879,21.613],[-32.375,14],[-34.988,11.683],[-39.75,16],[-40.25,26.25],[-25.255,28.777],[-11.5,31.25],[5.914,28.464],[19.75,26.25],[30.99,28.792],[40.75,31],[32.875,28.25],[0.602,27.466]],"c":true}],"e":[{"i":[[0,0],[0,0],[0,0],[0,0],[0,0],[0,0],[-7.079,-1.259],[0,0],[0,0],[0,0],[0,0],[0,0],[0,0],[0,0]],"o":[[0,0],[0,0],[0,0],[0,0],[0,0],[0,0],[6.978,1.241],[0,0],[0,0],[0,0],[0,0],[0,0],[0,0],[0,0]],"v":[[-9.625,34.375],[-24.754,29.113],[-32.375,14],[-34.988,11.683],[-39.75,16],[-40.25,26.25],[-25.255,28.777],[-11.5,31.25],[5.914,28.464],[19.75,26.25],[30.99,28.792],[40.75,31],[32.875,28.25],[0.602,27.466]],"c":true}]},{"i":{"x":0.833,"y":0.833},"o":{"x":0.167,"y":0.167},"n":"0p833_0p833_0p167_0p167","t":218,"s":[{"i":[[0,0],[0,0],[0,0],[0,0],[0,0],[0,0],[-7.079,-1.259],[0,0],[0,0],[0,0],[0,0],[0,0],[0,0],[0,0]],"o":[[0,0],[0,0],[0,0],[0,0],[0,0],[0,0],[6.978,1.241],[0,0],[0,0],[0,0],[0,0],[0,0],[0,0],[0,0]],"v":[[-9.625,34.375],[-24.754,29.113],[-32.375,14],[-34.988,11.683],[-39.75,16],[-40.25,26.25],[-25.255,28.777],[-11.5,31.25],[5.914,28.464],[19.75,26.25],[30.99,28.792],[40.75,31],[32.875,28.25],[0.602,27.466]],"c":true}],"e":[{"i":[[0,0],[0,0],[0,0],[0,0],[0,0],[0,0],[-7.079,-1.259],[0,0],[0,0],[0,0],[0,0],[0,0],[0,0],[0,0]],"o":[[0,0],[0,0],[0,0],[0,0],[0,0],[0,0],[6.978,1.241],[0,0],[0,0],[0,0],[0,0],[0,0],[0,0],[0,0]],"v":[[-9.625,34.375],[-24.754,29.113],[-32.375,14],[-34.988,11.683],[-39.75,16],[-40.25,26.25],[-25.255,28.777],[-11.5,31.25],[7.914,28.214],[19.75,26.25],[30.99,28.792],[40.75,31],[32.875,28.25],[0.602,27.466]],"c":true}]},{"t":404.000016455257}]},"o":{"a":0,"k":100},"x":{"a":0,"k":0},"nm":"Mask 5"}],"shapes":[{"ty":"gr","it":[{"ind":0,"ty":"sh","ix":1,"ks":{"a":0,"k":{"i":[[0,0],[0,0]],"o":[[0,0],[0,0]],"v":[[8.918,-31.215],[25.549,31.215]],"c":false}},"nm":"Path 1","mn":"ADBE Vector Shape - Group"},{"ind":1,"ty":"sh","ix":2,"ks":{"a":0,"k":{"i":[[0,0],[0,0]],"o":[[0,0],[0,0]],"v":[[-11.422,-25.341],[3.644,31.215]],"c":false}},"nm":"Path 2","mn":"ADBE Vector Shape - Group"},{"ind":2,"ty":"sh","ix":3,"ks":{"a":0,"k":{"i":[[0,0],[0,0],[-4.277,1.158],[0,0]],"o":[[0,0],[1.141,4.282],[0,0],[0,0]],"v":[[-34.891,-31.215],[-22.906,13.774],[-13.085,19.437],[38.707,5.41]],"c":false}},"nm":"Path 3","mn":"ADBE Vector Shape - Group"},{"ind":3,"ty":"sh","ix":4,"ks":{"a":0,"k":{"i":[[0,0],[0,0]],"o":[[0,0],[0,0]],"v":[[-38.707,5.66],[38.707,-15.439]],"c":false}},"nm":"Path 4","mn":"ADBE Vector Shape - Group"},{"ty":"st","c":{"a":0,"k":[1,1,1,1]},"o":{"a":0,"k":100},"w":{"a":0,"k":4},"lc":1,"lj":1,"ml":4,"nm":"Stroke 1","mn":"ADBE Vector Graphic - Stroke"},{"ty":"tr","p":{"a":0,"k":[0,0],"ix":2},"a":{"a":0,"k":[0,0],"ix":1},"s":{"a":0,"k":[100,100],"ix":3},"r":{"a":0,"k":0,"ix":6},"o":{"a":0,"k":100,"ix":7},"sk":{"a":0,"k":0,"ix":4},"sa":{"a":0,"k":0,"ix":5},"nm":"Transform"}],"nm":"Shape 1","np":6,"cix":2,"ix":1,"mn":"ADBE Vector Group"}],"ip":0,"op":69843.0028447637,"st":0,"bm":0,"sr":1},{"ddd":0,"ind":8,"ty":4,"nm":"Shape Layer 17","parent":5,"td":1,"ks":{"o":{"a":1,"k":[{"i":{"x":[0.833],"y":[0.833]},"o":{"x":[0.167],"y":[0.167]},"n":["0p833_0p833_0p167_0p167"],"t":563,"s":[100],"e":[0]},{"t":595.000024234847}]},"r":{"a":0,"k":0},"p":{"a":0,"k":[0,0,0]},"a":{"a":0,"k":[0,0,0]},"s":{"a":0,"k":[100,100,100]}},"ao":0,"shapes":[{"ty":"gr","it":[{"ty":"st","c":{"a":0,"k":[1,1,1,1]},"o":{"a":0,"k":100},"w":{"a":0,"k":8},"lc":1,"lj":1,"ml":4,"nm":"Stroke 1","mn":"ADBE Vector Graphic - Stroke"},{"ty":"fl","c":{"a":0,"k":[1,1,1,1]},"o":{"a":0,"k":100},"r":1,"nm":"Fill 1","mn":"ADBE Vector Graphic - Fill"},{"ty":"tr","p":{"a":0,"k":[0,0],"ix":2},"a":{"a":0,"k":[0,0],"ix":1},"s":{"a":0,"k":[100,100],"ix":3},"r":{"a":0,"k":0,"ix":6},"o":{"a":0,"k":100,"ix":7},"sk":{"a":0,"k":0,"ix":4},"sa":{"a":0,"k":0,"ix":5},"nm":"Transform"}],"nm":"Shape 2","np":2,"cix":2,"ix":1,"mn":"ADBE Vector Group"},{"ty":"gr","it":[{"ind":0,"ty":"sh","ix":1,"ks":{"a":0,"k":{"i":[[3.306,3.307],[-1.072,1.122],[-0.002,0.003],[0.434,-3.956],[-2.196,0.24],[-1.745,1.744],[0,0]],"o":[[-3.297,-3.297],[0.003,-0.003],[-1.781,1.781],[-0.24,2.196],[3.956,-0.434],[0,0],[-1.114,1.089]],"v":[[-20.487,20.486],[-24.5,12.505],[-24.495,12.495],[-29.239,25.504],[-25.504,29.239],[-12.495,24.495],[-12.496,24.494]],"c":true}},"nm":"Path 1","mn":"ADBE Vector Shape - Group"},{"ind":1,"ty":"sh","ix":2,"ks":{"a":0,"k":{"i":[[3.313,3.312],[1.104,-1.105],[0,0],[0,0],[-3.271,-3.271],[-1.152,1.02],[0,0],[0,0],[-0.001,0.001],[-0.001,0.001],[0,0]],"o":[[-3.315,-3.315],[0,0],[0,0],[-1.018,1.152],[3.273,3.273],[0,0],[0,0],[0.001,-0.001],[0.001,-0.001],[0,0],[1.105,-1.105]],"v":[[15.206,-15.204],[7.205,-19.205],[-21.495,9.495],[-21.488,9.502],[-17.453,17.453],[-9.501,21.489],[-9.495,21.495],[-9.457,21.457],[-9.453,21.454],[-9.45,21.45],[19.205,-7.205]],"c":true}},"nm":"Path 2","mn":"ADBE Vector Shape - Group"},{"ind":2,"ty":"sh","ix":3,"ks":{"a":0,"k":{"i":[[3.313,3.312],[1.104,-1.106],[0,0],[-1.262,-1.263],[-0.943,-1.885],[-0.144,-0.386],[0,0]],"o":[[-3.314,-3.315],[0,0],[3.015,1.13],[1.899,1.898],[0.211,0.421],[0,0],[1.106,-1.106]],"v":[[24.375,-24.373],[16.374,-28.374],[10.964,-22.964],[18.034,-18.033],[22.441,-12.166],[22.962,-10.962],[28.374,-16.374]],"c":true}},"nm":"Path 3","mn":"ADBE Vector Shape - Group"},{"ty":"st","c":{"a":0,"k":[1,1,1,1]},"o":{"a":0,"k":100},"w":{"a":0,"k":8},"lc":1,"lj":1,"ml":4,"nm":"Stroke 1","mn":"ADBE Vector Graphic - Stroke"},{"ty":"fl","c":{"a":0,"k":[1,1,1,1]},"o":{"a":0,"k":100},"r":1,"nm":"Fill 1","mn":"ADBE Vector Graphic - Fill"},{"ty":"tr","p":{"a":0,"k":[0,0],"ix":2},"a":{"a":0,"k":[0,0],"ix":1},"s":{"a":0,"k":[100,100],"ix":3},"r":{"a":0,"k":0,"ix":6},"o":{"a":0,"k":100,"ix":7},"sk":{"a":0,"k":0,"ix":4},"sa":{"a":0,"k":0,"ix":5},"nm":"Transform"}],"nm":"Shape 1","np":5,"cix":2,"ix":2,"mn":"ADBE Vector Group"}],"ip":0,"op":69843.0028447637,"st":0,"bm":0,"sr":1},{"ddd":0,"ind":9,"ty":4,"nm":"Shape Layer 14","tt":2,"ks":{"o":{"a":0,"k":100},"r":{"a":0,"k":0},"p":{"a":0,"k":[120,80,0]},"a":{"a":0,"k":[0,0,0]},"s":{"a":1,"k":[{"i":{"x":[0.667,0.667,0.667],"y":[1,1,0.667]},"o":{"x":[0.333,0.333,0.333],"y":[0,0,0.333]},"n":["0p667_1_0p333_0","0p667_1_0p333_0","0p667_0p667_0p333_0p333"],"t":590,"s":[100,100,100],"e":[107,107,100]},{"i":{"x":[0.667,0.667,0.667],"y":[1,1,0.667]},"o":{"x":[0.333,0.333,0.333],"y":[0,0,0.333]},"n":["0p667_1_0p333_0","0p667_1_0p333_0","0p667_0p667_0p333_0p333"],"t":605,"s":[107,107,100],"e":[100,100,100]},{"t":613.000024968002}]}},"ao":0,"shapes":[{"ty":"gr","it":[{"ind":0,"ty":"sh","ix":1,"ks":{"a":0,"k":{"i":[[0,0],[1.318,0],[0.927,-0.247],[0,0],[1.268,0],[0.967,0.258],[0,0],[0,0],[0,0],[-1.268,0],[-0.967,0.258],[0,0],[-1.211,0],[-1.003,-0.287],[0,0],[0,0]],"o":[[-1.003,-0.287],[-1.211,0],[0,0],[-0.967,0.258],[-1.268,0],[0,0],[0,0],[0,0],[0.967,0.258],[1.268,0],[0,0],[0.927,-0.247],[1.318,0],[0,0],[0,0],[0,0]],"v":[[17.992,-32.453],[14.339,-32.884],[11.001,-32.515],[-9.188,-27.131],[-12.692,-26.744],[-16.195,-27.131],[-39.889,-33.449],[-39.889,26.197],[-16.195,32.515],[-12.692,32.902],[-9.188,32.515],[11.001,27.131],[14.339,26.762],[17.992,27.193],[39.889,33.449],[39.889,-26.197]],"c":true}},"nm":"Path 1","mn":"ADBE Vector Shape - Group"},{"ty":"st","c":{"a":0,"k":[1,1,1,1]},"o":{"a":0,"k":100},"w":{"a":0,"k":8},"lc":1,"lj":1,"ml":4,"nm":"Stroke 1","mn":"ADBE Vector Graphic - Stroke"},{"ty":"tr","p":{"a":0,"k":[0,0],"ix":2},"a":{"a":0,"k":[0,0],"ix":1},"s":{"a":0,"k":[100,100],"ix":3},"r":{"a":0,"k":0,"ix":6},"o":{"a":0,"k":100,"ix":7},"sk":{"a":0,"k":0,"ix":4},"sa":{"a":0,"k":0,"ix":5},"nm":"Transform"}],"nm":"Shape 1","np":3,"cix":2,"ix":1,"mn":"ADBE Vector Group"}],"ip":0,"op":69843.0028447637,"st":0,"bm":0,"sr":1}]}