{"v":"4.8.0","fr":60,"ip":0,"op":374,"w":500,"h":500,"nm":"Type_02","ddd":0,"assets":[],"fonts":{"list":[{"origin":0,"fPath":"","fClass":"","fFamily":"Open Sans","fWeight":"","fStyle":"Bold","fName":"OpenSans-Bold","ascent":75.9994506835938},{"origin":0,"fPath":"","fClass":"","fFamily":"Roboto","fWeight":"","fStyle":"Thin","fName":"Roboto-Thin","ascent":76.171875},{"origin":0,"fPath":"","fClass":"","fFamily":"PT Serif","fWeight":"","fStyle":"Regular","fName":"PTSerif-Regular","ascent":75.1998901367188},{"origin":0,"fPath":"","fClass":"","fFamily":"Open Sans","fWeight":"","fStyle":"Extrabold","fName":"OpenSans-Extrabold","ascent":75.9994506835938},{"origin":0,"fPath":"","fClass":"","fFamily":"Open Sans","fWeight":"","fStyle":"Semibold Italic","fName":"OpenSans-SemiboldItalic","ascent":75.9994506835938},{"origin":0,"fPath":"","fClass":"","fFamily":"Roboto","fWeight":"","fStyle":"Condensed","fName":"Roboto-Condensed","ascent":76.171875},{"origin":0,"fPath":"","fClass":"","fFamily":"PT Serif","fWeight":"","fStyle":"Italic","fName":"PTSerif-Italic","ascent":75.7998901419342},{"origin":0,"fPath":"","fClass":"","fFamily":"Open Sans","fWeight":"","fStyle":"Extrabold Italic","fName":"OpenSans-ExtraboldItalic","ascent":75.9994506835938}]},"layers":[{"ddd":0,"ind":1,"ty":1,"nm":"White Solid 1","ks":{"o":{"a":0,"k":100},"r":{"a":0,"k":0},"p":{"a":0,"k":[250,250,0]},"a":{"a":0,"k":[250,250,0]},"s":{"a":0,"k":[104.5,104.5,100]}},"ao":0,"sw":500,"sh":500,"sc":"#ffffff","ip":348,"op":2148,"st":348,"bm":0,"sr":1},{"ddd":0,"ind":2,"ty":5,"nm":"Type 10","ks":{"o":{"a":0,"k":100},"r":{"a":0,"k":0},"p":{"a":0,"k":[-358.5,342.5,0]},"a":{"a":0,"k":[0,0,0]},"s":{"a":0,"k":[100,100,100]}},"ao":0,"t":{"d":{"k":[{"s":{"s":518,"f":"OpenSans-ExtraboldItalic","t":"Type","j":0,"tr":3,"lh":621.6,"ls":0,"fc":[1,1,1]},"t":0}]},"p":{},"m":{"g":1,"a":{"a":0,"k":[0,0]}},"a":[]},"ip":340,"op":348,"st":164,"bm":0,"sr":1},{"ddd":0,"ind":3,"ty":5,"nm":"Type 9","ks":{"o":{"a":0,"k":100},"r":{"a":0,"k":0},"p":{"a":0,"k":[-73.5,304.5,0]},"a":{"a":0,"k":[0,0,0]},"s":{"a":0,"k":[100,100,100]}},"ao":0,"t":{"d":{"k":[{"s":{"s":262,"f":"OpenSans-Extrabold","t":"Type","j":0,"tr":3,"lh":314.4,"ls":0,"fc":[1,1,1]},"t":0}]},"p":{},"m":{"g":1,"a":{"a":0,"k":[0,0]}},"a":[]},"ip":332,"op":340,"st":156,"bm":0,"sr":1},{"ddd":0,"ind":4,"ty":5,"nm":"Type 8","ks":{"o":{"a":0,"k":100},"r":{"a":0,"k":0},"p":{"a":0,"k":[18.5,303.5,0]},"a":{"a":0,"k":[0,0,0]},"s":{"a":0,"k":[100,100,100]}},"ao":0,"t":{"d":{"k":[{"s":{"s":225.100006103516,"f":"PTSerif-Italic","t":"Type","j":0,"tr":3,"lh":270.120007324219,"ls":0,"fc":[1,1,1]},"t":0}]},"p":{},"m":{"g":1,"a":{"a":0,"k":[0,0]}},"a":[]},"ip":324,"op":332,"st":148,"bm":0,"sr":1},{"ddd":0,"ind":5,"ty":5,"nm":"Type 7","ks":{"o":{"a":0,"k":100},"r":{"a":0,"k":0},"p":{"a":0,"k":[83.5,293.5,0]},"a":{"a":0,"k":[0,0,0]},"s":{"a":0,"k":[100,100,100]}},"ao":0,"t":{"d":{"k":[{"s":{"s":179.5,"f":"Roboto-Condensed","t":"Type","j":0,"tr":3,"lh":215.4,"ls":0,"fc":[1,1,1]},"t":0}]},"p":{},"m":{"g":1,"a":{"a":0,"k":[0,0]}},"a":[]},"ip":312,"op":324,"st":148,"bm":0,"sr":1},{"ddd":0,"ind":6,"ty":5,"nm":"Type 6","ks":{"o":{"a":0,"k":100},"r":{"a":0,"k":0},"p":{"a":0,"k":[149.5,271.5,0]},"a":{"a":0,"k":[0,0,0]},"s":{"a":0,"k":[100,100,100]}},"ao":0,"t":{"d":{"k":[{"s":{"s":99,"f":"OpenSans-SemiboldItalic","t":"Type","j":0,"tr":3,"lh":118.8,"ls":0,"fc":[1,1,1]},"t":0}]},"p":{},"m":{"g":1,"a":{"a":0,"k":[0,0]}},"a":[]},"ip":300,"op":312,"st":136,"bm":0,"sr":1},{"ddd":0,"ind":7,"ty":5,"nm":"Type 5","ks":{"o":{"a":0,"k":100},"r":{"a":0,"k":0},"p":{"a":0,"k":[157.5,264.5,0]},"a":{"a":0,"k":[0,0,0]},"s":{"a":0,"k":[100,100,100]}},"ao":0,"t":{"d":{"k":[{"s":{"s":75.6999969482422,"f":"OpenSans-Extrabold","t":"Type","j":0,"tr":3,"lh":90.8399963378906,"ls":0,"fc":[1,1,1]},"t":0}]},"p":{},"m":{"g":1,"a":{"a":0,"k":[0,0]}},"a":[]},"ip":288,"op":300,"st":124,"bm":0,"sr":1},{"ddd":0,"ind":8,"ty":5,"nm":"Type 4","ks":{"o":{"a":0,"k":100},"r":{"a":0,"k":0},"p":{"a":0,"k":[179.5,264.5,0]},"a":{"a":0,"k":[0,0,0]},"s":{"a":0,"k":[100,100,100]}},"ao":0,"t":{"d":{"k":[{"s":{"s":65.5,"f":"PTSerif-Regular","t":"Type","j":0,"tr":3,"lh":78.6,"ls":0,"fc":[1,1,1]},"t":0}]},"p":{},"m":{"g":1,"a":{"a":0,"k":[0,0]}},"a":[]},"ip":276,"op":288,"st":132,"bm":0,"sr":1},{"ddd":0,"ind":9,"ty":5,"nm":"Type 3","ks":{"o":{"a":0,"k":100},"r":{"a":0,"k":0},"p":{"a":0,"k":[187.5,264.5,0]},"a":{"a":0,"k":[0,0,0]},"s":{"a":0,"k":[100,100,100]}},"ao":0,"t":{"d":{"k":[{"s":{"s":61.7000007629395,"f":"Roboto-Thin","t":"Type","j":0,"tr":3,"lh":74.0400009155273,"ls":0,"fc":[1,1,1]},"t":0}]},"p":{},"m":{"g":1,"a":{"a":0,"k":[0,0]}},"a":[]},"ip":230,"op":276,"st":118,"bm":0,"sr":1},{"ddd":0,"ind":10,"ty":1,"nm":"Cyan Solid 1","ks":{"o":{"a":0,"k":100},"r":{"a":0,"k":0},"p":{"a":0,"k":[250,250,0]},"a":{"a":0,"k":[250,250,0]},"s":{"a":0,"k":[104.5,104.5,100]}},"ao":0,"sw":500,"sh":500,"sc":"#00d1c1","ip":230,"op":349,"st":166,"bm":0,"sr":1},{"ddd":0,"ind":11,"ty":4,"nm":"Shape Layer 5","parent":12,"ks":{"o":{"a":0,"k":100},"r":{"a":0,"k":0},"p":{"a":0,"k":[148.5,2.5,0]},"a":{"a":0,"k":[0,0,0]},"s":{"a":0,"k":[100,100,100]}},"ao":0,"shapes":[{"ty":"gr","it":[{"ty":"rc","d":1,"s":{"a":0,"k":[157.002,38]},"p":{"a":0,"k":[0,0]},"r":{"a":0,"k":0},"nm":"Rectangle Path 1","mn":"ADBE Vector Shape - Rect"},{"ty":"fl","c":{"a":0,"k":[0.0313726,0.8196079,0.7568628,1]},"o":{"a":0,"k":100},"r":1,"nm":"Fill 1","mn":"ADBE Vector Graphic - Fill"},{"ty":"tr","p":{"a":0,"k":[-110.499,-20],"ix":2},"a":{"a":0,"k":[0,0],"ix":1},"s":{"a":0,"k":[100,100],"ix":3},"r":{"a":0,"k":0,"ix":6},"o":{"a":0,"k":100,"ix":7},"sk":{"a":0,"k":0,"ix":4},"sa":{"a":0,"k":0,"ix":5},"nm":"Transform"}],"nm":"Rectangle 1","np":3,"cix":2,"ix":1,"mn":"ADBE Vector Group"}],"ip":3,"op":149,"st":3,"bm":0,"sr":1},{"ddd":0,"ind":12,"ty":5,"nm":"Lottie 2","ks":{"o":{"a":0,"k":100},"r":{"a":0,"k":0},"p":{"a":1,"k":[{"i":{"x":0,"y":1},"o":{"x":0.167,"y":0.167},"n":"0_1_0p167_0p167","t":144,"s":[-580.5,247.5,0],"e":[101.5,247.5,0],"to":[0,0,0],"ti":[0,0,0]},{"t":152}]},"a":{"a":0,"k":[0,0,0]},"s":{"a":0,"k":[100,100,100]}},"ao":0,"t":{"d":{"k":[{"s":{"s":42,"f":"OpenSans-Bold","t":"Lottie","j":0,"tr":3,"lh":50.4,"ls":0,"fc":[0.03,0.82,0.76]},"t":0}]},"p":{},"m":{"g":1,"a":{"a":0,"k":[0,0]}},"a":[]},"ip":136,"op":231,"st":136,"bm":0,"sr":1},{"ddd":0,"ind":13,"ty":4,"nm":"Shape Layer 6","parent":14,"ks":{"o":{"a":0,"k":100},"r":{"a":0,"k":0},"p":{"a":0,"k":[205,2.5,0]},"a":{"a":0,"k":[0,0,0]},"s":{"a":0,"k":[100,100,100]}},"ao":0,"shapes":[{"ty":"gr","it":[{"ty":"rc","d":1,"s":{"a":0,"k":[189.502,38]},"p":{"a":0,"k":[0,0]},"r":{"a":0,"k":0},"nm":"Rectangle Path 1","mn":"ADBE Vector Shape - Rect"},{"ty":"fl","c":{"a":0,"k":[0.0313726,0.8196079,0.7568628,1]},"o":{"a":0,"k":100},"r":1,"nm":"Fill 1","mn":"ADBE Vector Graphic - Fill"},{"ty":"tr","p":{"a":0,"k":[-110.499,-20],"ix":2},"a":{"a":0,"k":[0,0],"ix":1},"s":{"a":0,"k":[100,100],"ix":3},"r":{"a":0,"k":0,"ix":6},"o":{"a":0,"k":100,"ix":7},"sk":{"a":0,"k":0,"ix":4},"sa":{"a":0,"k":0,"ix":5},"nm":"Transform"}],"nm":"Rectangle 1","np":3,"cix":2,"ix":1,"mn":"ADBE Vector Group"}],"ip":14,"op":160,"st":14,"bm":0,"sr":1},{"ddd":0,"ind":14,"ty":5,"nm":"Android 2","ks":{"o":{"a":0,"k":100},"r":{"a":0,"k":0},"p":{"a":1,"k":[{"i":{"x":0,"y":1},"o":{"x":0.167,"y":0.167},"n":"0_1_0p167_0p167","t":154,"s":[1134,247.5,0],"e":[236,247.5,0],"to":[0,0,0],"ti":[0,0,0]},{"t":162}]},"a":{"a":0,"k":[0,0,0]},"s":{"a":0,"k":[100,100,100]}},"ao":0,"t":{"d":{"k":[{"s":{"s":42,"f":"OpenSans-Bold","t":"Android","j":0,"tr":3,"lh":50.4,"ls":0,"fc":[0.03,0.82,0.76]},"t":0}]},"p":{},"m":{"g":1,"a":{"a":0,"k":[0,0]}},"a":[]},"ip":146,"op":231,"st":146,"bm":0,"sr":1},{"ddd":0,"ind":15,"ty":4,"nm":"Shape Layer 8","parent":16,"ks":{"o":{"a":0,"k":100},"r":{"a":0,"k":0},"p":{"a":0,"k":[112,6,0]},"a":{"a":0,"k":[0,0,0]},"s":{"a":0,"k":[100,100,100]}},"ao":0,"shapes":[{"ty":"gr","it":[{"ty":"rc","d":1,"s":{"a":0,"k":[92.602,38]},"p":{"a":0,"k":[0,0]},"r":{"a":0,"k":0},"nm":"Rectangle Path 1","mn":"ADBE Vector Shape - Rect"},{"ty":"fl","c":{"a":0,"k":[0.0313726,0.8196079,0.7568628,1]},"o":{"a":0,"k":100},"r":1,"nm":"Fill 1","mn":"ADBE Vector Graphic - Fill"},{"ty":"tr","p":{"a":0,"k":[-71.491,-16],"ix":2},"a":{"a":0,"k":[0,0],"ix":1},"s":{"a":0,"k":[100,100],"ix":3},"r":{"a":0,"k":0,"ix":6},"o":{"a":0,"k":100,"ix":7},"sk":{"a":0,"k":0,"ix":4},"sa":{"a":0,"k":0,"ix":5},"nm":"Transform"}],"nm":"Rectangle 1","np":3,"cix":2,"ix":1,"mn":"ADBE Vector Group"}],"ip":50,"op":172,"st":50,"bm":0,"sr":1},{"ddd":0,"ind":16,"ty":5,"nm":"now","ks":{"o":{"a":0,"k":100},"r":{"a":0,"k":0},"p":{"a":1,"k":[{"i":{"x":0,"y":1},"o":{"x":0.167,"y":0.167},"n":"0_1_0p167_0p167","t":166,"s":[-818,281,0],"e":[102,281,0],"to":[0,0,0],"ti":[0,0,0]},{"t":174}]},"a":{"a":0,"k":[0,0,0]},"s":{"a":0,"k":[100,100,100]}},"ao":0,"t":{"d":{"k":[{"s":{"s":42,"f":"OpenSans-Bold","t":"now","j":0,"tr":3,"lh":50.4,"ls":0,"fc":[0.03,0.82,0.76]},"t":0}]},"p":{},"m":{"g":1,"a":{"a":0,"k":[0,0]}},"a":[]},"ip":158,"op":231,"st":158,"bm":0,"sr":1},{"ddd":0,"ind":17,"ty":4,"nm":"Shape Layer 7","parent":18,"ks":{"o":{"a":0,"k":100},"r":{"a":0,"k":0},"p":{"a":0,"k":[17.5,6,0]},"a":{"a":0,"k":[0,0,0]},"s":{"a":0,"k":[100,100,100]}},"ao":0,"shapes":[{"ty":"gr","it":[{"ty":"rc","d":1,"s":{"a":0,"k":[220.102,40]},"p":{"a":0,"k":[0,0]},"r":{"a":0,"k":0},"nm":"Rectangle Path 1","mn":"ADBE Vector Shape - Rect"},{"ty":"fl","c":{"a":0,"k":[0.0313726,0.8196079,0.7568628,1]},"o":{"a":0,"k":100},"r":1,"nm":"Fill 1","mn":"ADBE Vector Graphic - Fill"},{"ty":"tr","p":{"a":0,"k":[89.513,-16],"ix":2},"a":{"a":0,"k":[0,0],"ix":1},"s":{"a":0,"k":[100,100],"ix":3},"r":{"a":0,"k":0,"ix":6},"o":{"a":0,"k":100,"ix":7},"sk":{"a":0,"k":0,"ix":4},"sa":{"a":0,"k":0,"ix":5},"nm":"Transform"}],"nm":"Rectangle 1","np":3,"cix":2,"ix":1,"mn":"ADBE Vector Group"}],"ip":57,"op":181,"st":57,"bm":0,"sr":1},{"ddd":0,"ind":18,"ty":5,"nm":"supports...","ks":{"o":{"a":0,"k":100},"r":{"a":0,"k":0},"p":{"a":1,"k":[{"i":{"x":0,"y":1},"o":{"x":0.167,"y":0.167},"n":"0_1_0p167_0p167","t":176,"s":[1051.5,281,0],"e":[203.5,281,0],"to":[0,0,0],"ti":[0,0,0]},{"t":184}]},"a":{"a":0,"k":[0,0,0]},"s":{"a":0,"k":[100,100,100]}},"ao":0,"t":{"d":{"k":[{"s":{"s":42,"f":"OpenSans-Bold","t":"supports...","j":0,"tr":3,"lh":50.4,"ls":0,"fc":[0.03,0.82,0.76]},"t":0}]},"p":{},"m":{"g":1,"a":{"a":0,"k":[0,0]}},"a":[]},"ip":168,"op":231,"st":168,"bm":0,"sr":1},{"ddd":0,"ind":19,"ty":3,"nm":"NULL CONTROL","ks":{"o":{"a":0,"k":0},"r":{"a":0,"k":0},"p":{"a":0,"k":[249.842,270.553,0]},"a":{"a":0,"k":[60,60,0]},"s":{"a":0,"k":[132.3,132.3,100]}},"ao":0,"ip":78,"op":231,"st":-16,"bm":0,"sr":1},{"ddd":0,"ind":20,"ty":1,"nm":"White Solid 1","ks":{"o":{"a":0,"k":100},"r":{"a":0,"k":0},"p":{"a":0,"k":[250,250,0]},"a":{"a":0,"k":[250,250,0]},"s":{"a":0,"k":[104.5,104.5,100]}},"ao":0,"sw":500,"sh":500,"sc":"#ffffff","ip":138,"op":231,"st":138,"bm":0,"sr":1},{"ddd":0,"ind":21,"ty":4,"nm":"Shape Layer 4","parent":22,"ks":{"o":{"a":0,"k":100},"r":{"a":0,"k":0},"p":{"a":0,"k":[155.865,-17.76,0]},"a":{"a":0,"k":[52.657,-29.5,0]},"s":{"a":1,"k":[{"i":{"x":[0.833,0.833,0.833],"y":[0.833,0.833,0.833]},"o":{"x":[0.167,0.167,0.167],"y":[0.167,0.167,0.167]},"n":["0p833_0p833_0p167_0p167","0p833_0p833_0p167_0p167","0p833_0p833_0p167_0p167"],"t":114,"s":[79.386,75.586,100],"e":[106.786,75.586,100]},{"t":116}]}},"ao":0,"shapes":[{"ty":"gr","it":[{"ty":"rc","d":1,"s":{"a":0,"k":[198.311,50.4]},"p":{"a":0,"k":[0,0]},"r":{"a":0,"k":0},"nm":"Rectangle Path 1","mn":"ADBE Vector Shape - Rect"},{"ty":"fl","c":{"a":0,"k":[1,1,1,1]},"o":{"a":0,"k":100},"r":1,"nm":"Fill 1","mn":"ADBE Vector Graphic - Fill"},{"ty":"tr","p":{"a":0,"k":[-46.498,-29.5],"ix":2},"a":{"a":0,"k":[0,0],"ix":1},"s":{"a":0,"k":[100,100],"ix":3},"r":{"a":0,"k":0,"ix":6},"o":{"a":0,"k":100,"ix":7},"sk":{"a":0,"k":0,"ix":4},"sa":{"a":0,"k":0,"ix":5},"nm":"Transform"}],"nm":"Rectangle 1","np":3,"cix":2,"ix":1,"mn":"ADBE Vector Group"}],"ip":114,"op":140,"st":114,"bm":0,"sr":1},{"ddd":0,"ind":22,"ty":5,"nm":"World! 3","parent":19,"ks":{"o":{"a":0,"k":100},"r":{"a":0,"k":0},"p":{"a":1,"k":[{"i":{"x":0.667,"y":1},"o":{"x":0.333,"y":0},"n":"0p667_1_0p333_0","t":104,"s":[-17.098,81.5,0],"e":[-23.9,81.5,0],"to":[0,0,0],"ti":[0,0,0]},{"i":{"x":0.833,"y":0.833},"o":{"x":0.333,"y":0},"n":"0p833_0p833_0p333_0","t":112,"s":[-23.9,81.5,0],"e":[533.167,81.5,0],"to":[0,0,0],"ti":[0,0,0]},{"t":118}]},"a":{"a":0,"k":[0,0,0]},"s":{"a":0,"k":[100,100,100]}},"ao":0,"t":{"d":{"k":[{"s":{"s":47.5,"f":"OpenSans-Bold","t":"World!","j":0,"tr":3,"lh":57,"ls":0,"fc":[1,1,1]},"t":0}]},"p":{},"m":{"g":1,"a":{"a":0,"k":[0,0]}},"a":[]},"ip":78,"op":140,"st":14,"bm":0,"sr":1},{"ddd":0,"ind":23,"ty":4,"nm":"Shape Layer 3","parent":24,"ks":{"o":{"a":0,"k":100},"r":{"a":0,"k":0},"p":{"a":0,"k":[-29.039,-16.333,0]},"a":{"a":0,"k":[-145.653,-29.5,0]},"s":{"a":1,"k":[{"i":{"x":[0.833,0.833,0.833],"y":[0.833,0.833,0.833]},"o":{"x":[0.167,0.167,0.167],"y":[0.167,0.167,0.167]},"n":["0p833_0p833_0p167_0p167","0p833_0p833_0p167_0p167","0p833_0p833_0p167_0p167"],"t":114,"s":[75.586,75.586,100],"e":[91.086,75.586,100]},{"t":116}]}},"ao":0,"shapes":[{"ty":"gr","it":[{"ty":"rc","d":1,"s":{"a":0,"k":[198.311,51.2]},"p":{"a":0,"k":[0,0]},"r":{"a":0,"k":0},"nm":"Rectangle Path 1","mn":"ADBE Vector Shape - Rect"},{"ty":"fl","c":{"a":0,"k":[1,1,1,1]},"o":{"a":0,"k":100},"r":1,"nm":"Fill 1","mn":"ADBE Vector Graphic - Fill"},{"ty":"tr","p":{"a":0,"k":[-46.498,-31.012],"ix":2},"a":{"a":0,"k":[0,0],"ix":1},"s":{"a":0,"k":[100,100],"ix":3},"r":{"a":0,"k":0,"ix":6},"o":{"a":0,"k":100,"ix":7},"sk":{"a":0,"k":0,"ix":4},"sa":{"a":0,"k":0,"ix":5},"nm":"Transform"}],"nm":"Rectangle 1","np":3,"cix":2,"ix":1,"mn":"ADBE Vector Group"}],"ip":114,"op":140,"st":114,"bm":0,"sr":1},{"ddd":0,"ind":24,"ty":5,"nm":"Hello 3","parent":19,"ks":{"o":{"a":0,"k":100},"r":{"a":0,"k":0},"p":{"a":1,"k":[{"i":{"x":0.667,"y":1},"o":{"x":0.333,"y":0},"n":"0p667_1_0p333_0","t":104,"s":[-1.98,38.5,0],"e":[5.578,38.5,0],"to":[0,0,0],"ti":[0,0,0]},{"i":{"x":0.833,"y":0.833},"o":{"x":0.333,"y":0},"n":"0p833_0p833_0p333_0","t":112,"s":[5.578,38.5,0],"e":[-421.481,38.5,0],"to":[0,0,0],"ti":[0,0,0]},{"t":118}]},"a":{"a":0,"k":[0,0,0]},"s":{"a":0,"k":[100,100,100]}},"ao":0,"t":{"d":{"k":[{"s":{"s":47.5,"f":"OpenSans-Bold","t":"Hello","j":0,"tr":3,"lh":57,"ls":0,"fc":[1,1,1]},"t":0}]},"p":{},"m":{"g":1,"a":{"a":0,"k":[0,0]}},"a":[]},"ip":78,"op":140,"st":14,"bm":0,"sr":1},{"ddd":0,"ind":25,"ty":1,"nm":"Cyan Solid 1","ks":{"o":{"a":0,"k":100},"r":{"a":0,"k":0},"p":{"a":0,"k":[250,250,0]},"a":{"a":0,"k":[250,250,0]},"s":{"a":0,"k":[104.5,104.5,100]}},"ao":0,"sw":500,"sh":500,"sc":"#00d1c1","ip":78,"op":140,"st":14,"bm":0,"sr":1},{"ddd":0,"ind":26,"ty":5,"nm":"World! 4","ks":{"o":{"a":0,"k":100},"r":{"a":0,"k":0},"p":{"a":0,"k":[173.842,292.053,0]},"a":{"a":0,"k":[0,0,0]},"s":{"a":0,"k":[100,100,100]}},"ao":0,"t":{"d":{"k":[{"s":{"s":47.5,"f":"OpenSans-Bold","t":"World!","j":0,"tr":3,"lh":57,"ls":0,"fc":[1,1,1]},"t":0}]},"p":{},"m":{"g":1,"a":{"a":0,"k":[0,0]}},"a":[]},"ip":58,"op":140,"st":-6,"bm":0,"sr":1},{"ddd":0,"ind":27,"ty":5,"nm":"Hello 2","ks":{"o":{"a":0,"k":100},"r":{"a":0,"k":0},"p":{"a":0,"k":[187.842,249.053,0]},"a":{"a":0,"k":[0,0,0]},"s":{"a":0,"k":[100,100,100]}},"ao":0,"t":{"d":{"k":[{"s":{"s":47.5,"f":"OpenSans-Bold","t":"Hello","j":0,"tr":3,"lh":57,"ls":0,"fc":[1,1,1]},"t":0}]},"p":{},"m":{"g":1,"a":{"a":0,"k":[0,0]}},"a":[]},"ip":58,"op":140,"st":-6,"bm":0,"sr":1},{"ddd":0,"ind":28,"ty":1,"nm":"Cyan Solid 1","ks":{"o":{"a":0,"k":100},"r":{"a":0,"k":0},"p":{"a":0,"k":[250,250,0]},"a":{"a":0,"k":[250,250,0]},"s":{"a":0,"k":[100,100,100]}},"ao":0,"sw":500,"sh":500,"sc":"#00d1c1","ip":58,"op":140,"st":-6,"bm":0,"sr":1},{"ddd":0,"ind":29,"ty":4,"nm":"Shape Layer 2","parent":30,"ks":{"o":{"a":0,"k":100},"r":{"a":0,"k":0},"p":{"a":0,"k":[155.832,-17.553,0]},"a":{"a":0,"k":[225,-18.5,0]},"s":{"a":1,"k":[{"i":{"x":[0.833,0.833,0.833],"y":[0.833,0.833,0.833]},"o":{"x":[0.167,0.167,0.167],"y":[0.167,0.167,0.167]},"n":["0p833_0p833_0p167_0p167","0p833_0p833_0p167_0p167","0p833_0p833_0p167_0p167"],"t":22,"s":[141.3,100,100],"e":[100,100,100]},{"t":24}]}},"ao":0,"shapes":[{"ty":"gr","it":[{"ty":"rc","d":1,"s":{"a":0,"k":[150,41.4]},"p":{"a":0,"k":[0,0]},"r":{"a":0,"k":0},"nm":"Rectangle Path 1","mn":"ADBE Vector Shape - Rect"},{"ty":"fl","c":{"a":0,"k":[0,0.82,0.757,1]},"o":{"a":0,"k":100},"r":1,"nm":"Fill 1","mn":"ADBE Vector Graphic - Fill"},{"ty":"tr","p":{"a":0,"k":[150,-18.5],"ix":2},"a":{"a":0,"k":[0,0],"ix":1},"s":{"a":0,"k":[100,100],"ix":3},"r":{"a":0,"k":0,"ix":6},"o":{"a":0,"k":100,"ix":7},"sk":{"a":0,"k":0,"ix":4},"sa":{"a":0,"k":0,"ix":5},"nm":"Transform"}],"nm":"Rectangle 1","np":3,"cix":2,"ix":1,"mn":"ADBE Vector Group"}],"ip":0,"op":24,"st":0,"bm":0,"sr":1},{"ddd":0,"ind":30,"ty":5,"nm":"World!","ks":{"o":{"a":0,"k":100},"r":{"a":0,"k":0},"p":{"a":1,"k":[{"i":{"x":0,"y":1},"o":{"x":0.167,"y":0.167},"n":"0_1_0p167_0p167","t":18,"s":[-494.158,292.053,0],"e":[173.842,292.053,0],"to":[0,0,0],"ti":[0,0,0]},{"t":28}]},"a":{"a":0,"k":[0,0,0]},"s":{"a":0,"k":[100,100,100]}},"ao":0,"t":{"d":{"k":[{"s":{"s":47.5,"f":"OpenSans-Bold","t":"World!","j":0,"tr":3,"lh":57,"ls":0,"fc":[0.03,0.82,0.76]},"t":0}]},"p":{},"m":{"g":1,"a":{"a":0,"k":[0,0]}},"a":[]},"ip":0,"op":140,"st":0,"bm":0,"sr":1},{"ddd":0,"ind":31,"ty":4,"nm":"Shape Layer 1","parent":32,"ks":{"o":{"a":0,"k":100},"r":{"a":0,"k":0},"p":{"a":0,"k":[-4.637,-17.553,0]},"a":{"a":0,"k":[75,-18.5,0]},"s":{"a":1,"k":[{"i":{"x":[0.833,0.833,0.833],"y":[0.833,0.833,0.833]},"o":{"x":[0.167,0.167,0.167],"y":[0.167,0.167,0.167]},"n":["0p833_0p833_0p167_0p167","0p833_0p833_0p167_0p167","0p833_0p833_0p167_0p167"],"t":22,"s":[171.9,100,100],"e":[100,100,100]},{"t":24}]}},"ao":0,"shapes":[{"ty":"gr","it":[{"ty":"rc","d":1,"s":{"a":0,"k":[150,37]},"p":{"a":0,"k":[0,0]},"r":{"a":0,"k":0},"nm":"Rectangle Path 1","mn":"ADBE Vector Shape - Rect"},{"ty":"fl","c":{"a":0,"k":[0,0.82,0.757,1]},"o":{"a":0,"k":100},"r":1,"nm":"Fill 1","mn":"ADBE Vector Graphic - Fill"},{"ty":"tr","p":{"a":0,"k":[150,-18.5],"ix":2},"a":{"a":0,"k":[0,0],"ix":1},"s":{"a":0,"k":[100,100],"ix":3},"r":{"a":0,"k":0,"ix":6},"o":{"a":0,"k":100,"ix":7},"sk":{"a":0,"k":0,"ix":4},"sa":{"a":0,"k":0,"ix":5},"nm":"Transform"}],"nm":"Rectangle 1","np":3,"cix":2,"ix":1,"mn":"ADBE Vector Group"}],"ip":0,"op":24,"st":0,"bm":0,"sr":1},{"ddd":0,"ind":32,"ty":5,"nm":"Hello","ks":{"o":{"a":0,"k":100},"r":{"a":0,"k":0},"p":{"a":1,"k":[{"i":{"x":0,"y":1},"o":{"x":0.167,"y":0.167},"n":"0_1_0p167_0p167","t":18,"s":[940.842,249.053,0],"e":[186.842,249.053,0],"to":[0,0,0],"ti":[0,0,0]},{"t":28}]},"a":{"a":0,"k":[0,0,0]},"s":{"a":0,"k":[100,100,100]}},"ao":0,"t":{"d":{"k":[{"s":{"s":47.5,"f":"OpenSans-Bold","t":"Hello","j":0,"tr":3,"lh":57,"ls":0,"fc":[0.03,0.82,0.76]},"t":0}]},"p":{},"m":{"g":1,"a":{"a":0,"k":[0,0]}},"a":[]},"ip":0,"op":140,"st":0,"bm":0,"sr":1},{"ddd":0,"ind":33,"ty":1,"nm":"White Solid 1","ks":{"o":{"a":0,"k":100},"r":{"a":0,"k":0},"p":{"a":0,"k":[250,250,0]},"a":{"a":0,"k":[250,250,0]},"s":{"a":0,"k":[100,100,100]}},"ao":0,"sw":500,"sh":500,"sc":"#ffffff","ip":0,"op":140,"st":0,"bm":0,"sr":1}]}