{"v":"4.5.7","fr":30,"ip":0,"op":79,"w":800,"h":600,"ddd":0,"assets":[],"layers":[{"ddd":0,"ind":0,"ty":4,"nm":"vector touch id Outlines 2","ks":{"o":{"a":1,"k":[{"i":{"x":[0.833],"y":[0.833]},"o":{"x":[0.167],"y":[0.167]},"n":["0p833_0p833_0p167_0p167"],"t":9.009,"s":[0],"e":[100]},{"t":21.020727759009}]},"r":{"a":0,"k":0},"p":{"a":0,"k":[401,322,0]},"a":{"a":0,"k":[98,98,0]},"s":{"a":0,"k":[134.958,134.958,100]}},"ao":0,"shapes":[{"ty":"gr","it":[{"ind":0,"ty":"sh","ks":{"a":0,"k":{"i":[[0,0],[-2.074,13.121],[1.476,8.739],[0,2.02],[-4.937,5.633]],"o":[[4.758,-9.078],[3.129,-19.793],[-0.36,-1.914],[0,-8.078],[0,0]],"v":[[-9.246,53.594],[2.512,19.496],[1.813,-26.754],[1.313,-32.504],[9.246,-53.594]],"c":false}},"nm":"Path 1","mn":"ADBE Vector Shape - Group"},{"ty":"tm","s":{"a":0,"k":0,"ix":1},"e":{"a":1,"k":[{"i":{"x":[0.539],"y":[0.999]},"o":{"x":[1],"y":[0.012]},"n":["0p539_0p999_1_0p012"],"t":15.015,"s":[0],"e":[99.345]},{"t":54.054907446509}],"ix":2},"o":{"a":0,"k":0,"ix":3},"m":1,"ix":2,"nm":"Trim Paths 2","mn":"ADBE Vector Filter - Trim"},{"ty":"st","c":{"a":0,"k":[0.55,0.75,0.27,1]},"o":{"a":0,"k":100},"w":{"a":0,"k":4},"lc":2,"lj":1,"ml":10,"nm":"Stroke 1","mn":"ADBE Vector Graphic - Stroke"},{"ty":"tr","p":{"a":0,"k":[64.687,130.504],"ix":2},"a":{"a":0,"k":[0,0],"ix":1},"s":{"a":0,"k":[100,100],"ix":3},"r":{"a":0,"k":0,"ix":6},"o":{"a":0,"k":100,"ix":7},"sk":{"a":0,"k":0,"ix":4},"sa":{"a":0,"k":0,"ix":5},"nm":"Transform"}],"nm":"Group 1","np":3,"mn":"ADBE Vector Group"},{"ty":"gr","it":[{"ind":0,"ty":"sh","ks":{"a":0,"k":{"i":[[0,0],[-3.871,0],[-3.003,-14.559],[2.906,-26.313],[3.449,-10.152]],"o":[[3.434,-1.258],[15.445,0],[1.708,8.191],[-1.851,16.703],[0,0]],"v":[[-24.072,-60.443],[-13.06,-62.388],[18.283,-36.979],[21.166,21.073],[11.889,62.389]],"c":false}},"nm":"Path 1","mn":"ADBE Vector Shape - Group"},{"ty":"st","c":{"a":0,"k":[0.55,0.75,0.27,1]},"o":{"a":0,"k":100},"w":{"a":0,"k":4},"lc":2,"lj":1,"ml":10,"nm":"Stroke 1","mn":"ADBE Vector Graphic - Stroke"},{"ty":"tm","s":{"a":0,"k":0,"ix":1},"e":{"a":1,"k":[{"i":{"x":[0.539],"y":[0.999]},"o":{"x":[1],"y":[0.012]},"n":["0p539_0p999_1_0p012"],"t":9.009,"s":[0],"e":[99.345]},{"t":48.049048071509}],"ix":2},"o":{"a":0,"k":0,"ix":3},"m":1,"ix":3,"nm":"Trim Paths 2","mn":"ADBE Vector Filter - Trim"},{"ty":"tr","p":{"a":0,"k":[111.06,128.389],"ix":2},"a":{"a":0,"k":[0,0],"ix":1},"s":{"a":0,"k":[100,100],"ix":3},"r":{"a":0,"k":0,"ix":6},"o":{"a":0,"k":100,"ix":7},"sk":{"a":0,"k":0,"ix":4},"sa":{"a":0,"k":0,"ix":5},"nm":"Transform"}],"nm":"Group 2","np":3,"mn":"ADBE Vector Group"},{"ty":"gr","it":[{"ind":0,"ty":"sh","ks":{"a":0,"k":{"i":[[0,0],[-2.117,7.523]],"o":[[2.887,-5.605],[0,0]],"v":[[-3.949,9.932],[3.949,-9.932]],"c":false}},"nm":"Path 1","mn":"ADBE Vector Shape - Group"},{"ty":"st","c":{"a":0,"k":[0.55,0.75,0.27,1]},"o":{"a":0,"k":100},"w":{"a":0,"k":4},"lc":2,"lj":1,"ml":10,"nm":"Stroke 1","mn":"ADBE Vector Graphic - Stroke"},{"ty":"tm","s":{"a":0,"k":0,"ix":1},"e":{"a":1,"k":[{"i":{"x":[0.539],"y":[0.999]},"o":{"x":[1],"y":[0.012]},"n":["0p539_0p999_1_0p012"],"t":9.009,"s":[0],"e":[99.345]},{"t":48.049048071509}],"ix":2},"o":{"a":0,"k":0,"ix":3},"m":1,"ix":3,"nm":"Trim Paths 2","mn":"ADBE Vector Filter - Trim"},{"ty":"tr","p":{"a":0,"k":[45.355,165.693],"ix":2},"a":{"a":0,"k":[0,0],"ix":1},"s":{"a":0,"k":[100,100],"ix":3},"r":{"a":0,"k":0,"ix":6},"o":{"a":0,"k":100,"ix":7},"sk":{"a":0,"k":0,"ix":4},"sa":{"a":0,"k":0,"ix":5},"nm":"Transform"}],"nm":"Group 3","np":3,"mn":"ADBE Vector Group"},{"ty":"gr","it":[{"ind":0,"ty":"sh","ks":{"a":0,"k":{"i":[[0,0],[0,0],[0,3.211],[-26.508,0],[-8.781,-11.282]],"o":[[1.977,-18.266],[-0.602,-3.035],[0,-26.507],[15.402,0],[0,0]],"v":[[-40.615,45.01],[-42.029,12.373],[-42.947,2.99],[5.053,-45.01],[42.947,-26.474]],"c":false}},"nm":"Path 1","mn":"ADBE Vector Shape - Group"},{"ty":"st","c":{"a":0,"k":[0.55,0.75,0.27,1]},"o":{"a":0,"k":100},"w":{"a":0,"k":4},"lc":2,"lj":1,"ml":10,"nm":"Stroke 1","mn":"ADBE Vector Graphic - Stroke"},{"ty":"tm","s":{"a":0,"k":0,"ix":1},"e":{"a":1,"k":[{"i":{"x":[0.539],"y":[0.999]},"o":{"x":[1],"y":[0.012]},"n":["0p539_0p999_1_0p012"],"t":9.009,"s":[0],"e":[99.345]},{"t":48.049048071509}],"ix":2},"o":{"a":0,"k":0,"ix":3},"m":1,"ix":3,"nm":"Trim Paths 2","mn":"ADBE Vector Filter - Trim"},{"ty":"tr","p":{"a":0,"k":[92.947,95.01],"ix":2},"a":{"a":0,"k":[0,0],"ix":1},"s":{"a":0,"k":[100,100],"ix":3},"r":{"a":0,"k":0,"ix":6},"o":{"a":0,"k":100,"ix":7},"sk":{"a":0,"k":0,"ix":4},"sa":{"a":0,"k":0,"ix":5},"nm":"Transform"}],"nm":"Group 4","np":3,"mn":"ADBE Vector Group"},{"ty":"gr","it":[{"ind":0,"ty":"sh","ks":{"a":0,"k":{"i":[[0,0],[-0.391,-1.91],[2.625,-26.848],[2.496,-9.563]],"o":[[0.609,1.816],[1.867,9.769],[-1.258,12.886],[0,0]],"v":[[-2.996,-50.26],[-1.492,-44.666],[1.75,16.17],[-4.375,50.26]],"c":false}},"nm":"Path 1","mn":"ADBE Vector Shape - Group"},{"ty":"st","c":{"a":0,"k":[0.55,0.75,0.27,1]},"o":{"a":0,"k":100},"w":{"a":0,"k":4},"lc":2,"lj":1,"ml":10,"nm":"Stroke 1","mn":"ADBE Vector Graphic - Stroke"},{"ty":"tm","s":{"a":0,"k":0,"ix":1},"e":{"a":1,"k":[{"i":{"x":[0.539],"y":[0.999]},"o":{"x":[1],"y":[0.012]},"n":["0p539_0p999_1_0p012"],"t":9.009,"s":[0],"e":[99.345]},{"t":48.049048071509}],"ix":2},"o":{"a":0,"k":0,"ix":3},"m":1,"ix":3,"nm":"Trim Paths 2","mn":"ADBE Vector Filter - Trim"},{"ty":"tr","p":{"a":0,"k":[146.515,132.994],"ix":2},"a":{"a":0,"k":[0,0],"ix":1},"s":{"a":0,"k":[100,100],"ix":3},"r":{"a":0,"k":0,"ix":6},"o":{"a":0,"k":100,"ix":7},"sk":{"a":0,"k":0,"ix":4},"sa":{"a":0,"k":0,"ix":5},"nm":"Transform"}],"nm":"Group 5","np":3,"mn":"ADBE Vector Group"},{"ty":"gr","it":[{"ind":0,"ty":"sh","ks":{"a":0,"k":{"i":[[0,0],[-0.445,3.523],[0,0],[17.14,9.402]],"o":[[0.57,-3.324],[4.664,-36.942],[-3.035,-20.082],[0,0]],"v":[[13.438,63.918],[14.968,53.637],[12.906,-17.41],[-19.633,-63.918]],"c":false}},"nm":"Path 1","mn":"ADBE Vector Shape - Group"},{"ty":"st","c":{"a":0,"k":[0.55,0.75,0.27,1]},"o":{"a":0,"k":100},"w":{"a":0,"k":4},"lc":2,"lj":1,"ml":10,"nm":"Stroke 1","mn":"ADBE Vector Graphic - Stroke"},{"ty":"tm","s":{"a":0,"k":0,"ix":1},"e":{"a":1,"k":[{"i":{"x":[0.539],"y":[0.999]},"o":{"x":[1],"y":[0.012]},"n":["0p539_0p999_1_0p012"],"t":9.009,"s":[0],"e":[99.345]},{"t":48.049048071509}],"ix":2},"o":{"a":0,"k":0,"ix":3},"m":1,"ix":3,"nm":"Trim Paths 2","mn":"ADBE Vector Filter - Trim"},{"ty":"tr","p":{"a":0,"k":[148.371,105.77],"ix":2},"a":{"a":0,"k":[0,0],"ix":1},"s":{"a":0,"k":[100,100],"ix":3},"r":{"a":0,"k":0,"ix":6},"o":{"a":0,"k":100,"ix":7},"sk":{"a":0,"k":0,"ix":4},"sa":{"a":0,"k":0,"ix":5},"nm":"Transform"}],"nm":"Group 6","np":3,"mn":"ADBE Vector Group"},{"ty":"gr","it":[{"ind":0,"ty":"sh","ks":{"a":0,"k":{"i":[[0,0],[5.496,0],[0,-35.348],[-0.488,-3.184],[2.64,-14.363],[2.778,-5.691]],"o":[[-5.09,-1.305],[-35.348,0],[0,3.316],[1.524,8.355],[-1.391,7.57],[0,0]],"v":[[42.506,-63.356],[26.584,-65.352],[-37.416,-1.352],[-36.674,8.406],[-35.814,45.32],[-42.506,65.352]],"c":false}},"nm":"Path 1","mn":"ADBE Vector Shape - Group"},{"ty":"st","c":{"a":0,"k":[0.55,0.75,0.27,1]},"o":{"a":0,"k":100},"w":{"a":0,"k":4},"lc":2,"lj":1,"ml":10,"nm":"Stroke 1","mn":"ADBE Vector Graphic - Stroke"},{"ty":"tm","s":{"a":0,"k":0,"ix":1},"e":{"a":1,"k":[{"i":{"x":[0.539],"y":[0.999]},"o":{"x":[1],"y":[0.012]},"n":["0p539_0p999_1_0p012"],"t":9.009,"s":[0],"e":[99.345]},{"t":48.049048071509}],"ix":2},"o":{"a":0,"k":0,"ix":3},"m":1,"ix":3,"nm":"Trim Paths 2","mn":"ADBE Vector Filter - Trim"},{"ty":"tr","p":{"a":0,"k":[71.416,99.352],"ix":2},"a":{"a":0,"k":[0,0],"ix":1},"s":{"a":0,"k":[100,100],"ix":3},"r":{"a":0,"k":0,"ix":6},"o":{"a":0,"k":100,"ix":7},"sk":{"a":0,"k":0,"ix":4},"sa":{"a":0,"k":0,"ix":5},"nm":"Transform"}],"nm":"Group 7","np":3,"mn":"ADBE Vector Group"},{"ty":"gr","it":[{"ind":0,"ty":"sh","ks":{"a":0,"k":{"i":[[0,0],[-0.633,2.719],[1.395,7.602],[0,4.543],[-20.957,14.426]],"o":[[0.957,-2.441],[2.308,-9.926],[-0.726,-4.336],[0,-27.367],[0,0]],"v":[[-17.498,59.289],[-15.076,51.535],[-16.096,19.992],[-17.201,6.66],[17.498,-59.289]],"c":false}},"nm":"Path 1","mn":"ADBE Vector Shape - Group"},{"ty":"st","c":{"a":0,"k":[0.55,0.75,0.27,1]},"o":{"a":0,"k":100},"w":{"a":0,"k":4},"lc":2,"lj":1,"ml":10,"nm":"Stroke 1","mn":"ADBE Vector Graphic - Stroke"},{"ty":"tm","s":{"a":0,"k":0,"ix":1},"e":{"a":1,"k":[{"i":{"x":[0.539],"y":[0.999]},"o":{"x":[1],"y":[0.012]},"n":["0p539_0p999_1_0p012"],"t":9.009,"s":[0],"e":[99.345]},{"t":48.049048071509}],"ix":2},"o":{"a":0,"k":0,"ix":3},"m":1,"ix":3,"nm":"Trim Paths 2","mn":"ADBE Vector Filter - Trim"},{"ty":"tr","p":{"a":0,"k":[35.201,91.34],"ix":2},"a":{"a":0,"k":[0,0],"ix":1},"s":{"a":0,"k":[100,100],"ix":3},"r":{"a":0,"k":0,"ix":6},"o":{"a":0,"k":100,"ix":7},"sk":{"a":0,"k":0,"ix":4},"sa":{"a":0,"k":0,"ix":5},"nm":"Transform"}],"nm":"Group 8","np":3,"mn":"ADBE Vector Group"},{"ty":"gr","it":[{"ind":0,"ty":"sh","ks":{"a":0,"k":{"i":[[0,0],[-11.137,0],[-5.434,-38.89],[-1.043,-14.454]],"o":[[9.637,-4.109],[40.39,0],[0,0],[0,0]],"v":[[-56.744,-39.982],[-25.361,-46.369],[53.975,22.631],[56.744,46.37]],"c":false}},"nm":"Path 1","mn":"ADBE Vector Shape - Group"},{"ty":"st","c":{"a":0,"k":[0.55,0.75,0.27,1]},"o":{"a":0,"k":100},"w":{"a":0,"k":4},"lc":2,"lj":1,"ml":10,"nm":"Stroke 1","mn":"ADBE Vector Graphic - Stroke"},{"ty":"tm","s":{"a":0,"k":0,"ix":1},"e":{"a":1,"k":[{"i":{"x":[0.539],"y":[0.999]},"o":{"x":[1],"y":[0.012]},"n":["0p539_0p999_1_0p012"],"t":9.009,"s":[0],"e":[99.345]},{"t":48.049048071509}],"ix":2},"o":{"a":0,"k":0,"ix":3},"m":1,"ix":3,"nm":"Trim Paths 2","mn":"ADBE Vector Filter - Trim"},{"ty":"tr","p":{"a":0,"k":[123.361,64.369],"ix":2},"a":{"a":0,"k":[0,0],"ix":1},"s":{"a":0,"k":[100,100],"ix":3},"r":{"a":0,"k":0,"ix":6},"o":{"a":0,"k":100,"ix":7},"sk":{"a":0,"k":0,"ix":4},"sa":{"a":0,"k":0,"ix":5},"nm":"Transform"}],"nm":"Group 9","np":3,"mn":"ADBE Vector Group"},{"ty":"gr","it":[{"ind":0,"ty":"sh","ks":{"a":0,"k":{"i":[[0,0],[0.398,-7.187]],"o":[[0.117,6.371],[0,0]],"v":[[0.123,-10.219],[-0.24,10.218]],"c":false}},"nm":"Path 1","mn":"ADBE Vector Shape - Group"},{"ty":"st","c":{"a":0,"k":[0.55,0.75,0.27,1]},"o":{"a":0,"k":100},"w":{"a":0,"k":4},"lc":2,"lj":1,"ml":10,"nm":"Stroke 1","mn":"ADBE Vector Graphic - Stroke"},{"ty":"tm","s":{"a":0,"k":0,"ix":1},"e":{"a":1,"k":[{"i":{"x":[0.539],"y":[0.999]},"o":{"x":[1],"y":[0.012]},"n":["0p539_0p999_1_0p012"],"t":9.009,"s":[0],"e":[99.345]},{"t":48.049048071509}],"ix":2},"o":{"a":0,"k":0,"ix":3},"m":1,"ix":3,"nm":"Trim Paths 2","mn":"ADBE Vector Filter - Trim"},{"ty":"tr","p":{"a":0,"k":[180.709,136.969],"ix":2},"a":{"a":0,"k":[0,0],"ix":1},"s":{"a":0,"k":[100,100],"ix":3},"r":{"a":0,"k":0,"ix":6},"o":{"a":0,"k":100,"ix":7},"sk":{"a":0,"k":0,"ix":4},"sa":{"a":0,"k":0,"ix":5},"nm":"Transform"}],"nm":"Group 10","np":3,"mn":"ADBE Vector Group"},{"ty":"gr","it":[{"ind":0,"ty":"sh","ks":{"a":0,"k":{"i":[[0,0],[-2.699,15.555],[1.371,7.453],[0,0.965],[-8.836,0],[-1.644,-7.086],[0.059,-20.207]],"o":[[4.516,-8.879],[3.984,-22.988],[-0.164,-0.918],[0,-8.836],[7.586,0],[0,0],[0,0]],"v":[[-23.486,53.967],[-10.736,16.295],[-11.576,-35.138],[-11.827,-37.967],[4.174,-53.967],[19.756,-41.603],[23.428,-5.217]],"c":false}},"nm":"Path 1","mn":"ADBE Vector Shape - Group"},{"ty":"st","c":{"a":0,"k":[0.55,0.75,0.27,1]},"o":{"a":0,"k":100},"w":{"a":0,"k":4},"lc":2,"lj":1,"ml":10,"nm":"Stroke 1","mn":"ADBE Vector Graphic - Stroke"},{"ty":"tm","s":{"a":0,"k":0,"ix":1},"e":{"a":1,"k":[{"i":{"x":[0.539],"y":[0.999]},"o":{"x":[1],"y":[0.012]},"n":["0p539_0p999_1_0p012"],"t":9.009,"s":[0],"e":[99.345]},{"t":48.049048071509}],"ix":2},"o":{"a":0,"k":0,"ix":3},"m":1,"ix":3,"nm":"Trim Paths 2","mn":"ADBE Vector Filter - Trim"},{"ty":"tr","p":{"a":0,"k":[93.826,135.967],"ix":2},"a":{"a":0,"k":[0,0],"ix":1},"s":{"a":0,"k":[100,100],"ix":3},"r":{"a":0,"k":0,"ix":6},"o":{"a":0,"k":100,"ix":7},"sk":{"a":0,"k":0,"ix":4},"sa":{"a":0,"k":0,"ix":5},"nm":"Transform"}],"nm":"Group 11","np":3,"mn":"ADBE Vector Group"},{"ty":"gr","it":[{"ind":0,"ty":"sh","ks":{"a":0,"k":{"i":[[0,0],[0.297,-1.82],[3.437,-8.695]],"o":[[-0.207,1.816],[-2.906,17.965],[0,0]],"v":[[6.104,-23.645],[5.35,-18.184],[-6.104,23.645]],"c":false}},"nm":"Path 1","mn":"ADBE Vector Shape - Group"},{"ty":"st","c":{"a":0,"k":[0.55,0.75,0.27,1]},"o":{"a":0,"k":100},"w":{"a":0,"k":4},"lc":2,"lj":1,"ml":10,"nm":"Stroke 1","mn":"ADBE Vector Graphic - Stroke"},{"ty":"tm","s":{"a":0,"k":0,"ix":1},"e":{"a":1,"k":[{"i":{"x":[0.539],"y":[0.999]},"o":{"x":[1],"y":[0.012]},"n":["0p539_0p999_1_0p012"],"t":9.009,"s":[0],"e":[99.345]},{"t":48.049048071509}],"ix":2},"o":{"a":0,"k":0,"ix":3},"m":1,"ix":3,"nm":"Trim Paths 2","mn":"ADBE Vector Filter - Trim"},{"ty":"tr","p":{"a":0,"k":[110.252,170.355],"ix":2},"a":{"a":0,"k":[0,0],"ix":1},"s":{"a":0,"k":[100,100],"ix":3},"r":{"a":0,"k":0,"ix":6},"o":{"a":0,"k":100,"ix":7},"sk":{"a":0,"k":0,"ix":4},"sa":{"a":0,"k":0,"ix":5},"nm":"Transform"}],"nm":"Group 12","np":3,"mn":"ADBE Vector Group"},{"ty":"gr","it":[{"ind":0,"ty":"sh","ks":{"a":0,"k":{"i":[[0,0],[4.664,-28.832],[0.993,-3.945]],"o":[[0,0],[-0.704,4.348],[0,0]],"v":[[-2.645,-33.316],[-1.043,20.855],[-3.622,33.316]],"c":false}},"nm":"Path 1","mn":"ADBE Vector Shape - Group"},{"ty":"st","c":{"a":0,"k":[0.55,0.75,0.27,1]},"o":{"a":0,"k":100},"w":{"a":0,"k":4},"lc":2,"lj":1,"ml":10,"nm":"Stroke 1","mn":"ADBE Vector Graphic - Stroke"},{"ty":"tm","s":{"a":0,"k":0,"ix":1},"e":{"a":1,"k":[{"i":{"x":[0.539],"y":[0.999]},"o":{"x":[1],"y":[0.012]},"n":["0p539_0p999_1_0p012"],"t":9.009,"s":[0],"e":[99.345]},{"t":48.049048071509}],"ix":2},"o":{"a":0,"k":0,"ix":3},"m":1,"ix":3,"nm":"Trim Paths 2","mn":"ADBE Vector Filter - Trim"},{"ty":"tr","p":{"a":0,"k":[100.645,131.316],"ix":2},"a":{"a":0,"k":[0,0],"ix":1},"s":{"a":0,"k":[100,100],"ix":3},"r":{"a":0,"k":0,"ix":6},"o":{"a":0,"k":100,"ix":7},"sk":{"a":0,"k":0,"ix":4},"sa":{"a":0,"k":0,"ix":5},"nm":"Transform"}],"nm":"Group 13","np":3,"mn":"ADBE Vector Group"},{"ty":"gr","it":[{"ind":0,"ty":"sh","ks":{"a":0,"k":{"i":[[0,0],[1.648,-3.539]],"o":[[-1.91,5.297],[0,0]],"v":[[2.746,-6.676],[-2.746,6.676]],"c":false}},"nm":"Path 1","mn":"ADBE Vector Shape - Group"},{"ty":"st","c":{"a":0,"k":[0.55,0.75,0.27,1]},"o":{"a":0,"k":100},"w":{"a":0,"k":4},"lc":2,"lj":1,"ml":10,"nm":"Stroke 1","mn":"ADBE Vector Graphic - Stroke"},{"ty":"tm","s":{"a":0,"k":0,"ix":1},"e":{"a":1,"k":[{"i":{"x":[0.539],"y":[0.999]},"o":{"x":[1],"y":[0.012]},"n":["0p539_0p999_1_0p012"],"t":9.009,"s":[0],"e":[99.345]},{"t":48.049048071509}],"ix":2},"o":{"a":0,"k":0,"ix":3},"m":1,"ix":3,"nm":"Trim Paths 2","mn":"ADBE Vector Filter - Trim"},{"ty":"tr","p":{"a":0,"k":[89.59,186.664],"ix":2},"a":{"a":0,"k":[0,0],"ix":1},"s":{"a":0,"k":[100,100],"ix":3},"r":{"a":0,"k":0,"ix":6},"o":{"a":0,"k":100,"ix":7},"sk":{"a":0,"k":0,"ix":4},"sa":{"a":0,"k":0,"ix":5},"nm":"Transform"}],"nm":"Group 14","np":3,"mn":"ADBE Vector Group"},{"ty":"gr","it":[{"ind":0,"ty":"sh","ks":{"a":0,"k":{"i":[[0,0],[45.074,7.015]],"o":[[-1.309,-46.715],[0,0]],"v":[[40.561,46.057],[-40.561,-46.057]],"c":false}},"nm":"Path 1","mn":"ADBE Vector Shape - Group"},{"ty":"st","c":{"a":0,"k":[0.55,0.75,0.27,1]},"o":{"a":0,"k":100},"w":{"a":0,"k":4},"lc":2,"lj":1,"ml":10,"nm":"Stroke 1","mn":"ADBE Vector Graphic - Stroke"},{"ty":"tm","s":{"a":0,"k":0,"ix":1},"e":{"a":1,"k":[{"i":{"x":[0.539],"y":[0.999]},"o":{"x":[1],"y":[0.012]},"n":["0p539_0p999_1_0p012"],"t":9.009,"s":[0],"e":[99.345]},{"t":48.049048071509}],"ix":2},"o":{"a":0,"k":0,"ix":3},"m":1,"ix":3,"nm":"Trim Paths 2","mn":"ADBE Vector Filter - Trim"},{"ty":"tr","p":{"a":0,"k":[153.439,49.201],"ix":2},"a":{"a":0,"k":[0,0],"ix":1},"s":{"a":0,"k":[100,100],"ix":3},"r":{"a":0,"k":0,"ix":6},"o":{"a":0,"k":100,"ix":7},"sk":{"a":0,"k":0,"ix":4},"sa":{"a":0,"k":0,"ix":5},"nm":"Transform"}],"nm":"Group 15","np":3,"mn":"ADBE Vector Group"},{"ty":"gr","it":[{"ind":0,"ty":"sh","ks":{"a":0,"k":{"i":[[0,0],[15.429,-31.676]],"o":[[-37.504,0.414],[0,0]],"v":[[42.641,-27.01],[-42.641,27.01]],"c":false}},"nm":"Path 1","mn":"ADBE Vector Shape - Group"},{"ty":"st","c":{"a":0,"k":[0.55,0.75,0.27,1]},"o":{"a":0,"k":100},"w":{"a":0,"k":4},"lc":2,"lj":1,"ml":10,"nm":"Stroke 1","mn":"ADBE Vector Graphic - Stroke"},{"ty":"tm","s":{"a":0,"k":0,"ix":1},"e":{"a":1,"k":[{"i":{"x":[0.539],"y":[0.999]},"o":{"x":[1],"y":[0.012]},"n":["0p539_0p999_1_0p012"],"t":9.009,"s":[0],"e":[99.345]},{"t":48.049048071509}],"ix":2},"o":{"a":0,"k":0,"ix":3},"m":1,"ix":3,"nm":"Trim Paths 2","mn":"ADBE Vector Filter - Trim"},{"ty":"tr","p":{"a":0,"k":[54.281,29.01],"ix":2},"a":{"a":0,"k":[0,0],"ix":1},"s":{"a":0,"k":[100,100],"ix":3},"r":{"a":0,"k":0,"ix":6},"o":{"a":0,"k":100,"ix":7},"sk":{"a":0,"k":0,"ix":4},"sa":{"a":0,"k":0,"ix":5},"nm":"Transform"}],"nm":"Group 16","np":3,"mn":"ADBE Vector Group"},{"ty":"gr","it":[{"ind":0,"ty":"sh","ks":{"a":0,"k":{"i":[[0,0],[0,-9.41],[-3.179,-9.547]],"o":[[-2.523,8.59],[0,10.613],[0,0]],"v":[[1.424,-28.733],[-2.451,-1.639],[2.451,28.732]],"c":false}},"nm":"Path 1","mn":"ADBE Vector Shape - Group"},{"ty":"st","c":{"a":0,"k":[0.55,0.75,0.27,1]},"o":{"a":0,"k":100},"w":{"a":0,"k":4},"lc":2,"lj":1,"ml":10,"nm":"Stroke 1","mn":"ADBE Vector Graphic - Stroke"},{"ty":"tm","s":{"a":0,"k":0,"ix":1},"e":{"a":1,"k":[{"i":{"x":[0.539],"y":[0.999]},"o":{"x":[1],"y":[0.012]},"n":["0p539_0p999_1_0p012"],"t":9.009,"s":[0],"e":[99.345]},{"t":48.049048071509}],"ix":2},"o":{"a":0,"k":0,"ix":3},"m":1,"ix":3,"nm":"Trim Paths 2","mn":"ADBE Vector Filter - Trim"},{"ty":"tr","p":{"a":0,"k":[4.451,99.639],"ix":2},"a":{"a":0,"k":[0,0],"ix":1},"s":{"a":0,"k":[100,100],"ix":3},"r":{"a":0,"k":0,"ix":6},"o":{"a":0,"k":100,"ix":7},"sk":{"a":0,"k":0,"ix":4},"sa":{"a":0,"k":0,"ix":5},"nm":"Transform"}],"nm":"Group 17","np":3,"mn":"ADBE Vector Group"}],"ip":9.00900900900901,"op":79,"st":9.00900900900901,"bm":0,"sr":1}]}