{"v":"4.6.6","fr":24,"ip":0,"op":48,"w":500,"h":500,"nm":"Icon 6","ddd":0,"assets":[],"layers":[{"ddd":0,"ind":1,"ty":4,"nm":"matte","td":1,"ks":{"o":{"a":0,"k":100},"r":{"a":0,"k":0},"p":{"a":0,"k":[250,250,0]},"a":{"a":0,"k":[0,0,0]},"s":{"a":0,"k":[100,100,100]}},"ao":0,"shapes":[{"ty":"rc","d":1,"s":{"a":0,"k":[500,500]},"p":{"a":0,"k":[0,0]},"r":{"a":0,"k":0},"nm":"Rectangle Path 1","mn":"ADBE Vector Shape - Rect"},{"ty":"fl","c":{"a":0,"k":[0.3200615,0.5869402,0.6745098,1]},"o":{"a":0,"k":100},"r":1,"nm":"Fill 1","mn":"ADBE Vector Graphic - Fill"}],"ip":0,"op":49,"st":0,"bm":0,"sr":1},{"ddd":0,"ind":2,"ty":4,"nm":"Top Hair","parent":8,"tt":1,"ks":{"o":{"a":0,"k":100},"r":{"a":0,"k":0},"p":{"a":0,"k":[0,0,0]},"a":{"a":0,"k":[0,0,0]},"s":{"a":0,"k":[100,100,100]}},"ao":0,"shapes":[{"ty":"gr","it":[{"ind":0,"ty":"sh","ix":1,"ks":{"a":1,"k":[{"i":{"x":0.4,"y":1},"o":{"x":0.6,"y":0},"n":"0p4_1_0p6_0","t":-18,"s":[{"i":[[42,-18],[-42,-14],[-5.43,55.628],[-7.035,58.699],[-27.791,45.423],[-51.155,-16.827],[2,50],[122,4]],"o":[[-42,18],[42,14],[69.263,16.989],[59.453,14.344],[-4.894,70.637],[76.104,25.034],[-3.936,-98.41],[-122,-4]],"v":[[-262,-324],[-296.897,58.858],[-198.899,-4.212],[-87.793,-109.179],[49,-154],[142.098,5.578],[283,-34],[160,-396]],"c":true}],"e":[{"i":[[42,-18],[-42,-14],[-10,52],[-13,49],[-30,38],[-48.31,-23.794],[2,50],[122,4]],"o":[[-42,18],[42,14],[72,14],[64,9],[-12,64],[67,33],[-3.936,-98.41],[-122,-4]],"v":[[-262,-324],[-301,56],[-205,-7],[-93,-115],[49,-154],[130,3],[283,-34],[160,-396]],"c":true}]},{"i":{"x":0.4,"y":1},"o":{"x":0.6,"y":0},"n":"0p4_1_0p6_0","t":6,"s":[{"i":[[42,-18],[-42,-14],[-10,52],[-13,49],[-30,38],[-48.31,-23.794],[2,50],[122,4]],"o":[[-42,18],[42,14],[72,14],[64,9],[-12,64],[67,33],[-3.936,-98.41],[-122,-4]],"v":[[-262,-324],[-301,56],[-205,-7],[-93,-115],[49,-154],[130,3],[283,-34],[160,-396]],"c":true}],"e":[{"i":[[42,-18],[-42,-14],[-5.43,55.628],[-7.035,58.699],[-27.791,45.423],[-51.155,-16.827],[2,50],[122,4]],"o":[[-42,18],[42,14],[69.263,16.989],[59.453,14.344],[-4.894,70.637],[76.104,25.034],[-3.936,-98.41],[-122,-4]],"v":[[-262,-324],[-296.897,58.858],[-198.899,-4.212],[-87.793,-109.179],[49,-154],[142.098,5.578],[283,-34],[160,-396]],"c":true}]},{"i":{"x":0.4,"y":1},"o":{"x":0.6,"y":0},"n":"0p4_1_0p6_0","t":30,"s":[{"i":[[42,-18],[-42,-14],[-5.43,55.628],[-7.035,58.699],[-27.791,45.423],[-51.155,-16.827],[2,50],[122,4]],"o":[[-42,18],[42,14],[69.263,16.989],[59.453,14.344],[-4.894,70.637],[76.104,25.034],[-3.936,-98.41],[-122,-4]],"v":[[-262,-324],[-296.897,58.858],[-198.899,-4.212],[-87.793,-109.179],[49,-154],[142.098,5.578],[283,-34],[160,-396]],"c":true}],"e":[{"i":[[42,-18],[-42,-14],[-10,52],[-13,49],[-30,38],[-48.31,-23.794],[2,50],[122,4]],"o":[[-42,18],[42,14],[72,14],[64,9],[-12,64],[67,33],[-3.936,-98.41],[-122,-4]],"v":[[-262,-324],[-301,56],[-205,-7],[-93,-115],[49,-154],[130,3],[283,-34],[160,-396]],"c":true}]},{"t":54}]},"nm":"Path 1","mn":"ADBE Vector Shape - Group"},{"ty":"fl","c":{"a":0,"k":[0.2823529,0.2371374,0.1838062,1]},"o":{"a":0,"k":100},"r":1,"nm":"Fill 1","mn":"ADBE Vector Graphic - Fill"},{"ty":"tr","p":{"a":0,"k":[0,0],"ix":2},"a":{"a":0,"k":[0,0],"ix":1},"s":{"a":0,"k":[100,100],"ix":3},"r":{"a":0,"k":0,"ix":6},"o":{"a":0,"k":100,"ix":7},"sk":{"a":0,"k":0,"ix":4},"sa":{"a":0,"k":0,"ix":5},"nm":"Transform"}],"nm":"Top Hair","np":3,"cix":2,"ix":1,"mn":"ADBE Vector Group"}],"ip":0,"op":49,"st":0,"bm":0,"sr":1},{"ddd":0,"ind":3,"ty":4,"nm":"matte 2","td":1,"ks":{"o":{"a":0,"k":100},"r":{"a":0,"k":0},"p":{"a":0,"k":[250,250,0]},"a":{"a":0,"k":[0,0,0]},"s":{"a":0,"k":[100,100,100]}},"ao":0,"shapes":[{"ty":"rc","d":1,"s":{"a":0,"k":[500,500]},"p":{"a":0,"k":[0,0]},"r":{"a":0,"k":0},"nm":"Rectangle Path 1","mn":"ADBE Vector Shape - Rect"},{"ty":"fl","c":{"a":0,"k":[0.3200615,0.5869402,0.6745098,1]},"o":{"a":0,"k":100},"r":1,"nm":"Fill 1","mn":"ADBE Vector Graphic - Fill"}],"ip":0,"op":49,"st":0,"bm":0,"sr":1},{"ddd":0,"ind":4,"ty":4,"nm":"glasses","parent":8,"tt":1,"ks":{"o":{"a":0,"k":100},"r":{"a":0,"k":0},"p":{"a":0,"k":[0,0,0]},"a":{"a":0,"k":[0,0,0]},"s":{"a":0,"k":[100,100,100]}},"ao":0,"shapes":[{"ty":"gr","it":[{"ty":"rc","d":1,"s":{"a":0,"k":[66,96]},"p":{"a":0,"k":[0,0]},"r":{"a":0,"k":41},"nm":"Rectangle Path 1","mn":"ADBE Vector Shape - Rect"},{"ty":"fl","c":{"a":0,"k":[0.827451,0.6908233,0.6327567,1]},"o":{"a":0,"k":100},"r":1,"nm":"Fill 1","mn":"ADBE Vector Graphic - Fill"},{"ty":"tr","p":{"a":0,"k":[-238.582,62.335],"ix":2},"a":{"a":0,"k":[0,0],"ix":1},"s":{"a":0,"k":[100,100],"ix":3},"r":{"a":0,"k":4,"ix":6},"o":{"a":0,"k":100,"ix":7},"sk":{"a":0,"k":0,"ix":4},"sa":{"a":0,"k":0,"ix":5},"nm":"Transform"}],"nm":"ear","np":2,"cix":2,"ix":1,"mn":"ADBE Vector Group"},{"ty":"gr","it":[{"ty":"gr","it":[{"ty":"rc","d":1,"s":{"a":0,"k":[150,40]},"p":{"a":0,"k":[0,0]},"r":{"a":0,"k":20},"nm":"Rectangle Path 1","mn":"ADBE Vector Shape - Rect"},{"ty":"st","c":{"a":0,"k":[0.4823529,0.4823529,0.4823529,1]},"o":{"a":0,"k":100},"w":{"a":0,"k":7},"lc":1,"lj":1,"ml":4,"nm":"Stroke 1","mn":"ADBE Vector Graphic - Stroke"},{"ty":"fl","c":{"a":0,"k":[0.8064129,0.8742862,0.9058824,1]},"o":{"a":0,"k":100},"r":1,"nm":"Fill 1","mn":"ADBE Vector Graphic - Fill"},{"ty":"tr","p":{"a":0,"k":[-100,0],"ix":2},"a":{"a":0,"k":[0,0],"ix":1},"s":{"a":0,"k":[100,100],"ix":3},"r":{"a":0,"k":0,"ix":6},"o":{"a":0,"k":100,"ix":7},"sk":{"a":0,"k":0,"ix":4},"sa":{"a":0,"k":0,"ix":5},"nm":"Transform"}],"nm":"Rectangle 3","np":3,"cix":2,"ix":1,"mn":"ADBE Vector Group"},{"ty":"gr","it":[{"ty":"rc","d":1,"s":{"a":0,"k":[126,40]},"p":{"a":0,"k":[0,0]},"r":{"a":0,"k":20},"nm":"Rectangle Path 1","mn":"ADBE Vector Shape - Rect"},{"ty":"st","c":{"a":0,"k":[0.4823529,0.4823529,0.4823529,1]},"o":{"a":0,"k":100},"w":{"a":0,"k":7},"lc":1,"lj":1,"ml":4,"nm":"Stroke 1","mn":"ADBE Vector Graphic - Stroke"},{"ty":"fl","c":{"a":0,"k":[0.8064129,0.8742862,0.9058824,1]},"o":{"a":0,"k":100},"r":1,"nm":"Fill 1","mn":"ADBE Vector Graphic - Fill"},{"ty":"tr","p":{"a":0,"k":[84,0],"ix":2},"a":{"a":0,"k":[0,0],"ix":1},"s":{"a":0,"k":[100,100],"ix":3},"r":{"a":0,"k":0,"ix":6},"o":{"a":0,"k":100,"ix":7},"sk":{"a":0,"k":0,"ix":4},"sa":{"a":0,"k":0,"ix":5},"nm":"Transform"}],"nm":"Rectangle 2","np":3,"cix":2,"ix":2,"mn":"ADBE Vector Group"},{"ty":"gr","it":[{"ind":0,"ty":"sh","ix":1,"ks":{"a":0,"k":{"i":[[-14.582,13.915],[-11.442,-15.102]],"o":[[10.423,-9.946],[7.621,10.059]],"v":[[-26.815,39.89],[24.258,42.442]],"c":false}},"nm":"Path 1","mn":"ADBE Vector Shape - Group"},{"ty":"st","c":{"a":0,"k":[0.4823529,0.4823529,0.4823529,1]},"o":{"a":0,"k":100},"w":{"a":0,"k":7},"lc":1,"lj":1,"ml":4,"nm":"Stroke 1","mn":"ADBE Vector Graphic - Stroke"},{"ty":"tr","p":{"a":0,"k":[0,-34],"ix":2},"a":{"a":0,"k":[0,0],"ix":1},"s":{"a":0,"k":[100,100],"ix":3},"r":{"a":0,"k":0,"ix":6},"o":{"a":0,"k":100,"ix":7},"sk":{"a":0,"k":0,"ix":4},"sa":{"a":0,"k":0,"ix":5},"nm":"Transform"}],"nm":"Shape 1","np":3,"cix":2,"ix":3,"mn":"ADBE Vector Group"},{"ty":"gr","it":[{"ind":0,"ty":"sh","ix":1,"ks":{"a":0,"k":{"i":[[-0.044,-0.498],[34.762,-42.495]],"o":[[-59.09,-26.645],[-36.626,44.775]],"v":[[-175.275,0.931],[-286.744,-41.632]],"c":false}},"nm":"Path 1","mn":"ADBE Vector Shape - Group"},{"ty":"st","c":{"a":0,"k":[0.4823529,0.4823529,0.4823529,1]},"o":{"a":0,"k":100},"w":{"a":0,"k":7},"lc":2,"lj":1,"ml":4,"nm":"Stroke 1","mn":"ADBE Vector Graphic - Stroke"},{"ty":"tr","p":{"a":0,"k":[0,0],"ix":2},"a":{"a":0,"k":[0,0],"ix":1},"s":{"a":0,"k":[100,100],"ix":3},"r":{"a":0,"k":0,"ix":6},"o":{"a":0,"k":100,"ix":7},"sk":{"a":0,"k":0,"ix":4},"sa":{"a":0,"k":0,"ix":5},"nm":"Transform"}],"nm":"Shape 2","np":3,"cix":2,"ix":4,"mn":"ADBE Vector Group"},{"ty":"tr","p":{"a":0,"k":[28,81],"ix":2},"a":{"a":0,"k":[0,0],"ix":1},"s":{"a":0,"k":[100,100],"ix":3},"r":{"a":0,"k":4,"ix":6},"o":{"a":0,"k":100,"ix":7},"sk":{"a":0,"k":0,"ix":4},"sa":{"a":0,"k":0,"ix":5},"nm":"Transform"}],"nm":"Glasses","np":4,"cix":2,"ix":2,"mn":"ADBE Vector Group"}],"ip":0,"op":49,"st":0,"bm":0,"sr":1},{"ddd":0,"ind":5,"ty":4,"nm":"face matte","parent":8,"td":1,"ks":{"o":{"a":0,"k":100},"r":{"a":0,"k":0},"p":{"a":0,"k":[0,0,0]},"a":{"a":0,"k":[0,0,0]},"s":{"a":0,"k":[100,100,100]}},"ao":0,"shapes":[{"ty":"gr","it":[{"ty":"gr","it":[{"ty":"rc","d":1,"s":{"a":0,"k":[408.472,566]},"p":{"a":0,"k":[0,0]},"r":{"a":0,"k":265},"nm":"Rectangle Path 1","mn":"ADBE Vector Shape - Rect"},{"ty":"fl","c":{"a":0,"k":[0.9176471,0.7764706,0.7176471,1]},"o":{"a":0,"k":100},"r":1,"nm":"Fill 1","mn":"ADBE Vector Graphic - Fill"},{"ty":"tr","p":{"a":0,"k":[0,0],"ix":2},"a":{"a":0,"k":[0,0],"ix":1},"s":{"a":0,"k":[100,100],"ix":3},"r":{"a":0,"k":0,"ix":6},"o":{"a":0,"k":100,"ix":7},"sk":{"a":0,"k":0,"ix":4},"sa":{"a":0,"k":0,"ix":5},"nm":"Transform"}],"nm":"Face","np":2,"cix":2,"ix":1,"mn":"ADBE Vector Group"},{"ty":"tr","p":{"a":0,"k":[-36,13],"ix":2},"a":{"a":0,"k":[0,0],"ix":1},"s":{"a":0,"k":[100,100],"ix":3},"r":{"a":0,"k":6,"ix":6},"o":{"a":0,"k":100,"ix":7},"sk":{"a":0,"k":0,"ix":4},"sa":{"a":0,"k":0,"ix":5},"nm":"Transform"}],"nm":"Face 1","np":1,"cix":2,"ix":1,"mn":"ADBE Vector Group"}],"ip":0,"op":49,"st":0,"bm":0,"sr":1},{"ddd":0,"ind":6,"ty":4,"nm":"L Eye","parent":8,"tt":1,"ks":{"o":{"a":0,"k":100},"r":{"a":0,"k":0},"p":{"a":0,"k":[0,0,0]},"a":{"a":0,"k":[0,0,0]},"s":{"a":0,"k":[100,100,100]}},"ao":0,"shapes":[{"ty":"gr","it":[{"ty":"gr","it":[{"ty":"rc","d":1,"s":{"a":0,"k":[130.217,20]},"p":{"a":1,"k":[{"i":{"x":0.833,"y":1},"o":{"x":0.6,"y":0},"n":"0p833_1_0p6_0","t":-26,"s":[210,-55],"e":[210,-62],"to":[0,-1.16666662693024],"ti":[0,0]},{"i":{"x":0.4,"y":1},"o":{"x":0.6,"y":0},"n":"0p4_1_0p6_0","t":-2,"s":[210,-62],"e":[210,-55],"to":[0,0],"ti":[0,0]},{"i":{"x":0.4,"y":1},"o":{"x":0.6,"y":0},"n":"0p4_1_0p6_0","t":22,"s":[210,-55],"e":[210,-62],"to":[0,0],"ti":[0,0]},{"i":{"x":0.4,"y":1},"o":{"x":0.167,"y":0},"n":"0p4_1_0p167_0","t":46,"s":[210,-62],"e":[210,-55],"to":[0,0],"ti":[0,-1.16666662693024]},{"t":70}]},"r":{"a":0,"k":20},"nm":"Rectangle Path 2","mn":"ADBE Vector Shape - Rect"},{"ty":"fl","c":{"a":0,"k":[0.827451,0.7129249,0.6652057,1]},"o":{"a":0,"k":100},"r":1,"nm":"Fill 1","mn":"ADBE Vector Graphic - Fill"},{"ty":"tr","p":{"a":0,"k":[-41.497,18.941],"ix":2},"a":{"a":0,"k":[0,0],"ix":1},"s":{"a":0,"k":[100,100],"ix":3},"r":{"a":0,"k":-2,"ix":6},"o":{"a":0,"k":100,"ix":7},"sk":{"a":0,"k":0,"ix":4},"sa":{"a":0,"k":0,"ix":5},"nm":"Transform"}],"nm":"L Eyebrow","np":2,"cix":2,"ix":1,"mn":"ADBE Vector Group"},{"ty":"gr","it":[{"ty":"rc","d":1,"s":{"a":0,"k":[130.217,71.782]},"p":{"a":0,"k":[210,0]},"r":{"a":0,"k":20},"nm":"Rectangle Path 2","mn":"ADBE Vector Shape - Rect"},{"ty":"fl","c":{"a":0,"k":[0.8745098,0.7176471,0.6509804,1]},"o":{"a":0,"k":100},"r":1,"nm":"Fill 1","mn":"ADBE Vector Graphic - Fill"},{"ty":"tm","s":{"a":0,"k":0,"ix":1},"e":{"a":1,"k":[{"i":{"x":[0.4],"y":[1]},"o":{"x":[0.6],"y":[0]},"n":["0p4_1_0p6_0"],"t":-6,"s":[40],"e":[45]},{"i":{"x":[0.4],"y":[1]},"o":{"x":[0.6],"y":[0]},"n":["0p4_1_0p6_0"],"t":18,"s":[45],"e":[40]},{"i":{"x":[0.4],"y":[1]},"o":{"x":[0.6],"y":[0]},"n":["0p4_1_0p6_0"],"t":42,"s":[40],"e":[45]},{"t":66}],"ix":2},"o":{"a":1,"k":[{"i":{"x":[0.667],"y":[1]},"o":{"x":[0.333],"y":[0]},"n":["0p667_1_0p333_0"],"t":-6,"s":[214],"e":[204]},{"i":{"x":[0.667],"y":[1]},"o":{"x":[0.333],"y":[0]},"n":["0p667_1_0p333_0"],"t":18,"s":[204],"e":[214]},{"i":{"x":[0.667],"y":[1]},"o":{"x":[0.167],"y":[0]},"n":["0p667_1_0p167_0"],"t":42,"s":[214],"e":[204]},{"t":66}],"ix":3},"m":1,"ix":3,"nm":"Trim Paths 1","mn":"ADBE Vector Filter - Trim"},{"ty":"tr","p":{"a":0,"k":[-41.497,18.941],"ix":2},"a":{"a":0,"k":[0,0],"ix":1},"s":{"a":0,"k":[100,100],"ix":3},"r":{"a":0,"k":-2,"ix":6},"o":{"a":0,"k":100,"ix":7},"sk":{"a":0,"k":0,"ix":4},"sa":{"a":0,"k":0,"ix":5},"nm":"Transform"}],"nm":"L Eye 2","np":3,"cix":2,"ix":2,"mn":"ADBE Vector Group"},{"ty":"gr","it":[{"ty":"rc","d":1,"s":{"a":0,"k":[40,40]},"p":{"a":0,"k":[210,0]},"r":{"a":0,"k":123},"nm":"Rectangle Path 2","mn":"ADBE Vector Shape - Rect"},{"ty":"fl","c":{"a":0,"k":[0.3604152,0.7187787,0.7411765,1]},"o":{"a":0,"k":100},"r":1,"nm":"Fill 1","mn":"ADBE Vector Graphic - Fill"},{"ty":"tr","p":{"a":0,"k":[-41.497,18.941],"ix":2},"a":{"a":0,"k":[0,0],"ix":1},"s":{"a":0,"k":[100,100],"ix":3},"r":{"a":0,"k":-2,"ix":6},"o":{"a":0,"k":100,"ix":7},"sk":{"a":0,"k":0,"ix":4},"sa":{"a":0,"k":0,"ix":5},"nm":"Transform"}],"nm":"L Eye 3","np":2,"cix":2,"ix":3,"mn":"ADBE Vector Group"},{"ty":"gr","it":[{"ty":"rc","d":1,"s":{"a":0,"k":[130.217,71.782]},"p":{"a":0,"k":[210,0]},"r":{"a":0,"k":20},"nm":"Rectangle Path 2","mn":"ADBE Vector Shape - Rect"},{"ty":"fl","c":{"a":0,"k":[0.9490196,0.9838062,1,1]},"o":{"a":0,"k":100},"r":1,"nm":"Fill 1","mn":"ADBE Vector Graphic - Fill"},{"ty":"tr","p":{"a":0,"k":[-41.497,18.941],"ix":2},"a":{"a":0,"k":[0,0],"ix":1},"s":{"a":0,"k":[100,100],"ix":3},"r":{"a":0,"k":-2,"ix":6},"o":{"a":0,"k":100,"ix":7},"sk":{"a":0,"k":0,"ix":4},"sa":{"a":0,"k":0,"ix":5},"nm":"Transform"}],"nm":"L Eye","np":2,"cix":2,"ix":4,"mn":"ADBE Vector Group"},{"ty":"tr","p":{"a":0,"k":[-36,13],"ix":2},"a":{"a":0,"k":[0,0],"ix":1},"s":{"a":0,"k":[100,100],"ix":3},"r":{"a":0,"k":6,"ix":6},"o":{"a":0,"k":100,"ix":7},"sk":{"a":0,"k":0,"ix":4},"sa":{"a":0,"k":0,"ix":5},"nm":"Transform"}],"nm":"Face 1","np":4,"cix":2,"ix":1,"mn":"ADBE Vector Group"}],"ip":0,"op":49,"st":0,"bm":0,"sr":1},{"ddd":0,"ind":7,"ty":4,"nm":"matte","td":1,"ks":{"o":{"a":0,"k":100},"r":{"a":0,"k":0},"p":{"a":0,"k":[250,250,0]},"a":{"a":0,"k":[0,0,0]},"s":{"a":0,"k":[100,100,100]}},"ao":0,"shapes":[{"ty":"rc","d":1,"s":{"a":0,"k":[500,500]},"p":{"a":0,"k":[0,0]},"r":{"a":0,"k":0},"nm":"Rectangle Path 1","mn":"ADBE Vector Shape - Rect"},{"ty":"fl","c":{"a":0,"k":[0.3200615,0.5869402,0.6745098,1]},"o":{"a":0,"k":100},"r":1,"nm":"Fill 1","mn":"ADBE Vector Graphic - Fill"}],"ip":0,"op":49,"st":0,"bm":0,"sr":1},{"ddd":0,"ind":8,"ty":4,"nm":"Face","tt":1,"ks":{"o":{"a":0,"k":100},"r":{"a":1,"k":[{"i":{"x":[0.3],"y":[1]},"o":{"x":[0.5],"y":[0]},"n":["0p3_1_0p5_0"],"t":0,"s":[0],"e":[3]},{"i":{"x":[0.5],"y":[1]},"o":{"x":[0.7],"y":[0]},"n":["0p5_1_0p7_0"],"t":24,"s":[3],"e":[0]},{"t":48}]},"p":{"a":0,"k":[204,508,0]},"a":{"a":0,"k":[-46,258,0]},"s":{"a":0,"k":[100,100,100]}},"ao":0,"shapes":[{"ty":"gr","it":[{"ty":"rc","d":1,"s":{"a":0,"k":[166,14]},"p":{"a":0,"k":[0,0]},"r":{"a":0,"k":91},"nm":"Rectangle Path 1","mn":"ADBE Vector Shape - Rect"},{"ty":"fl","c":{"a":0,"k":[0.7372549,0.5764706,0.5490196,1]},"o":{"a":0,"k":100},"r":1,"nm":"Fill 1","mn":"ADBE Vector Graphic - Fill"},{"ty":"rc","d":1,"s":{"a":0,"k":[102,14]},"p":{"a":0,"k":[0,13]},"r":{"a":0,"k":91},"nm":"Rectangle Path 2","mn":"ADBE Vector Shape - Rect"},{"ty":"fl","c":{"a":0,"k":[0.8,0.6552941,0.6305882,1]},"o":{"a":0,"k":100},"r":1,"nm":"Fill 2","mn":"ADBE Vector Graphic - Fill"},{"ty":"tr","p":{"a":0,"k":[11,174],"ix":2},"a":{"a":0,"k":[0,0],"ix":1},"s":{"a":0,"k":[100,100],"ix":3},"r":{"a":0,"k":4,"ix":6},"o":{"a":0,"k":100,"ix":7},"sk":{"a":0,"k":0,"ix":4},"sa":{"a":0,"k":0,"ix":5},"nm":"Transform"}],"nm":"Mouth","np":4,"cix":2,"ix":1,"mn":"ADBE Vector Group"},{"ty":"gr","it":[{"ty":"gr","it":[{"ty":"rc","d":1,"s":{"a":0,"k":[130.217,20]},"p":{"a":1,"k":[{"i":{"x":0.833,"y":1},"o":{"x":0.6,"y":0},"n":"0p833_1_0p6_0","t":-26,"s":[0,-55],"e":[0,-62],"to":[0,-1.16666662693024],"ti":[0,0]},{"i":{"x":0.4,"y":1},"o":{"x":0.6,"y":0},"n":"0p4_1_0p6_0","t":-2,"s":[0,-62],"e":[0,-55],"to":[0,0],"ti":[0,0]},{"i":{"x":0.4,"y":1},"o":{"x":0.6,"y":0},"n":"0p4_1_0p6_0","t":22,"s":[0,-55],"e":[0,-62],"to":[0,0],"ti":[0,0]},{"i":{"x":0.4,"y":1},"o":{"x":0.167,"y":0},"n":"0p4_1_0p167_0","t":46,"s":[0,-62],"e":[0,-55],"to":[0,0],"ti":[0,-1.16666662693024]},{"t":70}]},"r":{"a":0,"k":20},"nm":"Rectangle Path 2","mn":"ADBE Vector Shape - Rect"},{"ty":"fl","c":{"a":0,"k":[0.827451,0.7137255,0.6666667,1]},"o":{"a":0,"k":100},"r":1,"nm":"Fill 2","mn":"ADBE Vector Graphic - Fill"},{"ty":"tr","p":{"a":0,"k":[-41.497,18.941],"ix":2},"a":{"a":0,"k":[0,0],"ix":1},"s":{"a":0,"k":[100,100],"ix":3},"r":{"a":0,"k":-2,"ix":6},"o":{"a":0,"k":100,"ix":7},"sk":{"a":0,"k":0,"ix":4},"sa":{"a":0,"k":0,"ix":5},"nm":"Transform"}],"nm":"R Eyebrow","np":2,"cix":2,"ix":1,"mn":"ADBE Vector Group"},{"ty":"gr","it":[{"ty":"rc","d":1,"s":{"a":0,"k":[130.217,71.782]},"p":{"a":0,"k":[0,0]},"r":{"a":0,"k":20},"nm":"Rectangle Path 2","mn":"ADBE Vector Shape - Rect"},{"ty":"tm","s":{"a":0,"k":0,"ix":1},"e":{"a":1,"k":[{"i":{"x":[0.4],"y":[1]},"o":{"x":[0.6],"y":[0]},"n":["0p4_1_0p6_0"],"t":-6,"s":[40],"e":[45]},{"i":{"x":[0.4],"y":[1]},"o":{"x":[0.6],"y":[0]},"n":["0p4_1_0p6_0"],"t":18,"s":[45],"e":[40]},{"i":{"x":[0.4],"y":[1]},"o":{"x":[0.6],"y":[0]},"n":["0p4_1_0p6_0"],"t":42,"s":[40],"e":[45]},{"t":66}],"ix":2},"o":{"a":1,"k":[{"i":{"x":[0.667],"y":[1]},"o":{"x":[0.333],"y":[0]},"n":["0p667_1_0p333_0"],"t":-6,"s":[214],"e":[204]},{"i":{"x":[0.667],"y":[1]},"o":{"x":[0.333],"y":[0]},"n":["0p667_1_0p333_0"],"t":18,"s":[204],"e":[214]},{"i":{"x":[0.667],"y":[1]},"o":{"x":[0.167],"y":[0]},"n":["0p667_1_0p167_0"],"t":42,"s":[214],"e":[204]},{"t":66}],"ix":3},"m":1,"ix":2,"nm":"Trim Paths 1","mn":"ADBE Vector Filter - Trim"},{"ty":"fl","c":{"a":0,"k":[0.8745098,0.7171586,0.6515955,1]},"o":{"a":0,"k":100},"r":1,"nm":"Fill 2","mn":"ADBE Vector Graphic - Fill"},{"ty":"tr","p":{"a":0,"k":[-41.497,18.941],"ix":2},"a":{"a":0,"k":[0,0],"ix":1},"s":{"a":0,"k":[100,100],"ix":3},"r":{"a":0,"k":-2,"ix":6},"o":{"a":0,"k":100,"ix":7},"sk":{"a":0,"k":0,"ix":4},"sa":{"a":0,"k":0,"ix":5},"nm":"Transform"}],"nm":"R Eye 2","np":3,"cix":2,"ix":2,"mn":"ADBE Vector Group"},{"ty":"gr","it":[{"ty":"rc","d":1,"s":{"a":0,"k":[40,40]},"p":{"a":0,"k":[20,0]},"r":{"a":0,"k":87},"nm":"Rectangle Path 2","mn":"ADBE Vector Shape - Rect"},{"ty":"fl","c":{"a":0,"k":[0.3607843,0.7176471,0.7411765,1]},"o":{"a":0,"k":100},"r":1,"nm":"Fill 2","mn":"ADBE Vector Graphic - Fill"},{"ty":"tr","p":{"a":0,"k":[-41.497,18.941],"ix":2},"a":{"a":0,"k":[0,0],"ix":1},"s":{"a":0,"k":[100,100],"ix":3},"r":{"a":0,"k":-2,"ix":6},"o":{"a":0,"k":100,"ix":7},"sk":{"a":0,"k":0,"ix":4},"sa":{"a":0,"k":0,"ix":5},"nm":"Transform"}],"nm":"R Eye 3","np":2,"cix":2,"ix":3,"mn":"ADBE Vector Group"},{"ty":"gr","it":[{"ty":"rc","d":1,"s":{"a":0,"k":[130.217,71.782]},"p":{"a":0,"k":[0,0]},"r":{"a":0,"k":20},"nm":"Rectangle Path 2","mn":"ADBE Vector Shape - Rect"},{"ty":"fl","c":{"a":0,"k":[0.9490196,0.9838062,1,1]},"o":{"a":0,"k":100},"r":1,"nm":"Fill 2","mn":"ADBE Vector Graphic - Fill"},{"ty":"tr","p":{"a":0,"k":[-41.497,18.941],"ix":2},"a":{"a":0,"k":[0,0],"ix":1},"s":{"a":0,"k":[100,100],"ix":3},"r":{"a":0,"k":-2,"ix":6},"o":{"a":0,"k":100,"ix":7},"sk":{"a":0,"k":0,"ix":4},"sa":{"a":0,"k":0,"ix":5},"nm":"Transform"}],"nm":"R Eye","np":2,"cix":2,"ix":4,"mn":"ADBE Vector Group"},{"ty":"gr","it":[{"ind":0,"ty":"sh","ix":1,"ks":{"a":0,"k":{"i":[[0,0],[0,0]],"o":[[0,0],[0,0]],"v":[[67.105,-12.081],[69.782,104.277]],"c":false}},"nm":"Path 1","mn":"ADBE Vector Shape - Group"},{"ty":"st","c":{"a":0,"k":[0.7372549,0.5758582,0.5493272,1]},"o":{"a":0,"k":100},"w":{"a":0,"k":44},"lc":2,"lj":2,"nm":"Stroke 1","mn":"ADBE Vector Graphic - Stroke"},{"ty":"tr","p":{"a":0,"k":[0,0],"ix":2},"a":{"a":0,"k":[0,0],"ix":1},"s":{"a":0,"k":[100,100],"ix":3},"r":{"a":0,"k":0,"ix":6},"o":{"a":0,"k":100,"ix":7},"sk":{"a":0,"k":0,"ix":4},"sa":{"a":0,"k":0,"ix":5},"nm":"Transform"}],"nm":"Nose","np":2,"cix":2,"ix":5,"mn":"ADBE Vector Group"},{"ty":"gr","it":[{"ty":"rc","d":1,"s":{"a":0,"k":[408.472,566]},"p":{"a":0,"k":[0,0]},"r":{"a":0,"k":265},"nm":"Rectangle Path 1","mn":"ADBE Vector Shape - Rect"},{"ty":"fl","c":{"a":0,"k":[0.9176471,0.7764706,0.7176471,1]},"o":{"a":0,"k":100},"r":1,"nm":"Fill 1","mn":"ADBE Vector Graphic - Fill"},{"ty":"tr","p":{"a":0,"k":[0,0],"ix":2},"a":{"a":0,"k":[0,0],"ix":1},"s":{"a":0,"k":[100,100],"ix":3},"r":{"a":0,"k":0,"ix":6},"o":{"a":0,"k":100,"ix":7},"sk":{"a":0,"k":0,"ix":4},"sa":{"a":0,"k":0,"ix":5},"nm":"Transform"}],"nm":"Face","np":2,"cix":2,"ix":6,"mn":"ADBE Vector Group"},{"ty":"tr","p":{"a":0,"k":[-36,13],"ix":2},"a":{"a":0,"k":[0,0],"ix":1},"s":{"a":0,"k":[100,100],"ix":3},"r":{"a":0,"k":6,"ix":6},"o":{"a":0,"k":100,"ix":7},"sk":{"a":0,"k":0,"ix":4},"sa":{"a":0,"k":0,"ix":5},"nm":"Transform"}],"nm":"Face 1","np":6,"cix":2,"ix":2,"mn":"ADBE Vector Group"},{"ty":"gr","it":[{"ind":0,"ty":"sh","ix":1,"ks":{"a":0,"k":{"i":[[42,-18],[-14,-66],[-42,-14],[22.728,-29.042],[-42,30],[-66.259,-31.902],[8,26],[22,96],[44,62],[122,4]],"o":[[-42,18],[14,66],[42,14],[-18,23],[42,-30],[54,26],[53,-2],[-22,-96],[-44,-62],[-122,-4]],"v":[[-166,-400],[-376,-256],[-356,-16],[-290,124],[-214,186],[88,235],[185,169],[311,44],[336,-208],[160,-396]],"c":true}},"nm":"Path 1","mn":"ADBE Vector Shape - Group"},{"ty":"fl","c":{"a":0,"k":[0.227451,0.1897996,0.1453902,1]},"o":{"a":0,"k":100},"r":1,"nm":"Fill 1","mn":"ADBE Vector Graphic - Fill"},{"ty":"tr","p":{"a":0,"k":[0,0],"ix":2},"a":{"a":0,"k":[0,0],"ix":1},"s":{"a":0,"k":[100,100],"ix":3},"r":{"a":0,"k":0,"ix":6},"o":{"a":0,"k":100,"ix":7},"sk":{"a":0,"k":0,"ix":4},"sa":{"a":0,"k":0,"ix":5},"nm":"Transform"}],"nm":"Back Hair","np":3,"cix":2,"ix":3,"mn":"ADBE Vector Group"}],"ip":0,"op":49,"st":0,"bm":0,"sr":1},{"ddd":0,"ind":9,"ty":4,"nm":"square","ks":{"o":{"a":0,"k":100},"r":{"a":0,"k":0},"p":{"a":0,"k":[250,250,0]},"a":{"a":0,"k":[0,0,0]},"s":{"a":0,"k":[100,100,100]}},"ao":0,"shapes":[{"ty":"rc","d":1,"s":{"a":0,"k":[500,500]},"p":{"a":0,"k":[0,0]},"r":{"a":0,"k":0},"nm":"Rectangle Path 1","mn":"ADBE Vector Shape - Rect"},{"ty":"fl","c":{"a":0,"k":[0.3200615,0.5869402,0.6745098,1]},"o":{"a":0,"k":100},"r":1,"nm":"Fill 1","mn":"ADBE Vector Graphic - Fill"}],"ip":0,"op":49,"st":0,"bm":0,"sr":1},{"ddd":0,"ind":10,"ty":4,"nm":"Shape Layer 1","ks":{"o":{"a":0,"k":100},"r":{"a":0,"k":0},"p":{"a":0,"k":[250,250,0]},"a":{"a":0,"k":[0,0,0]},"s":{"a":0,"k":[100,100,100]}},"ao":0,"shapes":[{"ty":"rc","d":1,"s":{"a":0,"k":[1000,1000]},"p":{"a":0,"k":[0,0]},"r":{"a":0,"k":0},"nm":"Rectangle Path 1","mn":"ADBE Vector Shape - Rect"},{"ty":"fl","c":{"a":0,"k":[0.8235294,0.9564013,1,1]},"o":{"a":0,"k":100},"r":1,"nm":"Fill 1","mn":"ADBE Vector Graphic - Fill"}],"ip":0,"op":49,"st":0,"bm":0,"sr":1}]}